{
  "type": "isotonic",
  "x_knots": [
    0.009816,
    0.014884,
    0.014889,
    0.020889,
    0.020895,
    0.023066,
    0.023067,
    0.024995,
    0.024997,
    0.027136,
    0.027137,
    0.029693,
    0.029694,
    0.03,
    0.030001,
    0.034902,
    0.034903,
    0.036883,
    0.036884,
    0.037075,
    0.037076,
    0.037347,
    0.037351,
    0.039376,
    0.03938,
    0.040085,
    0.040086,
    0.040956,
    0.040957,
    0.041069,
    0.041071,
    0.044808,
    0.04481,
    0.047891,
    0.047892,
    0.048549,
    0.048553,
    0.052861,
    0.052863,
    0.053036,
    0.053039,
    0.056202,
    0.056205,
    0.05705,
    0.057051,
    0.060549,
    0.060552,
    0.064098,
    0.064099,
    0.065164,
    0.065165,
    0.071625,
    0.071626,
    0.077195,
    0.07721,
    0.078103,
    0.078108,
    0.084041,
    0.084047,
    0.08987,
    0.089876,
    0.092449,
    0.092451,
    0.092489,
    0.092496,
    0.097442,
    0.097445,
    0.117863,
    0.117866,
    0.119467,
    0.119472,
    0.1306,
    0.130602,
    0.130866,
    0.130894,
    0.13691,
    0.136916,
    0.141161,
    0.141165,
    0.146129,
    0.146147,
    0.161612,
    0.161625,
    0.163708,
    0.163729,
    0.18881,
    0.188816,
    0.190218,
    0.190245,
    0.19027,
    0.190276,
    0.20175,
    0.201843,
    0.202144,
    0.202164,
    0.2083,
    0.208314,
    0.232976,
    0.233026,
    0.237147,
    0.237151,
    0.257165,
    0.257251,
    0.274289,
    0.274492,
    0.298931,
    0.299343,
    0.29982,
    0.299941,
    0.327036,
    0.327951,
    0.351017,
    0.351982,
    0.410043,
    0.410619,
    0.450942,
    0.451416,
    0.507444
  ],
  "y_knots": [
    0.0,
    0.0,
    0.0011806375442739079,
    0.0011806375442739079,
    0.003125,
    0.003125,
    0.0036576444769568397,
    0.0036576444769568397,
    0.0074243289548829245,
    0.0074243289548829245,
    0.00872093023255814,
    0.00872093023255814,
    0.01060070671378092,
    0.01060070671378092,
    0.014531634249944109,
    0.014531634249944109,
    0.018822100789313904,
    0.018822100789313904,
    0.019736842105263157,
    0.019736842105263157,
    0.021739130434782608,
    0.021739130434782608,
    0.021850899742930592,
    0.021850899742930592,
    0.023032629558541268,
    0.023032629558541268,
    0.024,
    0.024,
    0.024096385542168676,
    0.024096385542168676,
    0.027138157894736843,
    0.027138157894736843,
    0.030995106035889067,
    0.030995106035889067,
    0.034574468085106384,
    0.034574468085106384,
    0.03718637992831541,
    0.03718637992831541,
    0.043010752688172046,
    0.043010752688172046,
    0.04666666666666667,
    0.04666666666666667,
    0.05142857142857143,
    0.05142857142857143,
    0.05197505197505198,
    0.05197505197505198,
    0.05759539236861051,
    0.05759539236861051,
    0.05785123966942149,
    0.05785123966942149,
    0.0597775718257646,
    0.0597775718257646,
    0.07160647571606475,
    0.07160647571606475,
    0.0782608695652174,
    0.0782608695652174,
    0.08396421197522368,
    0.08396421197522368,
    0.08851674641148327,
    0.08851674641148327,
    0.09979633401221996,
    0.09979633401221996,
    0.1,
    0.1,
    0.1086021505376344,
    0.1086021505376344,
    0.11047619047619048,
    0.11047619047619048,
    0.14358974358974358,
    0.14358974358974358,
    0.1467817896389325,
    0.1467817896389325,
    0.16666666666666666,
    0.16666666666666666,
    0.17153284671532848,
    0.17153284671532848,
    0.1897018970189702,
    0.1897018970189702,
    0.19221967963386727,
    0.19221967963386727,
    0.20705244122965638,
    0.20705244122965638,
    0.22807017543859648,
    0.22807017543859648,
    0.23229912490055687,
    0.23229912490055687,
    0.23880597014925373,
    0.23880597014925373,
    0.25,
    0.25,
    0.2564102564102564,
    0.2564102564102564,
    0.2631578947368421,
    0.2631578947368421,
    0.2849162011173184,
    0.2849162011173184,
    0.29116117850953205,
    0.29116117850953205,
    0.34615384615384615,
    0.34615384615384615,
    0.34951456310679613,
    0.34951456310679613,
    0.3697916666666667,
    0.3697916666666667,
    0.3870967741935484,
    0.3870967741935484,
    0.4,
    0.4,
    0.41228070175438597,
    0.41228070175438597,
    0.43103448275862066,
    0.43103448275862066,
    0.543859649122807,
    0.543859649122807,
    0.6666666666666666,
    0.6666666666666666,
    0.8571428571428571,
    0.8571428571428571
  ],
  "source_count": 47884,
  "brier_score": 0.06116,
  "log_loss": 0.224103,
  "trained_from": "20250101",
  "trained_to": "20251231",
  "generated_at": "2026-07-03T08:21:48",
  "rule_version": "p26-lgbm-v6-calibfit-2025_isotonic",
  "expected_rules_version": "p26-lgbm-v6-2026-07-03",
  "calibrator_type": "isotonic",
  "source_records_meta": {
    "calibrator_type": "isotonic",
    "calibrator_rule_version": "p21_records_2025_isotonic",
    "calibrator_generated_at": "2026-06-13T03:46:40",
    "calibrator_trained_from": "20250101",
    "calibrator_trained_to": "20251231",
    "calibrator_source_count": 48058,
    "lgbm_rule_version": "lgbm-v6-rel-draw-clean-tuned-fixed",
    "lgbm_generated_at": "2026-07-02T22:29:57",
    "lgbm_trained_from": "20210101",
    "lgbm_trained_to": "20231231",
    "lgbm_val_brier": 0.06149391708091079,
    "git_sha": "17fd8ab8ba31921d20a88fd9e052898468bf3646",
    "git_dirty": true,
    "git_status_short": [
      "?? data/backtest/20260703_053033_tan_p26-lgbm-v6-calibfit-2025-filtered.json",
      "?? predictor/_v5_backup/"
    ],
    "env_overrides": {}
  }
}