tree
version=v4
num_class=1
num_tree_per_iteration=1
label_index=0
max_feature_idx=29
objective=binary sigmoid:1
feature_names=h_starts h_wins h_winrate h_top3rate h_last_finish h_days_since h_best_finish h_recent3_avg_finish hd_starts hd_winrate ht_starts ht_winrate j_rides j_winrate t_runs t_winrate s_winrate age sex burden waku starters dist surface cond weather grade w_abs w_delta blinker
feature_infos=[0:39] [0:8] [0.020408163265306121:0.39130434782608697] [0.066666666666666666:0.64000000000000001] [1:18] [5:1002] [1:18] [1:18] [0:30] [0.024390243902439025:0.39130434782608697] [0:19] [0.032258064516129031:0.33333333333333331] [0:2588] [0.0043668122270742356:0.28912466843501328] [0:1530] [0.008771929824561403:0.20689655172413793] [0.0070422535211267607:0.21276595744680851] [2:12] [1:3] [480:640] [1:8] [5:18] [1000:4250] [1:5] [0:4] [1:6] [0:3] [336:630] [-46:999] [0:1]
tree_sizes=6959 6966 6961 6888 6946 6945 6948 6935 6948 6935 6919 6960 6935 6951 6934 6951 6910 6939 6916 6959 6923 6980 6946 6888 6954 6929 6896

Tree=0
num_leaves=63
num_cat=0
split_feature=8 27 12 4 15 17 15 16 27 13 13 28 11 12 14 5 5 7 9 15 7 20 12 12 27 15 13 29 15 15 28 5 5 16 15 27 15 5 16 28 19 5 14 6 13 13 28 7 14 4 14 12 5 25 13 8 15 19 9 8 15 6
split_gain=12.2619 13.9356 12.7209 11.9608 15.9696 13.0511 9.36142 8.20992 10.5374 7.94241 11.53 10.5441 10.4735 9.61308 11.8491 10.4652 7.86965 7.77764 7.60247 8.81137 7.45587 8.48311 8.17617 7.72622 8.74104 7.57929 7.3917 9.26535 12.4655 9.14904 7.82029 7.37116 8.40653 10.9633 11.6323 7.69172 9.54099 9.2722 7.92646 9.4459 11.0301 10.9045 7.54113 10.2147 14.8837 7.5001 7.08962 6.95245 7.94486 9.57418 13.9057 10.7257 6.90861 6.64299 12.9175 13.4238 6.6343 7.56844 7.13539 7.81268 15.0599 6.67837
threshold=10.500000000000002 455.00000000000006 74.500000000000014 3.5000000000000004 0.018661691542288559 3.5000000000000004 0.13868050791222883 0.098656478174848974 509.00000000000006 0.14815784370758195 0.082476867500422532 1.0000000180025095e-35 0.13961038961038963 321.50000000000006 54.500000000000007 326.50000000000006 33.500000000000007 6.416666666666667 0.03509852216748769 0.043504547605278381 4.166666666666667 6.5000000000000009 241.50000000000003 977.50000000000011 469.00000000000006 0.11236664396776758 0.074908593746520785 1.0000000180025095e-35 0.11375804685663841 0.032280717651322947 8.5000000000000018 24.500000000000004 8.5000000000000018 0.058836163331311912 0.07634065482616631 467.00000000000006 0.11000618046971571 119.50000000000001 0.10504488289176518 1.5000000000000002 557.50000000000011 56.500000000000007 781.50000000000011 8.5000000000000018 0.047469987328708975 0.078382316739891447 8.5000000000000018 4.166666666666667 535.50000000000011 12.500000000000002 342.50000000000006 1195.5000000000002 42.500000000000007 1.5000000000000002 0.046005893529728288 1.5000000000000002 0.039776624267365016 525.00000000000011 0.050641025641025648 8.5000000000000018 0.095072439217204721 6.5000000000000009
decision_type=2 2 2 8 2 2 2 2 2 2 2 8 2 2 2 10 10 8 2 2 10 2 2 2 2 2 2 2 2 2 8 8 10 2 2 2 2 10 2 8 2 10 2 10 2 2 8 8 2 10 2 2 10 2 2 2 2 2 2 2 2 8
left_child=1 2 -1 4 -3 7 9 -6 20 10 13 -12 -11 26 -15 31 -10 -17 19 -2 22 -22 -9 25 -25 -24 27 -5 29 -29 -31 32 33 -16 -35 36 37 42 -37 -40 46 -42 43 45 -45 47 -41 -33 49 51 -51 53 -28 -49 55 -55 -4 61 -59 -60 -61 -58
right_child=18 3 56 6 5 -7 -8 8 16 12 11 -13 -14 14 15 17 -18 -19 -20 -21 21 -23 23 24 -26 -27 52 28 -30 30 -32 35 -34 34 -36 38 -38 -39 39 40 41 -43 -44 44 -46 -47 -48 48 -50 50 -52 -53 -54 54 -56 -57 57 58 59 60 -62 -63
leaf_value=-0.012410967798243241 -0.012926330350962101 0.03252675417945524 -0.0078606981471509452 0.004291750986851306 -0.00032193070851068778 -0.0040189115669930463 -0.0048170325000873532 0.017222315577757101 0.0052613483862751428 -0.0038681502241688548 0.0092901080876454378 0.0029621160222416138 0.01754517927731861 0.051916560668620972 -0.015935623451466624 0.0055419439764942107 0.033481173863790223 0.08236464826686761 -0.0068515382848040925 0.056455082702441081 0.0048828259499834447 0.030679518789256458 -0.015141073416851149 0.020283961310899021 -0.0018852670992764594 0.005176073556572092 -0.011098589316665826 -0.015614470548384329 0.062308048725540494 0.013855382893794474 0.054359107947588997 0.032571674804393082 -0.0065414442046048977 0.0066642304635107725 0.064703187891343522 -0.0021083963251043551 -0.018627211437510897 -0.017761809648414124 -0.0053720644121904703 0.032192476039975465 0.077832535150091448 0.016485185331664921 0.041784281107717362 -0.011131008930917983 0.11194166118931213 -0.019222422058879581 -0.0062096341499912663 -0.0033946225293213029 -0.0063501862042011081 0.10633445392732163 0.0046539081582254883 0.057222491477850863 0.016570991065794381 0.0085482606143894423 -0.00084583883328917021 0.097127372121528041 0.007473326678872177 -0.019086883549437172 -0.001832184996917435 -0.00088902737411313665 0.047641911844168265 -0.0093420702755083532
leaf_weight=103.76495797443204 2.9701654443051657 12.905750952195374 134.88444552163128 422.45453978574369 975.24142624041997 770.36410277755931 157.4849147509085 22.505774693097919 16.216692777350545 251.90926806023344 431.2977061222773 526.01574343018001 22.384012321941555 3.8799394145607939 7.233031588955785 2.3811789839528492 19.695663491729647 2.3631799992872402 281.31866597000044 3.6991165357176214 35.622097731102258 16.923279069829732 53.325904419645667 22.558309087529778 55.114929165225476 23.945686255581677 43.247579806251451 8.6611688155680877 4.9711375660262993 42.964843360823579 4.7660864581121123 11.802374873775987 246.50191506970441 7.6600973868044075 5.2297926945611835 422.92267930076923 11.417851096019147 9.8215418566251156 19.749081231188029 6.7888873853953573 5.0578273576684278 5.3830556019674987 7.462812694720923 1.5316794922109687 2.0925803559366614 7.9795456316787741 11.929701851215215 26.229707051068544 24.17970925453119 2.3821172023890531 2.4611079266760498 4.0026622995501375 9.9990403056144697 2.9333604763960457 9.3691235347650927 3.2410237746080384 145.64374364668038 21.003218534402549 1069.8454741048045 17.931397490203384 8.4745053155347687 24.88950606144499
leaf_count=2849 124 136 5515 13017 7697 7033 1766 160 111 2051 6505 7247 174 158 330 66 139 140 5944 142 302 135 387 149 376 159 784 328 118 1433 166 140 6915 300 153 11870 233 324 434 139 108 134 170 215 144 142 200 830 706 115 130 108 195 124 269 115 2314 366 19323 315 109 1490
internal_value=-4.64749e-05 0.000228071 -0.00227027 0.00101852 -0.000738243 -0.000951669 0.0022886 0.000952125 0.00562483 0.00271205 0.00327176 0.00581306 -0.00212069 0.00154764 -0.000393434 -0.000626692 0.0207381 0.0438076 -0.00610104 0.0255561 0.00326499 0.0131912 0.000325726 -0.00212851 0.00455325 -0.00884499 0.00470643 0.005874 0.016767 0.0127524 0.0178998 -0.000870303 -0.00501944 0.0136248 0.0302123 0.000977355 0.00753374 0.0101201 -0.000786098 0.0106481 0.0214982 0.0462034 0.0127117 0.0105024 0.0599289 0.00860842 0.0077181 0.0111728 0.0077963 0.0145538 0.054665 0.0103099 -0.00590259 0.00581479 0.0213557 0.0550447 -0.00153064 -0.000867625 -0.00176615 -0.0014343 0.0146861 0.0050191
internal_weight=6638.99 6351 1526.44 4824.56 2024.42 2011.51 2800.14 1241.15 265.908 2642.66 2368.37 957.313 274.293 1411.05 873.988 870.108 35.9124 4.74436 287.988 6.66928 229.996 52.5454 177.451 154.945 77.6732 77.2716 537.064 483.818 61.3632 56.3921 47.7309 865.363 266.625 20.1229 12.8899 598.738 126.907 115.489 471.831 48.9086 29.1595 10.4409 105.668 98.205 3.62426 94.5807 18.7186 86.6012 74.7988 50.6191 4.84323 45.7759 53.2466 41.7732 15.5435 6.17438 1422.67 1287.79 1117.25 1096.25 26.4059 170.533
internal_count=113771 107561 32281 75280 16784 16648 58496 9615 1918 56730 54505 13752 2225 40753 24712 24554 250 206 6210 266 1668 437 1231 1071 525 546 16041 15062 2045 1927 1599 24348 7698 783 453 16650 3765 3532 12885 1015 581 242 3208 3038 359 2679 339 2537 2397 1691 245 1446 979 1338 508 239 29432 23917 20113 19747 424 3804
is_linear=0
shrinkage=0.03


Tree=1
num_leaves=63
num_cat=0
split_feature=5 19 3 15 3 15 15 15 2 4 15 15 7 15 11 5 18 20 3 5 3 10 13 5 7 5 13 27 15 2 15 2 15 6 13 27 22 13 19 20 20 13 15 13 17 3 15 6 11 19 5 15 27 28 5 13 22 20 3 2 13 6
split_gain=15.2689 11.0417 11.3109 10.2658 17.9188 9.51138 9.17573 13.0789 12.7121 16.4816 13.0839 8.78394 14.2168 10.6231 10.3591 10.3546 8.66688 8.63341 8.60792 8.12548 7.94765 11.4305 7.7739 7.55212 7.46255 7.35084 13.5195 8.80989 7.53554 7.24917 7.58371 10.8967 9.39897 11.6462 9.31312 10.7035 9.22529 8.8926 10.8177 10.5776 8.09266 7.29846 9.42777 7.26388 8.52986 7.12575 7.1069 7.01396 7.24358 8.02286 7.55775 6.93745 17.1758 9.8194 8.09217 8.33176 13.9537 10.8918 12.6907 40.4406 7.35603 7.31711
threshold=33.500000000000007 525.00000000000011 0.44058823529411767 0.018661691542288559 0.23904761904761906 0.040071273078070367 0.066701977401129958 0.057979590086613506 0.068573667711598757 9.5000000000000018 0.061627434273908384 0.11615446247174294 8.8333333333333339 0.068103335357648953 0.17519181585677754 7.5000000000000009 1.5000000000000002 3.5000000000000004 0.28165064102564108 61.500000000000007 0.25866188769414583 5.5000000000000009 0.054442407794430395 40.500000000000007 5.5833333333333348 15.500000000000002 0.055934778782136908 431.00000000000006 0.071465581051073299 0.15707236842105265 0.097278299659736597 0.060915275200989494 0.094274085324204671 1.5000000000000002 0.10397010829253821 453.00000000000006 1750.0000000000002 0.11093311743134805 567.50000000000011 4.5000000000000009 1.5000000000000002 0.15086998570347324 0.11088502682652183 0.13589030896236645 4.5000000000000009 0.3246621621621622 0.065227975106896416 7.5000000000000009 0.075498575498575513 557.50000000000011 27.500000000000004 0.080542012606841976 461.00000000000006 6.5000000000000009 73.500000000000014 0.035831976112920751 1850.0000000000002 5.5000000000000009 0.25290697674418611 0.070598006644518277 0.029024981965155697 5.5000000000000009
decision_type=8 2 2 2 2 2 2 2 2 10 2 2 10 2 2 10 2 2 2 10 2 2 2 10 10 10 2 2 2 2 2 2 2 10 2 2 2 2 2 2 2 2 2 2 2 2 2 8 2 2 10 2 2 8 10 2 2 2 2 2 2 10
left_child=3 6 5 4 -1 -3 7 -2 -9 10 -10 13 18 14 15 46 29 -14 -13 23 21 -18 -6 -4 -20 27 -27 -15 -29 30 32 45 34 43 35 -7 -35 38 39 -36 -39 -31 -43 44 -34 -32 -5 48 49 50 -17 54 -53 61 60 56 57 58 59 -56 -37 -54
right_child=1 2 19 11 22 16 -8 8 9 -11 -12 12 17 25 -16 47 20 -19 24 -21 -22 -23 -24 -25 -26 26 -28 28 -30 41 31 -33 33 36 37 51 -38 40 -40 -41 -42 42 -44 -45 -46 -47 -48 -49 -50 -51 -52 52 53 -55 55 -57 -58 -59 -60 -61 -62 -63
leaf_value=-0.0046810315095143322 0.008271606080450019 -0.0038458547796353226 -0.016473388433890245 0.015808846096914502 0.056971173246075646 -0.0090971482689745382 0.003391428807475528 -0.0026081444771003373 0.069545693067855352 0.099745389782184044 0.010171092295146886 -0.016510952425960047 -0.011085611743679235 -0.019040805430061924 0.030052259620079035 -0.0043446818590991837 0.0020925574676418125 0.040758318514466041 -0.006602492201712197 -0.013035426374230769 -0.0022793227624188133 0.042362463036824567 0.017630828452429411 0.0079369234388507875 0.01269120049574698 0.0092110891485291859 0.00047125634813124863 0.011655054227089496 -0.0024106003313272735 0.0060611608264647468 -0.02190428213547534 0.0011228381173227385 0.0057129369097312071 0.012948532128779153 0.058075127147519494 -0.01252333006439935 0.051433947050469338 -0.010919574537099871 0.00046557287926688622 0.016466560191561546 0.0076320361763804597 0.037919663861197113 0.0069653631814226265 -0.014368078612328137 0.043919109795821275 0.0081747897832058301 -0.02836097783252477 -0.015318568483406091 -0.0016269525867109147 -0.010844436905063556 0.014747746477744532 0.030624695710919636 -0.0032291392776117476 -0.017704573922170681 -0.031239334149444575 -0.0041508808629794492 0.089886884685426757 -0.026615168742620727 -0.0055870395715790066 0.20471439561572211 0.0084069828383508613 0.025856053316246758
leaf_weight=21.453810553939547 63.421547545236535 270.71180061489576 15.494344734586774 36.670125717588235 8.3983936028089392 75.572898937272839 154.23510681849439 6.3891030392842394 5.2096168516436618 4.0763134313747278 9.3086566902929899 76.127297720871866 4.278762068366631 26.323683338356204 8.5349024729803187 139.77522704750299 613.03281641477952 8.9123530775541422 176.21239439002238 84.35688455007039 628.36051679751836 6.4101033124607047 9.7910004262812418 43.23928182083182 20.100738359382376 207.82735259190667 682.10058777965605 37.654236701666377 382.50634705583798 146.64410238864366 31.049078895011917 563.41214681463316 26.005881559103727 10.877371966489592 9.7961289326194692 15.92185917298775 11.566617439035324 23.189917456824332 13.204219524748622 12.534837102750314 242.08105710544623 16.389620989561081 19.263784609735012 11.41508221067488 6.5923385354690245 9.1852886984124762 3.6003620461560777 44.307870424527209 830.38698306388687 194.54521590832155 21.534968991880305 12.476656812475992 73.292117438744754 44.022964180796407 1.3435354764806091 115.38579827756621 2.2126099752495056 4.7577997805783525 3.1862462381832302 1.2733166832476852 297.27384248655289 8.7097317281877604
leaf_count=1155 2626 8739 127 1174 129 2124 2832 178 139 200 204 961 136 497 110 2603 14619 287 1236 698 7572 232 97 358 230 3811 7461 643 5490 1662 539 6309 377 179 129 624 155 267 175 172 2392 111 126 92 146 68 89 3923 13486 3367 451 224 1288 816 99 2855 113 204 75 107 6471 320
internal_value=0.000342181 0.00162121 0.00118861 -0.00127251 0.0138905 0.0015438 0.00780823 0.0155139 0.0338987 0.0464425 0.0314766 -0.00147969 -0.00647496 -0.00093423 -0.00288822 -0.00310945 0.00202117 0.0239419 -0.00794769 -0.00707025 9.78662e-05 0.00250928 0.035795 0.00149731 -0.00462699 0.000936334 0.00251229 -0.00220485 -0.00115005 0.00334808 0.0027122 4.57232e-05 0.00428609 0.0151955 0.0035279 0.0015222 0.0327822 0.00789815 0.0219913 0.0347194 0.00601026 0.00902098 0.0211948 0.00622736 0.0134394 -0.0150374 0.0118599 -0.00359933 -0.0031616 -0.00674268 -0.00179584 0.00290622 -0.00295149 -0.00627558 0.00474443 -0.00160585 0.021384 0.00703196 0.0346183 0.0835718 0.00734295 -0.000139889
internal_weight=6653.93 3712.88 3470.24 2941.04 39.6432 3327.15 242.64 88.4052 24.9837 18.5946 14.5183 2901.4 285.632 2615.77 1279.36 1270.82 3056.44 13.1911 272.44 143.091 1247.8 619.443 18.1894 58.7336 196.313 1336.41 889.928 446.484 420.161 1808.64 1626.34 603.647 1022.69 66.4573 956.236 655.429 22.444 300.806 35.5352 22.331 265.271 182.298 35.6534 44.0133 32.5982 40.2344 40.2705 1230.55 1186.24 355.855 161.31 579.856 138.501 126.025 441.355 128.159 12.7735 10.5609 5.8031 2.61685 313.196 82.0018
internal_count=114079 66743 60564 47336 1381 59381 6179 3347 721 543 343 45955 2850 43105 25203 25093 50642 423 2427 1183 22423 14851 226 485 1466 17902 11272 6630 6133 28219 26320 6916 19404 949 18455 15320 334 3135 476 301 2659 1899 237 615 523 607 1263 23830 19907 6421 3054 13196 2648 2424 10548 3453 598 485 281 206 7095 1608
is_linear=0
shrinkage=0.03


Tree=2
num_leaves=63
num_cat=0
split_feature=27 0 5 13 11 16 6 27 12 27 14 0 12 16 15 15 15 24 22 22 15 20 14 14 5 17 14 19 13 12 16 27 22 11 16 2 16 27 13 11 19 14 12 16 10 2 5 16 20 16 5 19 21 0 5 16 27 20 27 19 13 27
split_gain=13.5864 10.8936 9.70699 12.9161 10.1191 9.25595 10.9889 12.4624 11.6708 11.1066 10.3688 9.40114 11.698 10.4586 10.9448 9.24217 20.2604 9.74648 10.3574 8.69285 8.51915 7.98248 7.40307 7.25551 18.3203 10.3484 14.5704 8.67432 6.99912 6.86892 6.86163 10.4341 11.7007 10.2035 8.2173 7.99828 10.7103 7.39203 7.07077 6.73437 7.61949 7.00678 6.72177 6.969 6.7053 6.8037 6.5315 6.92187 6.46034 12.3623 8.54886 12.3126 6.4415 6.20403 6.17555 6.16942 7.95835 8.29791 9.05079 8.95936 7.95545 10.545
threshold=455.00000000000006 8.5000000000000018 30.500000000000004 0.13095688691827984 0.063508064516129045 0.09302904084230014 2.5000000000000004 525.00000000000011 432.50000000000006 509.00000000000006 737.50000000000011 2.5000000000000004 1512.5000000000002 0.10895094865427267 0.050029797377830761 0.096540474428224235 0.089022580878627786 1.5000000000000002 1650.0000000000002 1950.0000000000002 0.13868050791222883 7.5000000000000009 66.500000000000014 318.50000000000006 47.500000000000007 4.5000000000000009 273.50000000000006 572.50000000000011 0.27729403144403814 905.50000000000011 0.059980795087081019 487.00000000000006 1850.0000000000002 0.075498575498575513 0.062242363072238599 0.1408730158730159 0.091408134826782006 507.00000000000006 0.081398803355027721 0.063508064516129045 512.50000000000011 69.500000000000014 2282.5000000000005 0.073864333519241501 3.5000000000000004 0.089572192513368995 15.500000000000002 0.10938453729049503 7.5000000000000009 0.042687933036965851 64.500000000000014 535.00000000000011 12.500000000000002 3.5000000000000004 19.500000000000004 0.05814447032810835 493.00000000000006 2.5000000000000004 479.00000000000006 577.50000000000011 0.027276602340540964 469.00000000000006
decision_type=2 2 10 2 2 2 10 2 2 2 2 2 2 2 2 2 2 2 2 2 2 2 2 2 10 2 2 2 2 2 2 2 2 2 2 2 2 2 2 2 2 2 2 2 2 2 8 2 2 2 10 2 2 2 8 2 2 2 2 2 2 2
left_child=22 2 3 20 -4 48 8 21 9 -7 11 12 -10 14 -13 16 17 18 29 -17 30 -8 -1 24 44 26 -26 -27 46 -16 33 32 -32 -2 37 39 38 -33 -37 -36 -41 -42 -25 -44 -3 -46 47 -24 -6 -50 -51 -52 -22 -54 -34 56 57 -35 60 -60 61 -59
right_child=1 23 4 -5 5 6 7 -9 10 -11 -12 13 -14 -15 15 19 -18 -19 -20 -21 52 -23 28 42 25 27 -28 -29 -30 -31 31 34 54 55 35 36 -38 -39 -40 40 41 -43 43 -45 45 -47 -48 -49 49 50 51 -53 53 -55 -56 -57 -58 58 59 -61 -62 -63
leaf_value=-0.0090973434523267133 -0.0095313297797144231 -0.0084465397687162568 -0.015791294563502638 -0.0040935093778605722 0.00095643798012560587 -0.010314661872192564 0.019861710435011892 -0.018511842931303125 -0.010998284424744889 0.019226213505214092 -0.0072879009923562952 -0.014405773164343187 0.021554523814198912 0.0031454166311661036 0.033176953474020408 0.0055150989216049794 0.059559507856075153 -0.0012615369357743904 0.047232835566394869 0.0304748261850264 -0.020947011116525575 -0.00056751720168423552 -0.0050581802025909022 -0.0023410929031827906 0.016220736503728302 -0.0088402521380037281 0.071754945414612928 0.03677046611829636 -0.02378777539479526 -0.0021233532982606433 0.0076152954144943072 0.0063403066193391299 -0.014600124580285669 -0.01048772349619464 0.024595013251215315 -0.015965942867316948 0.02754641166624967 0.048385507480212989 0.017432854695957633 0.02521085556553446 0.0064813722096663754 -0.0048568503727192923 0.0019730315671044867 -0.029140494936915631 -0.0030931351783478863 0.026011912581801969 -0.00076082266112355399 -0.027665486839836547 -0.013513648486316934 0.018448015770947332 0.03493412458162376 -0.0017812038938351685 0.0050066541968938503 -0.020610933528621905 0.0011443847650738424 -0.012494597269458087 0.0070097406415067405 0.0029591869212837315 -0.0085935246849085812 0.030655943230449966 0.003562493463235796 0.056411287410389498
leaf_weight=137.38235244824318 99.667486189631745 56.010087237227708 24.795482740213629 492.44912678119726 923.73395528260153 71.929772487375885 106.77427752665244 9.8172283421736193 38.545005911495537 13.624037736328317 40.713493227725849 9.6544380674604309 13.385419277474282 84.359874611021951 8.896607983857395 54.771751331165433 13.525282044662161 15.857925150077788 13.811306479386984 16.294039522763342 25.488034044858068 20.52233269950375 204.14687571523245 947.80165144358762 9.9894887044793013 10.95909336069599 7.4031318249180904 5.7069112062454215 12.926252916455267 11.214837963227181 524.98419953597477 11.250619824044408 29.815084935631603 66.230558208189905 8.3117364493664336 13.958516894839706 19.939900389173999 5.6549111229833207 9.6481000620406103 8.6341235163854417 57.044566603610292 350.17584126873408 10.420068024890499 17.130985310301185 17.113021926837977 12.514809830347074 1220.817948255979 12.962980094482189 21.656992844538763 67.620909093646333 9.5662794904201274 58.433941005379893 31.453171134926379 11.663193272193892 90.411913953721523 29.109893050277606 169.04698047222337 7.1890362024423649 86.505641422932968 5.5713283725781357 159.96465963020455 6.1747058583423495
leaf_count=3226 1811 1096 417 3591 16068 733 2074 152 309 140 368 122 87 798 104 492 147 184 155 147 198 353 4653 17389 202 325 107 94 80 128 8181 177 535 1598 107 155 187 125 108 135 823 5190 180 256 327 164 25461 210 482 1035 170 953 396 134 1401 546 3351 279 1822 82 3488 162
internal_value=-2.03444e-05 0.000738813 0.00146953 0.000218764 0.00322898 0.00351926 0.00671212 0.0140565 0.00423535 -0.00561042 0.00685923 0.00891398 -0.00260758 0.0115337 0.016447 0.0186637 0.0269998 0.0181535 0.0272294 0.0112379 0.00138052 0.0165682 -0.0024413 -0.00191025 0.00506049 0.0236713 0.0398588 0.00677815 -0.00181104 0.0134923 0.00178496 0.0031834 0.00568197 -0.000725124 -0.000143143 -0.000885838 0.0113581 0.0204045 -0.00231575 -0.00214285 -0.00267726 -0.00326856 -0.00276571 -0.0173731 -0.00234114 0.00920085 -0.00161348 -0.00640799 0.0019134 0.00753387 0.0108949 0.00338391 -0.00899086 -0.00192303 -0.00276009 0.000931547 0.00171215 -0.000988228 0.00138232 -0.00621865 0.00542017 0.0276567
internal_weight=6653.13 5064.9 3969.85 2320.34 1649.51 1624.71 543.698 137.114 406.584 85.5538 321.03 280.316 51.9304 228.386 144.026 134.372 63.306 49.7807 33.9228 71.0658 1827.89 127.297 1588.24 1095.05 119.697 34.0586 17.3926 16.666 1450.85 20.1114 1759.29 1129.83 645.211 629.46 484.618 467.713 43.5465 16.9055 23.6066 424.166 415.855 407.22 975.353 27.5511 85.6379 29.6278 1437.93 217.11 1081.01 157.278 135.621 68.0002 68.6044 43.1164 120.227 529.793 500.683 331.636 265.405 92.077 173.328 13.3637
internal_count=113970 80340 60200 34582 25618 25201 6493 2579 3914 873 3041 2673 396 2277 1479 1357 718 571 387 639 30991 2427 33630 20140 2315 728 309 419 30404 232 30263 17124 10117 13139 7007 6705 450 302 263 6255 6148 6013 17825 436 1587 491 30324 4863 18708 2640 2158 1123 728 530 1936 11328 10782 7431 5833 1904 3929 441
is_linear=0
shrinkage=0.03


Tree=3
num_leaves=63
num_cat=0
split_feature=17 5 15 3 7 16 15 15 12 16 2 12 3 0 3 15 0 15 23 20 9 12 21 4 5 13 5 28 16 13 13 16 9 7 28 5 13 13 16 16 12 7 28 12 19 20 16 13 2 19 17 28 13 5 13 7 7 8 7 20 0 4
split_gain=12.8568 9.59132 15.8376 17.4138 11.3868 19.4931 14.49 10.6 12.1365 23.7027 11.54 23.232 14.4082 11.9571 10.3208 9.10454 18.1223 9.08459 9.0774 8.97908 8.84593 9.88063 10.769 9.31412 9.28804 15.4871 9.53346 10.5665 12.0387 10.2906 12.8474 8.46014 8.03428 7.76359 7.64393 7.55911 9.26493 21.3447 9.27378 10.2545 7.83897 8.06275 7.52313 7.38057 8.37811 7.37402 7.44639 7.38549 7.19265 8.08868 10.1973 6.74786 6.78608 6.68931 6.67986 8.6665 7.60769 6.67529 7.32126 6.67202 9.62947 7.39701
threshold=5.5000000000000009 33.500000000000007 0.017952259526845166 0.23431372549019611 5.8333333333333348 0.080158635656964169 0.057296480283425759 0.088661292256053723 873.50000000000011 0.081105580061936813 0.086335403726708088 817.50000000000011 0.22653958944281527 6.5000000000000009 0.23606811145510839 0.05833898688376301 4.5000000000000009 0.11088502682652183 1.5000000000000002 1.5000000000000002 0.079473684210526321 86.500000000000014 15.500000000000002 3.5000000000000004 134.50000000000003 0.063190668643813189 64.500000000000014 -7.4999999999999991 0.068523727452019109 0.096494973556863997 0.11839450767960989 0.061334368530020708 0.089572192513368995 8.5833333333333339 -4.4999999999999991 92.500000000000014 0.058838984884547627 0.056243505786752836 0.10246627329676901 0.098986437869487812 271.50000000000006 9.5833333333333339 3.5000000000000004 607.50000000000011 557.50000000000011 6.5000000000000009 0.12554589316703857 0.15086998570347324 0.14760348583878 557.50000000000011 3.5000000000000004 -5.4999999999999991 0.032741018804378345 69.500000000000014 0.14451766925547138 9.4166666666666696 6.166666666666667 8.5000000000000018 6.166666666666667 7.5000000000000009 6.5000000000000009 3.5000000000000004
decision_type=2 8 2 2 10 2 2 2 2 2 2 2 2 2 2 2 2 2 2 2 2 2 2 10 10 2 10 10 2 2 2 2 2 10 10 10 2 2 2 2 2 10 10 2 2 2 2 2 2 2 2 10 2 10 2 8 10 2 10 2 2 10
left_child=1 2 3 -1 59 6 14 8 9 -7 11 35 -12 18 -6 16 -8 -2 -14 -19 21 22 -17 -23 26 42 27 28 -22 31 -31 -29 -15 -21 -28 36 37 38 39 40 -11 -42 -26 44 -38 46 53 -47 49 50 -33 -16 -53 57 55 56 -10 58 -9 -3 -61 -62
right_child=17 4 -4 -5 5 7 15 45 54 10 12 -13 13 32 51 20 -18 19 -20 33 24 23 -24 -25 25 -27 34 29 -30 30 -32 48 -34 -35 -36 -37 43 -39 -40 -41 41 -43 -44 -45 -46 47 -48 -49 -50 -51 -52 52 -54 -55 -56 -57 -58 -59 -60 60 61 -63
leaf_value=-0.0038408580913389303 -0.0069741544298668728 -0.00017108549330598598 -0.0011495643279031426 0.042535994709453087 -0.012936938358261461 0.088348406959011139 -0.019613778073710918 0.03406889305824632 -0.011771952952564349 -0.00024860903957097519 0.078612395513460956 0.091321176644684657 0.018704645905623991 0.040386421411204812 -0.018378356817814787 0.055862525117535478 0.08865949214738271 0.040417536192466921 0.068610067598498789 -0.002827430185695293 0.01279775670640745 -0.029879450340573436 -0.013731070917669759 -0.0013306185376700359 0.10236857212626205 0.0037370205180244117 -0.026741584654178988 -0.01193512570368507 0.085187038800782877 0.060355704572335481 0.0087652066180780655 0.0031260332991515189 -0.007222960148011142 0.028614169171570739 0.0020658276516064811 -0.010815630884095789 0.023303175213120073 0.11334104552193194 -0.0056015672509939817 0.091196604793485736 0.024493153034705676 0.091204493161073263 0.036562831458378388 -0.02568419666130595 -0.011862472059081142 0.016676796946730833 0.034832116887489231 -0.018276259750811364 0.051454619139122137 -0.015717317215532298 0.063798171859572581 -0.025846653342552706 0.012942952100500432 -0.006721185713861922 -0.021280177680904747 -0.014011193615717817 0.018453093247842698 -0.023268548431504329 0.0050209268936344661 0.0016904527000655739 0.0050143085496371018 0.023519167905252342
leaf_weight=13.590584215126002 347.7886034323019 2199.482881668373 2728.9541429872042 15.709722891449927 100.30248106573708 4.4314633619505903 2.4585589226335278 9.3052762968000007 9.033991933334617 7.5389997158199682 5.136772542144171 3.1534020942635825 6.1920402508694696 4.4622872516047201 10.234485623310318 5.3320006465073657 3.2048946431605145 5.9710059026256195 6.9756341406609863 48.594723446993157 4.6059396705823001 11.104252581018953 3.2034179016482085 139.41896264604293 2.8827486137161014 7.9703609186690301 9.7860852100420725 21.498554363497533 3.7518678272608668 6.9801962465280694 11.504159148083998 7.486475741490727 11.189488376956431 8.2709870401304197 54.222989931586199 15.076159002259372 15.167110158130528 2.2634791091550133 10.011809228453783 2.1920707251410922 6.2917144090170023 2.2008898183121346 3.4167373527307063 6.9727626418462014 10.196838109754024 55.446746942587197 5.5693481524940571 6.0326047865673891 3.8771914541721335 8.3082386809401196 3.73798643425107 4.5484242176171383 37.731417145929299 73.579370921943337 7.8946466618217519 13.021640221006235 43.989994721952826 6.1143670175224534 48.564679532311857 297.29079901485238 42.311979527585208 35.967703177593648
leaf_count=783 9932 27894 41846 189 6384 150 144 114 156 367 178 118 133 111 274 150 99 106 153 779 168 116 150 4586 104 168 321 724 99 136 150 225 250 284 1430 639 315 73 404 110 230 206 112 168 195 1101 85 60 79 225 104 181 957 1422 95 705 1106 144 1018 3953 396 464
internal_value=6.34171e-05 0.000403957 -0.000914013 0.0210247 0.00146054 0.0044373 0.000283629 0.00931694 0.0143528 0.0202656 0.0176425 0.0114925 0.0323248 0.0240745 -0.0072957 0.00396351 0.041657 -0.00507745 0.0451423 0.00542044 0.00327285 -0.00165618 0.0297434 -0.0034367 0.00849852 0.031522 0.0060785 0.0135873 0.0452937 0.00940704 0.0282472 0.00165243 0.00635037 0.00174568 -0.00233842 0.00826149 0.0128387 0.0247003 0.0175945 0.030338 0.0220166 0.0417816 0.0666766 0.00165114 0.00916585 0.0045572 0.000824682 0.0132471 0.0141306 0.00672188 0.0233312 0.00347908 0.00877 -0.000552129 0.00480057 0.00791809 0.0133035 0.00654204 0.00969173 0.000459933 0.00415542 0.0135169
internal_weight=6609.51 6198.88 2758.25 29.3003 3440.63 865.574 467.568 398.006 193.393 119.453 115.021 81.0652 33.9562 28.8195 152.817 314.752 5.66345 410.625 13.1677 62.8367 309.088 159.059 8.53542 150.523 150.03 14.2698 135.76 71.7506 8.35781 63.3928 18.4844 44.9084 15.6518 56.8657 64.0091 77.9118 62.8357 30.499 28.2355 18.2237 16.0316 8.4926 6.29949 32.3367 25.3639 204.612 143.133 61.4794 23.4099 19.5327 11.2245 52.5143 42.2798 137.564 73.9403 66.0456 53.024 63.9843 57.87 2575.05 375.57 78.2797
internal_count=113518 102417 42818 972 59599 26892 17086 9806 5862 3800 3650 2825 825 647 7796 9290 243 11101 286 1169 9047 5002 300 4702 4045 384 3661 1910 267 1643 286 1357 361 1063 1751 2707 2068 1390 1317 913 803 436 216 678 510 3944 2783 1161 633 554 329 1412 1138 2698 2062 1967 1262 1276 1132 32707 4813 860
is_linear=0
shrinkage=0.03


Tree=4
num_leaves=63
num_cat=0
split_feature=3 2 27 15 27 15 21 5 20 12 9 2 13 21 12 4 15 20 8 12 7 3 21 3 19 13 13 21 13 25 15 28 20 12 7 4 0 21 13 13 13 13 12 15 28 15 12 12 19 6 20 13 13 2 7 6 20 13 12 15 8 13
split_gain=10.4141 12.3723 10.057 9.38183 10.7349 12.6788 9.28765 10.0357 8.54801 7.54377 7.71089 9.62851 10.9628 8.3126 7.12616 7.70909 12.0835 9.24703 9.26466 12.3448 9.28028 8.65919 8.52302 10.0428 10.4307 7.85482 7.59258 7.42023 8.56819 6.97663 6.82859 6.81082 8.40748 9.47256 7.53401 8.29152 8.30212 8.43939 11.0104 6.76709 9.93549 6.70097 6.659 6.63312 8.90607 7.35629 16.3887 7.1102 6.65089 6.89475 6.58352 6.55986 15.9136 6.50916 6.48203 10.2644 10.2187 12.8071 12.719 20.6825 10.4457 6.45699
threshold=0.43875000000000003 0.15504807692307696 517.00000000000011 0.14001321003963016 455.00000000000006 0.036703983618262416 14.500000000000002 34.500000000000007 2.5000000000000004 106.50000000000001 0.054804804804804812 0.065942028985507259 0.14296905685388847 11.500000000000002 3.5000000000000004 3.5000000000000004 0.018661691542288559 6.5000000000000009 1.5000000000000002 86.500000000000014 2.4166666666666674 0.19292803970223329 11.500000000000002 0.35599078341013829 557.50000000000011 0.1414291027211185 0.049102361848540881 12.500000000000002 0.087959317241901605 1.5000000000000002 0.022772362802063326 3.5000000000000004 5.5000000000000009 1482.5000000000002 9.1666666666666696 2.5000000000000004 8.5000000000000018 12.500000000000002 0.10476439921175386 0.072933101456977539 0.051889342172361047 0.1457151791298133 1880.5000000000002 0.071329630588889859 7.5000000000000009 0.087471725666202038 677.50000000000011 849.50000000000011 535.00000000000011 3.5000000000000004 4.5000000000000009 0.032348977326779778 0.027789134187335335 0.086335403726708088 11.16666666666667 13.500000000000002 7.5000000000000009 0.062903699910868374 316.50000000000006 0.086214975923472201 1.5000000000000002 0.14815784370758195
decision_type=2 2 2 2 2 2 2 8 2 2 2 2 2 2 2 8 2 2 2 2 10 2 2 2 2 2 2 2 2 2 2 8 2 2 10 8 2 2 2 2 2 2 2 2 10 2 2 2 2 10 2 2 2 2 10 8 2 2 2 2 2 2
left_child=1 3 -3 4 5 -1 7 -5 -9 -7 -11 12 13 -12 -6 16 -16 30 20 -20 25 -17 23 24 -21 -19 -24 28 -22 -15 -18 42 39 34 35 -34 37 38 -37 40 -33 -8 54 48 45 46 -45 -47 -39 -50 -44 52 -31 -52 -13 56 57 58 -56 60 -60 -23
right_child=-2 2 -4 6 14 9 41 8 -10 10 11 31 -14 29 15 21 17 18 19 22 27 61 26 -25 -26 -27 -28 -29 -30 51 -32 32 33 -35 -36 36 -38 43 -40 -41 -42 -43 50 44 -46 47 -48 -49 49 -51 53 -53 -54 -55 55 -57 -58 -59 59 -61 -62 -63
leaf_value=-0.010955549209082798 -0.0058480514665858064 0.0035320464515415082 0.018285590554791217 -0.022698792466648146 -0.015762123631035092 -0.0086738003885801322 -0.0047387367545657852 0.011367277382418172 -0.0096545492235154354 -0.012477326493261795 -0.015910560413793125 -0.0051972132106763705 0.023103660085330956 1.5082241199256069e-05 0.026726928926909536 -0.0036330075080453338 -0.023232963821282565 -0.006088941635958617 -0.027958205776914231 0.018414343051797091 0.045160397433093198 0.0030100409405642106 -0.013799646126352167 0.023971200224812014 -0.010395437401041848 0.016730233627142412 0.0006074518025438743 0.0091059237162790536 0.011863829265025754 -0.013233092441302372 -0.0021204174142925767 -0.0051623069155213794 -0.0042365477577100304 -0.0088095711548218728 -0.022380118636249599 -0.011686319703204689 0.049831786435655744 0.040352112748985106 0.029180186073310608 -0.0067325108511419726 0.015810766643705863 0.009635184153231004 0.023546974028044291 0.10063747523780904 -0.0040299273952784766 0.0088949834990526729 0.020705900461071187 0.049248572056262784 -0.0081414115046406516 0.036875941432772348 -0.020180675416727779 0.0087005928892797523 0.08171756351532404 0.01576833509565639 -0.017485848876847752 -0.031212553298084849 0.090683251985616165 -0.03160381629785463 0.082413842971967605 0.18128635565420773 -0.031078144445275173 -0.0020928670284137973
leaf_weight=133.65759161510505 269.5744020602433 358.01692917349283 47.047893705894239 43.092871088068932 23.127070264192298 112.50835669587832 78.752652546740137 21.434144316241145 92.695747677469626 46.807594102923758 19.384109352482483 479.24136086693034 26.962885566521436 125.56938311690465 14.346214165212585 228.66084051510552 13.957549082813783 48.168554208590649 13.893921677023171 18.994896674063057 13.467797165736558 2140.2671342252288 39.990375677589327 27.956557603552938 27.95752065628767 18.904401410371065 186.24374743225053 57.640645911451429 14.384655480273066 2.829005154198966 1133.1565041348804 44.405808979819994 20.920320953242481 26.720063954591751 5.7795399089809498 19.414693240076307 6.3416023142635813 4.8745220999699113 8.545036453753708 120.75247674970888 37.492213165853173 46.380763640627265 15.516153932083396 4.4389750561676973 5.612825905205681 9.527301190420987 4.8103828830644488 6.6885011587291947 15.011910869507121 3.8465534327551714 9.5180676132440585 84.36385387997143 3.6231258242041804 8.6552378907799703 2.1820836723782069 3.3709651393000977 1.9611126072704799 3.3691370448796079 1.5904228469007651 1.1312194397905839 1.3489339093212036 249.15018913848326
leaf_count=5732 2141 3966 490 348 501 2908 1085 150 727 912 388 8484 195 2695 146 10042 152 422 127 154 120 46175 477 188 236 106 1572 543 107 112 9758 1610 188 453 398 401 113 179 75 1526 870 309 217 111 96 192 93 107 451 105 149 1557 113 120 244 408 155 199 237 115 144 2017
internal_value=-7.22014e-05 0.000171599 0.00524566 -0.00017202 9.24407e-05 -0.0021585 -0.00550987 -0.0103639 -0.00570655 -0.00125064 -0.000544429 -5.26606e-05 0.00498254 0.00291019 0.000845576 0.00093601 -0.000684294 -0.000927834 0.00262798 -0.000310655 0.00869603 0.00194422 0.000964927 0.00973582 0.00125974 0.000342605 -0.00193923 0.0152496 0.0279641 0.00459618 -0.00237731 -0.00156791 0.00170884 0.00729157 0.0110064 0.0127601 0.0167502 0.0142157 0.000803278 -0.00221773 0.00443899 0.000588964 -0.00371056 0.0210575 0.0301775 0.0377172 0.0590669 0.0255396 0.00911493 0.00104076 0.00919445 0.0109304 0.0400854 -0.00305956 -0.0045903 0.0148601 0.0282685 0.0155472 0.0409537 0.072281 0.0303299 0.00247795
internal_weight=6656.04 6386.46 405.065 5981.4 5699.04 1428.77 282.356 157.223 114.13 1295.12 1182.61 1135.8 262.732 235.769 4270.27 4247.14 1629.06 1614.72 467.603 315.037 152.566 2618.08 301.143 74.909 46.9524 67.073 226.234 85.4931 27.8525 216.385 1147.11 873.067 345.183 142.532 115.812 110.033 89.1123 82.7707 27.9597 202.65 81.898 125.133 527.885 54.811 31.078 25.4652 9.24936 16.2158 23.733 18.8585 33.6895 90.816 6.45213 18.1733 494.195 14.9539 11.5829 9.6218 6.25266 4.07058 2.93936 2389.42
internal_count=114111 111970 4456 107514 104895 32052 2619 1225 877 26320 23412 22500 5060 4865 72843 72342 14108 13962 4052 2754 1298 58234 2627 578 390 528 2049 770 227 4477 9910 17440 6968 2962 2509 2111 1923 1810 476 4006 2480 1394 10472 1334 599 503 204 299 735 556 486 1782 225 269 9986 1502 1094 939 740 496 381 48192
is_linear=0
shrinkage=0.03


Tree=5
num_leaves=63
num_cat=0
split_feature=5 16 8 5 7 17 28 11 2 16 18 16 2 11 29 17 14 2 15 5 17 15 15 16 13 16 16 9 16 15 4 11 20 13 11 5 14 16 9 28 8 9 14 15 13 20 18 21 11 16 7 23 13 13 15 15 13 9 7 13 21 13
split_gain=8.36175 11.8321 10.172 9.11676 11.7859 12.0817 9.87035 9.39715 15.9138 12.5567 10.5807 8.31982 10.2396 9.92945 9.07865 8.33168 8.30251 10.8059 9.1056 10.0804 9.25715 8.85786 14.9325 9.21348 8.76396 11.9858 8.57455 8.09845 9.55642 8.05518 9.81261 12.796 8.15725 8.65911 8.99659 8.07909 7.94773 10.437 7.93178 7.90208 8.82852 7.84127 11.1281 10.3141 7.70999 7.63499 7.61316 7.68847 17.3041 9.49179 7.62484 7.32824 14.4274 9.83597 8.77934 11.1691 8.87333 12.1726 6.95905 8.58248 6.94399 11.7791
threshold=27.500000000000004 0.05137086262185224 13.500000000000002 83.500000000000014 4.8333333333333348 5.5000000000000009 -2.4999999999999996 0.070197044334975381 0.10435571687840291 0.1007495383331254 1.5000000000000002 0.063597974978040525 0.17752100840336138 0.13961038961038963 1.0000000180025095e-35 5.5000000000000009 535.50000000000011 0.12158167036215818 0.05763881913915523 57.500000000000007 3.5000000000000004 0.095426135994490582 0.057979590086613506 0.10788026487807652 0.1055108879268169 0.10246627329676901 0.081787255036945269 0.070197044334975381 0.11667096885217691 0.11536101934874943 1.5000000000000002 0.17519181585677754 3.5000000000000004 0.058838984884547627 0.12250000000000001 20.500000000000004 618.50000000000011 0.081787255036945269 0.13484848484848486 5.5000000000000009 2.5000000000000004 0.13188405797101452 153.50000000000003 0.093463927148276241 0.029425293576492238 5.5000000000000009 1.5000000000000002 10.500000000000002 0.081666666666666679 0.12044676170063169 2.4166666666666674 3.5000000000000004 0.043013920834362986 0.04682157389294387 0.1372931810578181 0.12533696639418712 0.052253175306454007 0.11651583710407241 5.166666666666667 0.048829118451169891 13.500000000000002 0.046244965751773774
decision_type=8 2 2 10 10 2 10 2 2 2 2 2 2 2 2 2 2 2 2 10 2 2 2 2 2 2 2 2 2 2 8 2 2 2 2 10 2 2 2 10 2 2 2 2 2 2 2 2 2 2 10 2 2 2 2 2 2 2 10 2 2 2
left_child=29 51 3 4 44 7 -5 8 9 36 -10 12 13 14 15 -8 21 -18 -19 20 26 22 -9 -23 25 45 -20 -24 41 30 31 32 33 34 -1 38 -6 -38 -34 40 -25 42 60 -44 -3 -22 47 48 -13 50 -49 53 -53 -2 55 56 57 -55 -31 -60 -29 -62
right_child=1 2 -4 6 5 -7 11 16 10 -11 -12 46 -14 -15 -16 -17 17 18 19 -21 24 23 27 39 -26 -27 -28 28 -30 58 -32 -33 35 -35 -36 -37 37 -39 -40 -41 -42 -43 43 -45 -46 -47 -48 49 -50 -51 -52 52 -54 54 -56 -57 -58 -59 59 -61 61 -63
leaf_value=0.040007000025516458 -0.0075602524009705588 0.013463945377212776 -0.012311018325980879 -0.0080786805879964323 -0.0032940288355978796 -0.0060591749829681145 0.0081209237505540273 0.0030951132988071132 0.022818414630775715 0.041778739319705126 0.078466030909489934 0.044009863907453699 -0.033995463875675404 0.041490388083927916 0.04098478653483157 -0.029786248886139028 -0.0029811824279435254 -0.021715349427118655 0.029089503759534514 -0.0031679978978614732 0.0098191992929791486 -0.0018088361518383048 0.0035859632774070394 -0.0058607251593718246 0.0069641000373554989 0.082730613652735999 -0.013158082518044123 -0.010582551198676446 -0.0135440696928246 -0.010092877692939093 -0.0012077665672521674 0.041097509954396205 0.0060503650415319622 -0.016345155716834148 -0.011397150486282785 0.000701289726040253 0.057436781149614764 -0.0068067331773818207 0.032157764692061122 0.044572041043608304 0.029541507957411554 0.0059481808359198021 0.026495937579732988 0.071504561108066717 0.0010150287697375528 0.055960272391425106 -0.0046581173010986606 -0.011071930459559934 0.0020517504691686711 0.03231771707973663 0.0021138103347875278 0.027804339466150036 -0.019843089001521909 0.0068087987701453334 -0.016789811782165012 0.031978425066281298 -0.00069413346135281781 0.050181939309801943 -0.029188956311573842 0.0056197432978289967 0.057247015408778301 0.0067704820511462526
leaf_weight=6.0875062849372608 186.04711805423722 45.961181286140345 45.850353686138988 143.07592961494811 33.621938505442813 73.645146624417976 55.420357458060607 142.68081873655319 6.7524886104511079 9.3842509188689274 5.6466615125536919 12.480500272940843 4.5816324511542907 9.1587705053389055 6.8442037273198357 5.7607701064553103 170.61091737006791 6.9181502028368405 7.7995437594363493 19.922064196201973 7.5294380576815509 123.73907553358003 39.754472628352232 15.634664129698651 7.7174924791324875 5.3814380285330108 9.701792471110819 11.125418444629757 7.8906143516069269 157.15831818873994 2017.2888123290031 9.3246019654907268 20.735343855805695 26.592526759253815 6.1700486047193408 42.763594520743936 5.0016539370408264 4.1762662732508034 21.162464872002602 6.8969871831359333 10.66375508229248 28.151433009421453 88.937585799605586 4.8311936969403169 1734.5193083491176 5.6491245637880638 240.88238649803679 49.280964972451329 30.379153842339292 8.1885833346750569 198.25287759990897 6.5956945982761672 43.048840580624528 45.33062996447552 25.419189855456352 10.443245149683205 458.59198006859515 6.6818822128698221 7.1893238014308727 56.281694996869192 5.3666796439792988 18.517237470601685
leaf_count=127 8114 1231 1100 3073 809 2234 1310 4363 128 187 133 145 44 130 193 194 4104 130 106 329 144 2079 896 249 109 97 120 196 144 1174 34930 87 291 301 103 542 171 72 252 94 165 487 2251 98 19281 105 3939 398 274 90 3368 199 750 1506 262 148 8382 126 227 862 230 424
internal_value=0.00017999 0.000975278 0.00172577 0.00191349 0.0027421 0.0055745 -0.00097478 0.00663222 0.0176101 0.0103511 0.0481607 0.000661324 0.00957892 0.0121655 0.00821725 0.00455161 0.0056811 0.00110383 0.010973 0.014523 0.0225735 0.0078711 0.0105443 0.00195612 0.0338318 0.0450037 0.00566973 0.0157397 0.0186711 -0.00124787 -0.000687704 0.00721012 0.00465177 -0.00672938 0.0141318 0.00987444 0.0034603 0.0282038 0.0192371 0.0159903 0.00849454 0.0202909 0.0234263 0.0288149 0.00133638 0.029598 -0.000690301 0.00251075 0.0142697 0.000539921 -0.00051131 -0.00235833 -0.0135127 -0.00160237 0.000426024 0.00126589 0.00063774 0.0123808 -0.0067069 0.00167698 0.00899365 0.0181125
internal_weight=6627.2 4256.44 3474.29 3428.43 2664.13 883.648 764.306 810.003 64.5833 52.1841 12.3992 621.23 81.7657 77.1841 68.0253 61.1811 745.42 241.23 70.619 63.7009 43.7788 504.19 347.255 156.934 26.2775 18.56 17.5013 204.575 164.82 2370.75 2150.12 132.836 123.511 38.8501 12.2576 84.6614 42.7999 9.17792 41.8978 33.1954 26.2984 156.93 128.778 93.7688 1780.48 13.1786 539.464 298.582 42.8597 255.722 247.534 782.159 49.6445 732.514 546.467 521.048 510.604 52.0125 220.629 63.471 35.0093 23.8839
internal_count=113807 74911 55424 54324 41166 20654 13158 18420 1500 1239 261 10085 1871 1827 1697 1504 16920 5244 1140 1010 681 11676 9089 2587 455 346 226 4726 3830 38896 36633 1703 1616 531 230 1085 1052 243 543 508 414 3686 3199 2349 20512 249 8214 4275 419 3856 3766 19487 949 18538 10424 10162 10014 1632 2263 1089 850 654
is_linear=0
shrinkage=0.03


Tree=6
num_leaves=63
num_cat=0
split_feature=7 2 16 27 5 5 0 12 13 28 24 27 28 3 16 13 13 2 3 28 3 13 27 12 0 2 20 14 2 10 14 27 13 13 16 19 20 9 14 21 0 16 16 19 20 16 20 5 20 20 8 12 16 21 3 21 16 0 7 13 25 16
split_gain=11.5323 11.858 11.3491 8.93423 11.9393 12.7197 12.0385 11.3594 10.4 10.3001 9.87693 14.2 10.3808 14.2991 11.2552 9.85831 11.4779 9.75023 9.3332 9.18166 8.98321 8.87759 8.87009 12.5728 12.0022 11.16 9.75111 9.1883 8.60952 10.9548 8.79578 9.3334 8.48612 10.9182 12.0964 8.46789 8.44389 10.419 9.55145 7.96126 7.90292 7.88313 14.9637 15.1722 11.2274 8.64589 9.70884 12.1136 8.06578 7.73221 7.48446 7.44896 7.44146 7.75952 8.5437 7.58721 7.28902 7.29187 7.20918 6.93006 6.90142 15.9436
threshold=5.416666666666667 0.044949494949494954 0.061334368530020708 487.00000000000006 14.500000000000002 62.500000000000007 20.500000000000004 1145.5000000000002 0.072933101456977539 -10.499999999999998 1.5000000000000002 451.00000000000006 9.5000000000000018 0.23431372549019611 0.071787231908564175 0.098368968842483306 0.10234098398482851 0.075961538461538483 0.29679679679679688 -1.0000000180025095e-35 0.38013136288998362 0.035630818794878102 499.00000000000006 1998.5000000000002 12.500000000000002 0.19139194139194141 5.5000000000000009 439.50000000000006 0.079473684210526321 2.5000000000000004 414.50000000000006 459.00000000000006 0.074908593746520785 0.069894608282729948 0.035097051138484513 525.00000000000011 1.5000000000000002 0.053342816500711245 528.50000000000011 15.500000000000002 11.500000000000002 0.069098633778805707 0.09071389550308763 557.50000000000011 7.5000000000000009 0.06579398290104975 3.5000000000000004 33.500000000000007 2.5000000000000004 2.5000000000000004 13.500000000000002 1527.5000000000002 0.088246020508860018 9.5000000000000018 0.24283374283374287 10.500000000000002 0.038254269670098671 9.5000000000000018 8.4166666666666696 0.061448126283736235 1.5000000000000002 0.098986437869487812
decision_type=8 2 2 2 8 8 2 2 2 10 2 2 8 2 2 2 2 2 2 10 2 2 2 2 2 2 2 2 2 2 2 2 2 2 2 2 2 2 2 2 2 2 2 2 2 2 2 10 2 2 2 2 2 2 2 2 2 2 8 2 2 2
left_child=22 -2 28 4 7 6 20 19 10 -5 11 59 60 17 -15 -10 -17 -14 35 40 -6 39 24 25 56 36 -26 -27 29 51 31 -30 33 49 -35 -12 -24 38 -38 -16 -4 44 48 -44 45 58 47 -47 -43 -33 -28 -3 -39 -54 -55 -56 57 -1 -11 -7 -13 -62
right_child=1 2 3 9 5 8 -8 -9 15 41 18 12 13 14 21 16 -18 -19 -20 -21 -22 -23 23 -25 26 27 50 -29 30 -31 -32 32 -34 34 -36 -37 37 52 -40 -41 -42 42 43 -45 -46 46 -48 -49 -50 -51 -52 -53 53 54 55 -57 -58 -59 -60 -61 61 -63
leaf_value=0.0026939254646488617 -0.010064138165934619 -0.0010977196181579602 -0.0040696978208436653 -0.006442229515269151 0.0075950346737931494 -0.005505926068641101 0.049673400699684449 0.012255716514670582 -0.0070102087089338487 0.017839387807183221 0.018633964191952124 0.0026215347909714186 0.11872283873189977 0.047479152040578031 0.014485205765502055 0.034158898021889525 0.0017129776734599248 0.028829498678856022 0.030331759375093435 -0.019718418567376696 0.02676240140051072 0.0088542266200508108 -0.0080303807807247628 -0.014214275501986732 -0.013916338676216593 0.00084973293640916957 -0.0054961938593106104 0.027300478180394858 -0.008972872855284246 -0.016333091441349677 0.0079200514402483282 -0.0094153912751249735 -0.0039599131213110825 0.069082280177529223 0.0083305123572475128 -0.0091381264725098436 0.036653416851128169 -0.0004687953877709082 -0.0013811130342602353 0.078046681389689898 0.042531195716060552 -0.015927438759695323 -0.0041419980725461714 0.012058610809377066 -0.017411380546683845 0.024112281382937903 0.01575001009665988 0.094202132729418117 -0.001789316420779217 0.0083477192914682748 0.014933582472247625 -0.017133372362978006 -0.0097302338207599665 0.030311735528526871 0.028521660203651964 0.004872876826238725 -0.0017278092631408113 0.025151870462829424 -0.0097603308915433853 0.017046631976887539 0.0047266757392178454 0.067946969916302058
leaf_weight=179.57486561709084 78.806828028173186 413.65511215536389 40.627056096680462 158.18111011618748 477.69349763839273 51.738622012082487 6.4667965578846625 27.146994866605382 135.2772520321887 22.388488309225067 11.726493837777523 47.226490804809146 2.3963699782034373 12.010006604134103 3.6381241700146338 10.228144602617247 241.5448368920479 1.9858165901387108 7.5051432072650632 43.589877751655877 23.069157475605607 37.131974759977311 71.827607148559764 41.857460050843656 128.56831166846678 19.942751012276858 83.352017552126199 29.017603162676096 91.21634047338739 54.77131155715324 152.00467719219159 28.070642027072608 112.46117952198256 5.165616437327115 6.8762475061230361 62.784690679865889 15.237113115843387 376.27441950840876 9.7413258897140604 3.4604062270373106 3.5624220737954593 46.138700609677471 81.22829207056202 144.72197422641329 10.223888637206981 5.0002495758235472 14.912080589449031 3.9901984630851075 170.5949980893638 102.91592325060628 20.014189783716574 27.825170443160459 23.085841542109847 15.13972093653865 13.273377249483017 152.37071700720116 2423.9308510142146 14.028412434272466 13.748037450131958 16.072033926495351 11.077582914265806 5.3116292313206932
leaf_count=1809 3374 17023 1277 2173 12492 2254 184 681 2405 443 504 1487 139 318 92 179 2568 90 175 1361 337 759 645 358 1613 152 964 221 2868 2148 4071 842 1580 79 151 2129 166 3542 95 121 115 1038 1583 2704 263 114 358 131 3772 2927 280 740 149 171 88 1297 22673 160 520 379 420 155
internal_value=5.4625e-05 0.00142052 0.00172739 0.0030552 0.00452205 0.00542961 0.00900325 -0.00470426 0.0026878 0.00025041 0.00715934 0.0108811 0.0169078 0.0257911 0.0217241 -0.000478436 0.00303108 0.0779871 -0.00155553 -0.00994937 0.00847804 0.0147307 -0.00108884 0.00177313 -0.00185997 0.00269499 -0.0084008 0.0165264 -0.00088081 -0.00367838 0.00190296 -0.00073508 0.00220602 0.00705421 0.0343913 -0.00476738 0.00169463 0.00284899 0.0218204 0.0454703 -0.000312875 0.00231427 0.0008326 0.00623455 0.0116493 0.016598 0.0305958 0.05522 -0.00479907 0.00454105 -0.0015405 -0.0021084 0.00203216 0.00664809 0.00873957 0.0067679 -0.0012804 0.00432122 0.00733915 -0.000160668 0.00844249 0.0252159
internal_weight=6645.41 3028.17 2949.36 1954.4 1283.27 1168.35 507.229 114.926 661.116 671.128 274.065 192.049 124.238 60.6227 56.2405 387.05 251.773 4.38219 82.0163 87.7794 500.763 44.2305 3617.24 767.768 2849.47 725.91 231.935 48.9604 994.962 496.252 498.711 346.706 255.49 143.028 12.0419 74.5112 676.95 605.123 24.9784 7.09853 44.1895 512.947 442.684 225.95 70.2629 60.0391 23.9025 8.99045 216.734 130.987 103.366 441.48 580.144 203.87 180.784 165.644 2617.53 193.603 36.1365 67.8107 63.6157 16.3892
internal_count=113906 79523 76149 43720 30621 27187 13013 3434 14174 13099 9022 6214 3581 1519 1290 5152 2747 229 2808 2753 12829 972 34383 6884 27499 6526 2857 373 32429 19911 12518 8447 5579 3999 230 2633 6153 5508 261 213 1392 10926 9097 4287 1829 1566 603 245 4810 3769 1244 17763 5247 1705 1556 1385 24642 1969 963 2633 2062 575
is_linear=0
shrinkage=0.03


Tree=7
num_leaves=63
num_cat=0
split_feature=27 14 15 3 16 9 12 27 5 27 0 3 2 14 14 9 16 16 14 17 25 16 19 28 22 15 20 19 15 16 4 19 28 3 14 25 21 8 14 12 27 5 0 15 22 14 22 16 8 15 14 21 14 15 19 4 16 28 3 16 14 24
split_gain=8.12432 8.85246 10.7101 8.66494 11.5272 10.5831 12.721 7.6401 7.49921 9.23603 7.39082 6.97884 6.86256 8.45093 10.8023 9.89381 9.3856 8.68391 15.6016 7.38567 8.54916 10.858 8.15486 13.5878 10.0411 8.4998 9.13251 9.44881 10.5533 12.1384 13.1095 11.0133 8.90397 8.83188 10.6939 7.94549 10.549 7.49337 7.46032 7.32507 7.26393 7.22217 7.10858 6.87011 7.49295 6.85487 9.14465 7.68858 6.56244 6.37812 15.4612 12.9937 11.6868 10.1018 7.38142 6.72605 9.14656 16.7513 9.61451 14.3633 9.05602 10.1898
threshold=455.00000000000006 72.500000000000014 0.060248687055915982 0.42206477732793529 0.09071389550308763 0.13188405797101452 733.50000000000011 477.00000000000006 71.500000000000014 519.00000000000011 8.5000000000000018 0.47913043478260875 0.15707236842105265 448.50000000000006 535.50000000000011 0.082207207207207214 0.096028194137157422 0.069098633778805707 606.50000000000011 5.5000000000000009 3.5000000000000004 0.074831353946260795 535.00000000000011 -12.499999999999998 1450.0000000000002 0.10207972895040369 3.5000000000000004 512.50000000000011 0.069726330899332223 0.080158635656964169 3.5000000000000004 525.00000000000011 -9.4999999999999982 0.23606811145510839 372.50000000000006 2.5000000000000004 12.500000000000002 7.5000000000000009 243.50000000000003 1175.5000000000002 475.00000000000006 42.500000000000007 8.5000000000000018 0.069726330899332223 2050.0000000000005 33.500000000000007 1750.0000000000002 0.05137086262185224 5.5000000000000009 0.017952259526845166 378.50000000000006 15.500000000000002 96.500000000000014 0.023268118616955828 577.50000000000011 2.5000000000000004 0.09071389550308763 20.500000000000004 0.26138716356107666 0.091754906939626193 21.500000000000004 1.5000000000000002
decision_type=2 2 2 2 2 2 2 2 10 2 2 2 2 2 2 2 2 2 2 2 2 2 2 8 2 2 2 2 2 2 10 2 10 2 2 2 2 2 2 2 2 10 2 2 2 2 2 2 2 2 2 2 2 2 2 8 2 8 2 2 2 2
left_child=1 2 -1 12 8 6 -6 -7 9 -5 -9 -3 19 15 16 -14 -15 18 -16 22 40 38 23 -2 25 26 32 33 37 30 -30 -32 -25 -28 -35 43 -37 -29 -22 41 -21 -19 -17 44 -26 46 47 -4 -8 50 52 -52 -24 54 -51 -55 -57 58 59 -58 -61 -62
right_child=3 11 45 4 5 7 48 10 -10 -11 -12 -13 13 14 17 42 -18 39 -20 20 21 -23 49 24 35 -27 27 28 29 -31 31 -33 -34 34 -36 36 -38 -39 -40 -41 -42 -43 -44 -45 -46 -47 -48 -49 -50 53 51 -53 -54 55 -56 56 57 -59 -60 60 61 -63
leaf_value=-0.017067601747560751 0.049546763612480393 -0.00088338697265080051 -0.030769263375361434 -0.0029816052363731099 0.034450340679378751 -0.019178706751344286 0.013624439252600472 0.01309701866201248 -0.019473447837029395 -0.028964590715619961 -0.010123244231678463 -0.021687736940054308 0.029467267383243605 0.012992286576611438 -0.010907366615251199 0.00013544487683777602 0.042633555332430483 0.0057969254489856868 0.042290087596299007 -0.012298064365176097 0.067305904942152855 -0.010278279454578251 0.033414282813771942 0.038390846251767967 0.0020537523108946666 -0.0060602219413542196 0.0069824033172575682 -0.0026857811932419887 0.015533219303658134 0.0048640871020852868 0.029041566232656368 0.093159614765024198 -0.0024590117386777952 0.024538769386076451 0.070885348149944155 0.042620444210998733 0.0020658114426662898 0.033791035104430565 0.012737595439858482 0.0071636355106713782 -0.0020048899048111706 -0.022554100033030388 -0.023481454267134858 -0.0063340541160871854 0.033859506923159338 -0.007624804971144556 0.033189485418919917 0.013047952456376301 -0.011569946279204751 -0.015415283298297092 0.11148076586962895 0.010274994098665818 -0.011021477823627149 -0.001559510031637681 0.018389227697268116 0.00027493851922272451 0.042050416164965611 -0.0049017873194291536 0.0028283839585612528 0.036590510352949544 0.011898187422006429 -0.00028692199760196082
leaf_weight=72.095535254920833 6.0720160462660715 1432.2238901027013 5.6982742401305613 127.48130129615311 16.809570161625743 22.692082155030221 22.370546827558428 25.470929266884923 45.703627232462168 13.62893483834341 23.924511379096657 14.660213517490773 9.614329716190694 29.48726428556256 7.8381619472056654 127.15614023339003 14.265256429556755 14.536745615536345 13.520352695835752 82.639709457173012 4.4379838804015872 6.9664964799303553 8.3066931299399638 5.3635745190549633 72.168825910019223 26.817413164302707 8.2639552460750583 37.916731506818905 9.7964345096843335 16.072492596693337 4.3409945415332896 5.4229124077828601 45.887092116521671 10.484551433240997 7.8245310082565984 8.7347606937401014 17.02206424693577 5.8506754114059722 4.5837955980096012 71.274338659713976 243.56951110658702 18.225480314111337 12.607745298184453 122.41239011666039 7.3447216630447647 46.709587265388109 10.512770503759382 9.8069432338234019 15.930828914977608 53.507588531007059 2.4933241310063741 2.1061857471941039 14.849580095324198 908.77345761586912 6.5220389239257193 1851.6659905429697 12.196052769897504 150.3374207058223 348.17583782435395 10.183607493061571 182.89810608851258 93.260139588732272
leaf_count=2104 172 29906 126 1017 129 188 175 155 387 106 225 112 121 316 93 1263 155 163 186 2440 114 137 194 142 2107 341 266 894 104 219 102 126 933 141 95 130 346 116 145 801 6578 227 205 1978 188 826 194 179 126 1609 114 113 548 7378 187 34915 272 1606 3754 145 3525 1818
internal_value=6.63679e-05 -0.001802 -0.00887363 0.000656684 -0.00416896 0.00279687 0.0126937 -0.00476928 -0.00891188 -0.00549114 0.00185036 -0.00109418 0.000977467 0.00522985 0.00982196 3.00076e-05 0.0226567 0.00534372 0.0227677 0.000669995 -0.00356272 0.0178559 0.00102648 0.00499643 0.00433941 0.00955035 0.012213 0.0172412 0.0120589 0.0241803 0.0400523 0.064653 0.00181608 0.0327258 0.0443453 0.000127294 0.0158189 0.00219031 0.0395808 0.00176661 -0.0046125 -0.00997462 -0.00199498 -0.00187426 0.00499167 -0.000750874 0.0115898 -0.00305518 0.00314525 0.000571472 0.0148977 0.0651371 0.00491866 0.000461553 -0.0117425 0.000667486 0.00143157 0.00411858 0.00621549 0.0101658 0.00880773 0.00778321
internal_weight=6629.52 1591.71 144.823 5037.81 314.012 127.198 55.1109 72.0875 186.814 141.11 49.3954 1446.88 4723.8 318.526 169.148 149.378 43.7525 125.395 21.3585 4405.27 342.197 15.9883 4063.07 417.796 411.724 184.041 157.224 105.973 79.4002 35.6328 19.5603 9.76391 51.2507 26.573 18.3091 227.683 25.7568 43.7674 9.02178 104.037 326.209 32.7622 139.764 201.926 79.5135 72.7276 26.018 15.5052 38.3014 3645.28 27.7558 4.59951 23.1563 3617.52 60.0296 3557.49 2648.72 797.051 646.714 298.538 286.342 276.158
internal_count=113477 33447 3429 80030 2508 998 430 568 1510 1123 380 30018 77522 3530 1941 1589 471 1470 279 73992 9414 396 64578 8400 8228 3479 3138 2063 1561 551 332 228 1075 502 236 4749 476 1010 259 1191 9018 390 1468 4273 2295 1325 499 305 301 56178 969 227 742 55209 1796 53413 46035 11120 9514 5760 5488 5343
is_linear=0
shrinkage=0.03


Tree=8
num_leaves=63
num_cat=0
split_feature=27 14 15 28 7 15 7 16 1 17 8 12 10 2 15 11 2 9 10 15 14 27 2 16 14 12 2 8 2 16 12 14 15 15 10 22 4 9 27 16 16 12 14 22 12 14 22 16 22 14 15 22 9 14 15 20 7 11 14 27 7 28
split_gain=8.20708 10.9123 10.0555 9.05803 8.34247 11.802 8.15012 14.1181 22.036 11.5001 9.36623 8.68693 12.3374 8.56597 8.27734 7.90594 7.92701 8.74182 7.87269 7.70595 7.57127 8.87924 8.39009 7.65129 8.37998 8.87275 8.83616 7.53788 8.86593 7.45605 8.48909 9.44981 7.61482 8.21542 7.33952 7.24077 7.19272 7.05273 13.6503 12.4406 7.32268 10.0284 15.2083 6.93322 6.73519 6.70493 6.70472 6.64209 9.41228 13.3095 11.2705 9.11278 18.8041 6.96839 6.58399 6.50806 6.49388 6.41175 6.98943 13.0552 6.76075 6.46392
threshold=457.00000000000006 48.500000000000007 0.07250170998632012 4.5000000000000009 5.166666666666667 0.046197677055659955 6.8333333333333348 0.05137086262185224 2.5000000000000004 5.5000000000000009 7.5000000000000009 889.50000000000011 1.0000000180025095e-35 0.037749287749287756 0.017206357038590435 0.17519181585677754 0.15707236842105265 0.15075757575757578 3.5000000000000004 0.067077927019519826 698.50000000000011 417.00000000000006 0.10620300751879701 0.059980795087081019 162.50000000000003 1619.5000000000002 0.063164893617021281 1.5000000000000002 0.11651583710407241 0.069379096972942839 1482.5000000000002 569.50000000000011 0.092263291616739906 0.095426135994490582 1.0000000180025095e-35 1550.0000000000002 1.5000000000000002 0.054804804804804812 499.00000000000006 0.067511958753581999 0.053064037468881421 384.50000000000006 123.50000000000001 2350.0000000000005 1350.5000000000002 240.50000000000003 1650.0000000000002 0.075747850779943213 1650.0000000000002 654.50000000000011 0.082945702891182235 1250.0000000000002 0.10620300751879701 520.50000000000011 0.050029797377830761 3.5000000000000004 4.8333333333333348 0.15192307692307697 682.50000000000011 441.00000000000006 9.1666666666666696 6.5000000000000009
decision_type=2 2 2 8 8 2 10 2 2 2 2 2 2 2 2 2 2 2 2 2 2 2 2 2 2 2 2 2 2 2 2 2 2 2 2 2 10 2 2 2 2 2 2 2 2 2 2 2 2 2 2 2 2 2 2 2 10 2 2 2 8 8
left_child=1 2 -1 -4 20 -6 10 8 -8 13 14 12 56 -9 46 16 29 -18 37 -11 21 54 -22 34 -25 26 35 -27 -29 32 57 -32 -7 -34 -23 -26 -36 38 39 -15 41 42 -39 -28 -35 -14 -2 51 50 -50 53 52 -20 -49 -3 -24 -12 58 -31 61 -61 -60
right_child=6 4 3 -5 5 15 7 9 -10 19 11 -13 45 18 -16 -17 17 -19 47 -21 22 23 55 24 25 27 43 28 -30 30 31 -33 33 44 36 -37 -38 40 -40 -41 -42 -43 -44 -45 -46 -47 -48 48 49 -51 -52 -53 -54 -55 -56 -57 -58 -59 59 60 -62 -63
leaf_value=-0.017792049217520183 0.0015231556091854696 0.032163998238254318 -0.0058109804420605283 0.031600581066475904 -0.0073066321931582068 -0.0050810131578205246 -0.0052778003119980776 -0.031953958334214327 0.070589841730620911 -0.017508724216972929 0.035199034896989063 -0.0077929593564593945 -0.029544275089011592 0.063862901739722033 0.00018941837641188659 -0.035022119074428829 0.051408346925925913 0.0060875755593619765 0.072319944184056031 0.0020000889744637806 -0.016480236344230025 -0.0058807294009604943 -0.015576485032270156 0.0037176369740284558 -0.010617558261151369 -0.015620419693201231 -0.0122178440805962 -0.00059719016708259325 0.027961057864247393 0.0044555961019867151 0.014137477140892281 -0.01166494486241949 0.037210379055717474 0.0084529522476467223 0.029839343446867929 0.0074161004594256296 0.0042563392924674743 0.0063804483103395461 0.086389280871479221 -0.010936943041338489 0.0043314852425101139 0.0043645648963417253 0.11354165124239264 0.0086869301927393391 -0.018290430823782983 -0.00056422949984305981 0.040493987545918 0.053893368402392935 0.025390507436239974 0.08661447601142476 -0.0073952014811169801 -0.0060950852466425268 -0.017394901678053565 0.0086818583444482691 0.0044475862377163985 0.011127816627876125 0.00080475934717939748 0.038490443208010941 -0.016073325783321636 0.020308235642738894 0.054327425546867626 0.022487591648013176
leaf_weight=71.642097056377679 7.6110333614051333 9.8179460447281581 30.3026975793764 7.2105459502199656 135.417109540198 181.13804735738086 203.34686618094565 5.2535635088570407 3.5049750292673698 31.546357610495761 13.312274954281749 262.39226166415028 7.6131847341312087 2.8243193320231494 3538.8214941741899 5.0414199947845182 6.1980411140248206 10.027614365098996 4.5596036289352941 43.144473047810607 75.295576342032291 65.487717267591506 13.031782273435963 80.128379980102181 33.872341025620699 12.728976137470452 265.67010056506842 24.460922932252288 16.30545695591718 294.16768807976041 17.145781596191227 50.10656983446097 7.2345987067092201 42.644031647010706 10.968373776180668 49.062953531509265 100.67953921342269 2.3056665051262808 2.7692283027572548 6.8661375392694026 543.02790501486743 6.422118867514655 2.4675061824964359 15.089624305721371 10.577681835624388 127.81241447094362 8.3128277477808279 6.4938051537610608 12.784229013486767 4.2607017073314628 13.170043289894236 20.353667323826812 3.9020938046742231 5.8161090853391215 35.988338428549469 22.215110621415079 7.8561796927824608 5.5740639078430823 10.762153438641688 14.334242578130217 8.3030940955504757 6.1470666754758012
leaf_count=1903 174 155 485 162 7397 6745 9368 247 125 1603 167 3345 115 120 39722 76 108 161 156 1538 726 764 127 745 265 112 2635 204 139 7264 319 902 241 1014 153 434 1019 96 104 245 16184 259 112 130 199 1715 151 177 336 121 278 720 96 187 426 258 165 95 348 292 203 129
internal_value=-0.000252474 -0.00201927 -0.0112032 0.00138002 -0.00140637 0.000770474 0.000376827 0.00291336 -0.00399227 0.00490292 -0.000213508 -0.00445588 0.0011358 0.00619668 0.000286527 0.00240444 0.00268844 0.0233997 0.00651082 -0.00623964 -0.00351513 -0.00239317 -0.0108255 -0.00326123 -0.00516822 -0.0068749 -0.00855282 0.00453269 0.0108253 0.00216995 0.00465042 -0.0050867 -0.00200404 0.00721512 0.00209275 5.08136e-05 0.00676963 0.00532843 0.0276497 0.0108637 0.00482662 0.028843 0.0617778 -0.0110943 0.00313777 -0.00219339 0.0218673 0.015903 0.0234383 0.0406946 0.0118945 0.00478274 0.0309481 0.0325321 0.0103882 0.00125447 0.0224344 0.00658048 0.00604748 0.0178887 0.0327861 -0.00205514
internal_weight=6643.33 1744.78 109.155 37.5132 1635.62 804.819 4898.55 924.819 206.852 717.968 3973.73 418.986 156.594 643.277 3554.75 669.402 664.361 16.2257 638.023 74.6908 830.803 720.261 110.542 674.454 497.319 417.19 363.695 53.4954 40.7664 648.135 406.541 67.2524 241.594 60.4563 177.136 82.9353 111.648 566.683 12.4597 9.69046 554.223 11.1953 4.77317 280.76 53.2217 135.426 15.9239 71.3403 42.5249 17.0449 25.48 28.8154 8.4617 12.3099 45.8063 35.2469 21.1685 339.288 333.714 39.5466 22.6373 16.9092
internal_count=113961 36335 2550 647 33785 25493 77626 32072 9493 22579 45554 5507 2162 19438 40047 18096 18020 269 19191 3141 8292 7181 1111 6600 4664 3919 3464 455 343 17751 9552 1221 8199 1454 1936 699 1172 17120 469 365 16651 467 208 2765 1213 1830 325 2071 1099 457 642 972 252 364 581 385 332 8331 8236 972 495 477
is_linear=0
shrinkage=0.03


Tree=9
num_leaves=63
num_cat=0
split_feature=5 14 7 17 27 4 28 27 27 28 14 28 19 14 13 13 16 22 14 16 5 16 9 21 1 7 16 14 7 9 19 16 14 14 14 28 20 14 0 22 14 12 7 16 10 20 4 2 2 0 20 13 27 9 12 14 16 7 6 19 19 22
split_gain=15.3986 9.66202 11.466 9.27474 15.3503 10.1047 9.11972 8.89464 7.79035 10.279 15.3362 11.8802 10.4259 10.6402 9.0049 8.77745 15.5476 8.64794 8.37422 7.49953 11.063 9.2012 10.6393 11.8434 8.48348 10.8492 10.467 7.40549 11.6086 7.11052 11.4934 9.44203 6.71908 10.6589 8.11289 7.12379 13.6073 10.6902 9.71723 6.65713 6.65148 6.52032 6.41733 8.02776 8.00872 6.38456 9.08139 8.41103 6.36391 6.99036 12.82 8.67108 6.35771 6.26759 6.17375 6.52968 7.13965 7.53372 11.6845 10.3811 7.9811 7.79368
threshold=27.500000000000004 318.50000000000006 2.5833333333333335 5.5000000000000009 475.00000000000006 3.5000000000000004 -1.0000000180025095e-35 547.00000000000011 465.00000000000006 14.500000000000002 472.50000000000006 16.500000000000004 525.00000000000011 129.50000000000003 0.093423329083955578 0.06015280763357294 0.066684036824735116 1175.0000000000002 72.500000000000014 0.1041705147149366 167.50000000000003 0.11000146670577883 0.15075757575757578 9.5000000000000018 2.5000000000000004 8.5833333333333339 0.10609140512786648 48.500000000000007 6.8333333333333348 0.082207207207207214 512.50000000000011 0.056609984224974229 237.50000000000003 138.50000000000003 279.50000000000006 -3.4999999999999996 4.5000000000000009 159.50000000000003 2.5000000000000004 2870.0000000000005 827.50000000000011 134.50000000000003 6.5833333333333348 0.077740731304762015 1.5000000000000002 1.5000000000000002 8.5000000000000018 0.068573667711598757 0.051956815114709856 13.500000000000002 5.5000000000000009 0.073534033349354835 415.00000000000006 0.074537037037037054 1670.5000000000002 363.50000000000006 0.032012654595609959 10.583333333333334 5.5000000000000009 542.50000000000011 577.50000000000011 1650.0000000000002
decision_type=8 2 10 2 2 10 10 2 2 10 2 8 2 2 2 2 2 2 2 2 10 2 2 2 2 10 2 2 10 2 2 2 2 2 2 10 2 2 2 2 2 2 10 2 2 2 10 2 2 2 2 2 2 2 2 2 2 10 8 2 2 2
left_child=1 7 -3 5 -5 48 54 -1 18 12 11 -11 13 -10 15 16 -12 -15 41 27 21 24 23 -23 25 -21 -27 28 -14 39 -31 -32 33 52 -34 37 -37 -35 -39 -8 -33 -7 43 -19 -44 46 47 -29 -2 -50 -51 -52 -20 -40 55 -4 -57 61 59 -59 -61 -58
right_child=3 2 6 4 -6 8 29 -9 9 10 14 -13 19 17 -16 -17 -18 42 32 20 -22 22 -24 -25 -26 26 -28 45 -30 30 31 40 34 35 -36 36 -38 38 53 -41 -42 -43 44 -45 -46 -47 -48 -49 49 50 51 -53 -54 -55 -56 56 57 58 -60 60 -62 -63
leaf_value=0.00011900741470399935 0.012147243181479446 -0.010564786505542503 -0.0077960308092669111 -0.013846846735888077 0.0007298744544630214 -0.029410070814378679 -0.00766287277026469 0.036042996340863949 0.052398244753512957 0.029819137859062848 -0.01127739196925568 -0.01263456776137007 0.049105304308679786 0.04732729909280161 0.058267068926619967 -0.0076201590088824005 0.08129263065539169 0.036017614324959334 0.032048655858900696 0.0091778014650399434 -0.02286514117009153 -0.027191085658345656 -0.025338514402297872 0.012931282669151384 0.046060216134179086 0.0045205446592234601 0.067424140575179883 -0.018253357349880341 -0.0026469971015027861 0.032026847544640809 -0.014463375560253563 -0.0011685218306203521 -0.014542896945578939 0.067641517457989742 0.00068937238878150422 -0.0073783319813057902 0.020820780626195631 -0.011452567571547327 0.013179883194356361 0.018485748884970215 0.015935809356620971 -0.0016816522066749476 -0.016376261766129802 0.0015835147510886061 0.025541458923020659 0.0027964120911970324 -0.019869313757394896 0.0087479692552214963 0.00026871051099365073 -0.021326276815277101 -0.013431208098411473 0.021056004691267619 -0.0045237215663348996 0.055024987334077555 -0.0071129643901320216 0.024434533110837799 -0.002942312809824561 0.099676858045244787 -0.0085656523155404982 -0.0091411469251367547 0.069977771550596007 0.0061304466791153138
leaf_weight=999.68318709667074 39.371606275904924 181.18528166215401 52.970717035874259 95.989017548621632 201.51895945006981 14.368445149622859 413.10957561113173 6.2417296140920362 6.6146209706785148 9.2607202607905492 2.7873717298498395 16.506835146923549 7.6699695810675603 5.5319553981535128 9.7338526302482915 5.7086969933006912 3.9426058294484392 11.622228296007963 4.5850124141434199 45.629421019810252 8.9367007883265597 7.4042250313796094 9.3772376710548979 62.622289358987473 9.5126160767395032 3.8389487080275995 6.2676929861772805 14.335831273347138 7.9382124102558009 9.3008560386951995 44.250218772271182 168.16202746308409 33.979916142881848 4.7939320263685685 425.94381947134389 27.568402920092922 34.894018909661099 6.7626868602819767 6.8256291653960925 8.952474245335905 23.296774184564129 16.280462001101114 14.846220646635631 12.809010840021072 5.6683510972652575 738.51180210901657 28.081378961680457 37.655877362936735 2150.8877739919117 36.754053364042193 11.64806598192081 15.025347008369861 63.880377954279538 6.1008808317128569 78.478383432026021 14.06068044080166 162.98464756086469 2.5038301727035988 5.2332898214226597 2.7327696591382846 1.9780571771552784 178.57984025997575
leaf_count=16739 339 1226 995 2706 5180 476 7298 96 170 192 89 354 94 107 112 116 142 153 170 585 152 66 95 886 130 104 199 254 249 162 962 2643 1024 178 11428 755 889 227 182 118 314 385 596 156 203 15090 901 536 26792 417 153 150 1683 166 1095 365 2660 131 647 206 89 3019
internal_value=6.69271e-05 -0.00188296 -0.00354351 0.00113673 -0.00397321 0.00151751 -0.00245303 0.000341915 0.00323575 0.00477963 0.018363 0.00262306 0.00415641 0.0166213 0.0366549 0.0197424 0.0429527 0.011933 0.000623965 0.00343596 0.00952797 0.0115292 0.00467046 0.00868896 0.0198759 0.015407 0.0435306 0.00231431 0.0227844 -0.00474835 -0.00068315 -0.00197386 0.00138628 0.00677918 -0.000436013 0.013751 0.00837483 0.0274671 0.0176854 -0.00710823 0.000912739 -0.0146809 0.00757669 0.0179642 -0.00479404 0.001924 -0.00612219 0.00130281 0.000191829 -2.07445e-05 -0.00983645 0.00599571 -0.00207453 0.0329294 0.000612185 0.00205208 0.00346935 0.00263666 0.0255614 0.0503161 0.0240806 0.00180119
internal_weight=6643.7 2353.7 1347.78 4289.99 297.508 3992.49 1166.59 1005.92 1738.8 1092.81 47.9401 25.7676 1044.87 57.0924 22.1725 12.4387 6.72998 50.4778 645.984 987.782 153.589 144.652 79.4038 70.0265 65.2487 55.7361 10.1066 834.193 15.6082 667.072 245.01 235.709 615.335 155.411 459.924 86.9456 62.4624 24.4831 19.6892 422.062 191.459 30.6489 44.9458 24.4312 20.5146 818.585 80.0731 51.9917 2253.69 2214.32 63.4275 26.6734 68.4654 12.9265 499.522 421.044 368.073 354.012 12.4479 7.21466 4.71083 341.564
internal_count=113796 38765 21930 75031 7886 67145 20704 16835 39294 21731 1005 546 20726 1385 459 347 231 1215 17563 19341 2217 2065 1047 952 1018 888 303 17124 343 11497 4081 3919 16702 4250 12452 2397 1644 753 575 7416 2957 861 1108 309 799 16781 1691 790 27851 27512 720 303 1853 348 9207 8112 7117 6752 1073 426 295 5679
is_linear=0
shrinkage=0.03


Tree=10
num_leaves=63
num_cat=0
split_feature=27 19 8 14 9 20 14 7 8 13 14 27 13 5 28 5 7 13 7 12 20 1 12 26 27 7 6 12 12 10 14 14 28 5 15 5 5 13 27 20 15 15 25 13 22 5 14 4 7 21 14 20 12 14 0 27 14 9 15 8 20 14
split_gain=11.9677 8.35203 8.73333 10.0814 11.3035 9.25523 8.49221 10.2349 8.29041 9.74864 17.9174 10.3243 8.93766 8.93757 9.83202 16.0904 10.7022 13.2258 7.66649 11.0437 9.26132 7.14042 8.85557 7.45124 7.98642 7.1172 11.211 8.39052 10.8318 9.75617 9.64389 13.7706 8.03145 14.0215 12.2611 7.87302 12.9946 18.1703 7.85654 8.31708 7.57791 11.412 13.6087 7.51603 7.02802 13.3586 9.49813 7.01695 6.93892 6.844 6.95658 8.51947 7.54903 6.7418 6.53679 6.49649 9.46373 8.51666 6.4331 12.0307 9.73671 6.30452
threshold=451.00000000000006 525.00000000000011 4.5000000000000009 490.50000000000006 0.086335403726708088 7.5000000000000009 768.50000000000011 3.4166666666666674 2.5000000000000004 0.059875235748425688 837.50000000000011 497.00000000000006 0.089410146451978326 29.500000000000004 -5.4999999999999991 111.50000000000001 4.166666666666667 0.1116589629746685 4.166666666666667 206.50000000000003 7.5000000000000009 2.5000000000000004 86.500000000000014 1.0000000180025095e-35 483.00000000000006 7.166666666666667 4.5000000000000009 1400.5000000000002 276.50000000000006 1.5000000000000002 159.50000000000003 300.50000000000006 -3.4999999999999996 33.500000000000007 0.075483373809079032 113.50000000000001 154.50000000000003 0.041381265149738063 461.00000000000006 1.5000000000000002 0.05833898688376301 0.06401575043729997 1.5000000000000002 0.054210781066897647 1650.0000000000002 21.500000000000004 402.50000000000006 3.5000000000000004 9.1666666666666696 12.500000000000002 306.50000000000006 1.5000000000000002 456.50000000000006 1039.5000000000002 10.500000000000002 519.00000000000011 30.500000000000004 0.074537037037037054 0.084003231017770616 1.0000000180025095e-35 4.5000000000000009 141.50000000000003
decision_type=2 2 2 2 2 2 2 8 2 2 2 2 2 10 10 10 8 2 8 2 2 2 2 2 2 8 8 2 2 2 2 2 10 10 2 8 8 2 2 2 2 2 2 2 2 10 2 8 10 2 2 2 2 2 2 2 2 2 2 2 2 2
left_child=18 2 6 5 -5 44 7 -2 9 10 25 47 -10 55 15 16 17 -15 20 48 -1 22 -14 24 -23 -3 27 28 29 30 -27 -32 33 -30 -35 38 37 -37 39 -28 43 42 -42 -38 46 -46 -4 -12 -20 50 51 -21 -53 -51 -25 -11 -57 -58 59 -18 -61 -9
right_child=1 8 3 4 -6 -7 -8 61 12 13 11 -13 21 14 -16 -17 58 -19 19 49 -22 23 -24 54 -26 26 35 -29 32 -31 31 -33 -34 34 -36 36 40 -39 -40 -41 41 -43 -44 -45 45 -47 -48 -49 -50 53 -52 52 -54 -55 -56 56 57 -59 -60 60 -62 -63
leaf_value=-0.0038954359834234 -0.0098997264647742063 0.00079352610935133833 -0.0086766203486251994 0.025795371179395683 -0.015320377630998595 0.059107880533521062 0.028980262368760067 0.016158935144769734 -0.0027351530027445122 -0.0020653797531141179 0.0468233239070781 0.065757474660364523 -0.012055282064834276 0.043773045753054678 0.0013201876066691951 -0.020211913587187002 0.050964827216598119 0.012110813134870007 -0.0056117794959522184 -0.030531228208604381 -0.015481346376176338 -0.019845846175864056 0.0026826409696428508 0.016560758814763783 -0.0028026268681496866 -0.0091871835813012448 0.082216543238057299 0.063987740549984587 -0.0035197007454014248 0.062632996342103578 0.086206776922290479 0.0060606393814123813 -0.0030754138412668378 0.11134062624339917 0.016745159458146086 0.12061262543111005 -0.0025245510388899684 0.003202962110603896 -0.0064526477958819937 0.0095094791291966876 0.015100418151073929 0.0084853693311125016 0.081816641504289064 0.024867163060723108 0.0031116258889409341 0.062783232163043309 0.033558563171554319 -0.00059520195547655113 -0.024309198873825131 0.0022848639982022715 -0.0081910527186339101 -0.0021812589994782109 0.020598155564941045 0.044318126997291526 -0.010334243022697288 0.031147474559797543 0.024608184263618459 -0.0012981701074500313 -0.0036986106934710525 -0.020320467543093555 0.023317112639724105 0.0020153968428385616
leaf_weight=409.19126228336245 54.016691977158189 402.71813935961109 12.626671377103778 9.7414097671862709 15.743488660082219 5.9373619514517477 10.555544403847305 36.451734411297366 1280.2811687320936 1084.8073840915458 4.5595015203580269 6.0523665475193402 38.372667461866513 19.83586522936821 655.18592688877834 13.434508523554539 6.7877734691137475 29.579822575673461 139.30912624043413 5.6940950757125384 73.203359175939113 39.765180422458798 838.41154743451625 22.243980941711925 65.5128179397434 6.2209427154157328 1.5866875667124976 3.4135652268305412 5.9246599123580364 6.7290498913498586 3.4065478947013617 4.4497069618664682 26.303676227747928 2.5143028387101367 2.4202544074505568 2.170892894617281 84.856004076660611 2.6156711775111035 81.973424070456531 13.162130611832252 7.3696807082742435 85.197255050414242 4.3912848765030503 10.087281915941274 6.2755972295999509 7.3091204948723316 7.7234081949573001 7.3140656871837573 20.49128241033759 495.05569168232614 125.14647688216064 29.039387247059494 23.84415219805669 3.4582416515331706 12.82113245828077 11.775564228883011 13.414761669700964 76.838967859977856 30.291112974984571 8.1414016098715383 10.584876561770214 127.85200472676661
leaf_count=3705 404 5948 283 186 237 106 174 898 25046 12613 44 109 351 170 7710 223 181 210 3845 109 688 384 8407 203 618 183 132 132 181 180 95 148 963 127 83 182 2876 173 5480 1114 246 2051 138 292 97 142 115 242 1977 14776 2573 616 435 88 183 147 152 848 461 156 206 3071
internal_value=-8.59058e-05 0.000548529 0.0054614 0.0151335 0.000395807 0.0245533 0.00269948 0.00142883 0.000261349 0.00137699 0.00422444 0.0338686 -0.00106733 0.000250842 0.00275924 0.0107054 0.0146529 0.0248203 -0.00263803 -0.000910442 -0.0056536 0.00103199 0.00203763 -0.00525071 -0.00924012 0.00352293 0.00662103 0.0182803 0.0155888 0.0329201 0.018717 0.0408128 0.00588554 0.0275912 0.0649443 0.00418186 0.00762796 0.0564528 -0.00282591 0.0173314 0.00641013 0.0123094 0.0400108 0.000385691 0.0185075 0.0352173 0.00735278 0.0176137 -0.00800936 0.000752335 -0.0041972 0.00433536 0.00808953 0.00257645 0.00672693 -0.00138469 0.00585265 0.00255239 0.00564955 0.016748 0.00434532 0.00515322
internal_weight=6652.19 5327.76 294.233 65.3571 25.4849 39.8722 228.876 218.32 5033.52 2736.12 775.437 17.9259 2297.41 1960.68 773.841 118.655 105.221 49.4157 1324.43 842.038 482.395 1017.13 876.784 140.343 105.278 757.511 354.793 61.3827 57.9691 20.8062 14.0772 7.85625 37.1629 10.8592 4.93456 293.41 196.688 4.78656 96.7222 14.7488 191.902 96.9582 11.761 94.9433 33.9348 13.5847 20.3501 11.8736 159.8 682.238 183.724 58.5776 52.8835 498.514 35.0651 1186.84 102.029 90.2537 55.8052 25.5141 18.7263 164.304
internal_count=113913 85101 5713 1166 423 743 4547 4373 79388 44196 21119 395 35192 23077 9317 1607 1384 380 28812 24419 4393 10146 8758 1388 1002 20724 14776 2092 1960 606 426 243 1354 391 210 12684 5958 355 6726 1246 5603 2435 384 3168 637 239 398 286 5822 18597 3733 1160 1051 14864 386 13760 1147 1000 1004 543 362 3969
is_linear=0
shrinkage=0.03


Tree=11
num_leaves=63
num_cat=0
split_feature=3 2 12 8 12 16 14 14 2 11 0 14 14 9 16 13 16 6 7 9 16 3 13 14 0 19 11 7 10 16 0 12 13 12 12 16 18 14 9 19 2 10 0 7 13 2 7 14 13 3 3 18 9 20 13 16 11 2 28 13 8 9
split_gain=10.4863 8.60859 16.1898 10.4651 11.2999 8.40811 9.43349 7.79157 7.00431 8.04769 6.31945 7.24952 6.28152 6.03208 7.02716 5.73403 9.65986 5.53945 6.90823 9.44351 8.72235 9.42599 8.19223 7.92445 7.14589 6.33488 11.9513 12.682 12.3557 7.01434 8.76977 6.74456 6.19981 7.24785 12.4456 7.22375 5.97051 8.41035 6.17674 5.82054 12.5844 7.19991 20.0108 7.13951 7.71129 6.53121 6.86186 12.8096 7.462 10.9958 10.1565 9.89598 8.89829 6.51026 6.22591 6.54351 6.77161 7.71758 10.7091 5.80696 11.9864 8.64822
threshold=0.44058823529411767 0.15504807692307696 1049.5000000000002 5.5000000000000009 1826.5000000000002 0.090344058784412096 742.50000000000011 490.50000000000006 0.20942982456140355 0.15192307692307697 12.500000000000002 837.50000000000011 747.50000000000011 0.16397849462365593 0.072073846197516944 0.27729403144403814 0.077740731304762015 6.5000000000000009 5.8333333333333348 0.048809523809523817 0.098986437869487812 0.17902930402930406 0.24303432190404853 216.50000000000003 11.500000000000002 525.00000000000011 0.097619047619047633 3.8333333333333335 1.0000000180025095e-35 0.099740931755364748 4.5000000000000009 474.50000000000006 0.10132609489627063 677.50000000000011 817.50000000000011 0.080447496273708896 1.5000000000000002 390.50000000000006 0.065591397849462371 552.50000000000011 0.11651583710407241 2.5000000000000004 9.5000000000000018 7.5833333333333348 0.10132609489627063 0.13100686498855837 8.1666666666666696 54.500000000000007 0.093423329083955578 0.23606811145510839 0.29679679679679688 1.5000000000000002 0.074537037037037054 3.5000000000000004 0.14698478955190844 0.09745850951933871 0.070197044334975381 0.049390243902439034 1.5000000000000002 0.064573208430180246 4.5000000000000009 0.086335403726708088
decision_type=2 2 2 2 2 2 2 2 2 2 2 2 2 2 2 2 2 10 10 2 2 2 2 2 2 2 2 10 2 2 2 2 2 2 2 2 2 2 2 2 2 2 2 10 2 2 10 2 2 2 2 2 2 2 2 2 2 2 10 2 2 2
left_child=1 10 -3 4 -4 -2 -7 -5 9 -9 13 -12 -6 15 -15 17 -17 18 25 -20 21 23 39 -21 -22 26 27 32 29 30 31 -29 33 35 -35 36 37 -1 -38 45 54 43 -43 44 53 46 -23 -48 50 52 -49 -52 -50 -42 55 56 -41 58 -58 61 -61 -59
right_child=5 2 3 7 12 6 -8 8 -10 -11 11 -13 -14 14 -16 16 -18 -19 19 20 24 22 -24 -25 -26 -27 -28 28 -30 -31 -32 -33 -34 34 -36 -37 38 -39 -40 40 41 42 -44 -45 -46 -47 47 48 49 -51 51 -53 -54 -55 -56 -57 57 59 -60 60 -62 -63
leaf_value=-0.0015838484374021966 -0.010538272810631718 -0.0012725746895335939 0.020850999193258189 -0.017441988553280195 0.0099621415947886947 0.0046386120930210877 -0.019038675087230054 0.0037719846133212379 -0.012499807880074335 0.032042952281712604 -0.0047811616880584712 0.0080673699379132241 -0.01829746864992883 0.0053408656930093602 -0.023652252311546742 0.0089905064431911961 -0.017885653126879654 -0.0034991820787493026 -0.019212972864031574 0.0087892506723234141 0.0071359047942770679 0.003056647513272785 0.032152103310615833 -0.011940131406424458 0.038673035746983331 -0.0003903836248467792 -0.013381809410305414 0.031824028614468841 0.0045529104675505142 0.0018951854741675572 0.049583355827307142 -0.0011837603934082988 -0.018292526786521362 0.052121549626216006 0.0047108179302184057 -0.011009082837827165 0.030437779220397698 0.051330970937362538 -0.0031854654781084736 -0.013130131646147259 -0.022378083418464909 0.076200937170228314 -0.00022307807712725348 -0.0079185858628335742 0.040467889065185766 -0.0093515613950976208 0.074696302360909808 0.003099737450944863 0.017562099412702023 0.0054507049782865505 0.0023190321113308794 0.054955419849762439 0.076208725466739402 0.019340736565069742 -0.018851324153176582 0.033610258815596712 0.046816817185949107 0.0073532398135553673 -0.0083858618365967377 -0.010320649018710427 0.010608408900051186 -0.012853483542076414
leaf_weight=5.2016812362708134 151.59328410262242 219.55643571168184 95.471220548730344 15.519201326183973 20.10620116698556 86.728896412299946 18.348293588496745 29.191143919015303 13.174078458454458 13.142010842449961 407.86878133495338 43.763159083435312 10.925843037432058 12.020819121273233 20.111018450697884 17.629818774759769 37.932543652132154 320.20991890330333 17.777113572694361 21.333518468774855 226.64946098974906 351.19725567137357 8.3316322229802591 74.761081042932346 6.656179131474345 3593.5930784617085 30.004091258626431 15.898186846636237 50.791804779320955 9.0100183151662332 14.682300506159661 8.5771856741048378 13.856009878218172 6.7031162753701237 19.420415886677802 38.301340960199013 5.6307791229337445 5.6285391582641751 38.804618633119389 43.144446634687483 5.2032561849337098 5.4579860134981555 7.0878117987886071 16.802982370834798 8.5189414112828654 29.347407154040411 2.7935485763009629 92.854616402182728 4.1961564829107392 10.480421049986033 5.8165694405324739 7.1861612799111754 5.2312034785281867 9.5366686722263676 19.904569668229669 4.6910542726982376 7.1453317593550292 96.816718208021484 5.6747217644006014 109.06661304354202 31.811324006412178 23.735772206331603
leaf_count=140 1232 2447 906 183 191 640 144 418 152 155 9877 924 101 121 237 103 205 18806 633 967 4324 6981 57 3728 175 42056 303 188 645 100 178 113 100 121 279 494 42 106 922 1045 127 128 164 508 110 636 86 3879 110 183 112 209 125 218 230 94 189 2719 143 1899 573 717
internal_value=-7.20635e-05 0.000166684 0.00433367 0.0105651 0.0157392 -0.00601766 0.000504148 0.00134961 0.00660353 0.0125485 -0.0001242 -0.00353614 1.24243e-05 0.000154793 -0.0128057 0.000230633 -0.00935791 0.000328648 0.000568263 0.00249754 0.00280843 0.00159872 0.00254033 -0.0073381 0.00803565 -6.17405e-05 0.00443717 0.00673665 0.0148759 0.0257613 0.0312528 0.0202567 0.000705343 0.00290464 0.0168761 -0.000996135 0.00594325 0.0259163 0.00107522 0.00226732 -0.000467417 0.0131923 0.0330248 0.00698158 0.017746 0.00438698 0.00522738 0.0111574 0.00974606 0.0265968 0.00657708 0.0314094 0.0501049 0.00461382 -0.00256867 -0.00156241 -0.00208226 -0.000344237 0.0223817 -0.00145867 -0.00559471 0.00337471
internal_weight=6648.61 6391.94 417.086 197.53 126.503 256.67 105.077 71.0264 55.5072 42.3332 5974.85 451.632 31.032 5523.22 32.1318 5491.09 55.5624 5435.52 5115.31 1259.21 1241.43 1008.13 912.033 96.0946 233.306 3856.1 262.51 232.506 98.9595 48.1677 39.1577 24.4754 133.547 119.69 26.1235 93.567 55.2656 10.8302 44.4354 903.702 394.598 52.6076 12.5458 40.0618 23.2589 509.103 479.756 128.559 125.765 19.9078 105.857 13.0027 9.42736 14.7399 341.991 322.086 317.395 274.25 12.8201 261.43 140.878 120.552
internal_count=113698 111682 4553 2106 1198 2016 784 908 725 573 107129 10801 292 96328 358 95970 308 95662 76856 31069 30436 25937 21242 4695 4499 45787 3731 3428 1224 579 479 301 2204 2104 400 1704 1210 246 964 21185 8864 1255 292 963 455 12321 11685 4704 4618 418 4200 321 235 345 7609 7379 7285 6240 332 5908 2472 3436
is_linear=0
shrinkage=0.03


Tree=12
num_leaves=63
num_cat=0
split_feature=3 2 17 27 27 27 15 28 9 15 21 15 5 5 20 12 14 27 2 15 21 5 5 5 29 14 15 27 2 28 3 3 27 22 3 12 22 14 12 18 27 15 10 14 27 3 15 3 20 5 10 12 28 15 12 28 9 5 27 10 12 15
split_gain=10.059 11.5565 10.6564 9.47072 8.78012 8.48616 7.24159 9.13147 7.14432 6.60727 9.33057 10.4977 12.2788 10.4405 9.91599 8.15827 8.15182 7.5479 13.324 6.9314 9.86618 8.72129 6.59928 8.80993 13.2597 11.6059 9.98839 11.2297 11.1672 6.59652 6.51358 19.6299 11.7364 8.32614 7.19605 11.8426 8.15625 8.4293 7.16873 6.48959 6.81674 6.48469 6.3844 8.2852 8.52461 8.01405 6.97977 10.4197 6.48591 6.90372 7.00966 6.47148 6.2019 6.04086 5.91201 5.84299 9.26763 5.80532 6.52563 5.78223 9.91246 6.52432
threshold=0.44058823529411767 0.15707236842105265 5.5000000000000009 523.00000000000011 531.00000000000011 475.00000000000006 0.018661691542288559 3.5000000000000004 0.061553030303030311 0.040612691777218511 10.500000000000002 0.015164290459400072 35.500000000000007 21.500000000000004 7.5000000000000009 251.50000000000003 267.50000000000006 449.00000000000006 0.057983193277310933 0.13868050791222883 14.500000000000002 32.500000000000007 58.500000000000007 70.500000000000014 1.0000000180025095e-35 246.50000000000003 0.10257304918854117 463.00000000000006 0.075961538461538483 27.000000000000004 0.37089947089947095 0.35388994307400384 507.00000000000006 2050.0000000000005 0.37668918918918926 414.50000000000006 1750.0000000000002 742.50000000000011 1880.5000000000002 1.5000000000000002 501.00000000000006 0.085792121326039014 1.5000000000000002 63.500000000000007 507.00000000000006 0.38013136288998362 0.067774051709805341 0.30860805860805868 5.5000000000000009 14.500000000000002 4.5000000000000009 712.50000000000011 -1.0000000180025095e-35 0.10611623061101681 42.500000000000007 1.5000000000000002 0.082207207207207214 64.500000000000014 479.00000000000006 1.5000000000000002 803.50000000000011 0.12926610325349217
decision_type=2 2 2 2 2 2 2 8 2 2 2 2 8 10 2 2 2 2 2 2 2 8 10 10 2 2 2 2 2 8 2 2 2 2 2 2 2 2 2 2 2 2 2 2 2 2 2 2 2 10 2 2 10 2 2 10 2 10 2 2 2 2
left_child=1 2 9 -3 -5 6 -4 -8 -7 10 14 12 13 -12 29 -16 17 18 -11 30 21 -21 -19 24 25 26 27 -24 -29 -1 31 -18 -33 34 -32 -36 37 38 39 40 -37 -35 43 -10 46 48 54 -48 49 -44 51 -51 -52 -38 -45 56 -50 -23 -59 60 61 -25
right_child=-2 3 5 4 -6 8 7 -9 42 16 11 -13 -14 -15 15 -17 19 22 -20 20 -22 57 23 59 -26 -27 -28 28 -30 -31 33 32 -34 41 35 36 53 -39 -40 -41 -42 -43 45 44 -46 -47 47 -49 55 50 52 -53 -54 -55 -56 -57 -58 58 -60 -61 -62 -63
leaf_value=0.0061823694457822011 -0.0058861380086368932 0.003715524948781549 0.029807314315779196 0.039941444794160001 0.0081910110111736018 -0.011633914197187971 -0.0077144706914715902 -0.026445430665467368 0.0088211603656271637 0.021985067171841809 0.014002656210804555 -0.0048593241310441113 -0.017396214442364926 0.073897771910953772 0.0088822829541507966 0.058617126727905505 0.00012311336675578779 0.002108540775538644 -0.0032988314206136801 -0.025856191907746066 0.0022031453707283778 0.00039433762849806791 0.044402792976663941 0.0019844019283301569 0.048567170110642426 0.048294633252333997 -0.010628870081903162 -0.010491931911924884 0.022876920374994274 -0.02939951940879101 0.0121652353524424 -0.013961121637109952 0.0099772391351051343 0.030331820384723412 0.019564768493770993 0.0086319309165889535 -0.013794625484761673 0.018475909396551849 0.021038237487950539 -0.011638145271142077 -0.013939149097186116 0.0041314064046523461 -0.025219605654559586 0.023911508651608696 -0.020635340041786718 0.038872940771006663 0.016107536418895407 -0.016443591760367915 0.032171446900639729 0.021424567423887951 0.012672583901183067 -0.012637760839425289 0.068202593207659618 0.0057777945266739242 -0.018965451665886042 -0.022036017118067339 -0.015925338526260654 -0.029498814753553801 -0.0031892559408383194 -0.0067873437371673744 0.034595923302590495 0.019901411889406615
leaf_weight=43.262267130776308 255.76848852948751 372.82523660908919 3.6909343488514414 12.783041796064934 20.266044469783083 54.12559989024885 85.115737667074427 32.318192314880434 38.082881790702231 19.918091230792925 6.57375223899726 512.15434313780861 5.4095853606704614 4.3541862437268719 6.1473029339686018 5.7401445711730048 2557.1597296997788 1133.0005914822686 322.09081484912895 29.172349365660921 77.160552388057113 45.073876780224964 9.2701265451032651 136.49626766773872 9.643549857195465 6.8382948847720391 19.707770651439205 16.827556688571349 19.469481889624149 5.2592582113575181 55.01108892261982 137.41789134312421 21.288291922770441 17.965905787423253 25.60438204696402 48.036522034555674 64.494045351399109 24.18153928196989 12.109560306183992 47.719730244716629 16.071439997293055 16.139447107445449 3.6934811869869 3.3032355410978225 31.160419621039182 6.8910842053592196 28.566453723818995 12.823321009986101 6.7167118599172699 14.896577412844641 3.2386038943659514 7.5713658460881552 4.1039319308474651 18.196514733834192 23.373149716528133 11.86350518860854 7.784341546241194 16.574410569388419 17.383781930431724 37.375394735601731 10.421060011722146 21.121865062508732
leaf_count=933 2029 4091 147 138 208 1725 2650 973 929 345 223 15059 333 155 106 133 45635 16304 6507 235 782 315 171 2369 175 88 219 291 280 145 452 1218 192 160 227 410 561 228 113 430 128 138 118 56 806 92 720 156 180 395 90 263 146 149 759 320 189 133 128 598 159 217
internal_value=-5.24344e-05 0.000181322 -0.000151314 0.00507993 0.0204717 -0.00501749 -0.0115688 -0.0128693 -0.0019441 0.000178427 -0.00282747 -0.00410416 0.019569 0.0378676 0.00834175 0.032898 0.000531829 0.00217459 -0.00182633 -0.000359782 -0.00599295 -0.0118376 0.00313811 0.00720014 0.0155291 0.011111 0.00721558 0.0149333 0.00740689 0.00232564 -1.86987e-05 -0.000512282 -0.0107501 0.00386086 0.00231975 0.000207495 -0.00193987 0.00227383 -0.000887381 -0.00326166 0.00297351 0.0179332 0.000625946 -0.00307403 -0.00763938 0.00823597 -0.00168987 0.00602259 0.00470954 0.0134688 0.0182623 0.00994606 0.0437097 -0.00948761 -0.0136562 -0.00642174 0.00635251 -0.00666302 -0.0160305 0.00388514 0.00625892 0.0043854
internal_weight=6638.81 6383.04 5977.16 405.874 33.0491 379.32 121.125 117.434 258.195 5597.84 588.901 528.492 16.3375 10.9279 60.409 11.8874 5008.94 1762.18 342.009 3246.76 185.365 108.204 1420.17 287.171 81.7568 72.1132 65.2749 45.5672 36.297 48.5215 3061.4 2715.87 158.706 345.53 311.425 256.414 230.809 148.119 123.937 111.828 64.108 34.1054 204.069 137.309 99.2266 66.7596 68.0662 41.3898 59.8685 33.504 29.8105 22.4679 7.34254 82.6906 26.6764 26.3646 14.5011 79.0321 33.9582 205.415 168.039 157.618
internal_count=113624 111595 107158 4437 346 10714 3770 3623 6944 96444 17087 15770 711 378 1317 239 79357 27723 6852 51634 1593 811 20871 4567 1224 1049 961 742 571 1078 50041 47045 1410 2996 2698 2246 2019 1309 1081 968 538 298 5219 3426 2497 1793 1691 876 1701 1012 894 658 236 710 815 689 369 576 261 3343 2745 2586
is_linear=0
shrinkage=0.03


Tree=13
num_leaves=63
num_cat=0
split_feature=3 5 27 5 15 9 2 4 16 12 12 28 8 28 20 22 0 28 22 23 0 9 16 5 12 20 13 18 19 15 15 9 28 13 15 5 12 16 15 12 15 15 20 16 13 14 27 3 0 16 22 16 20 0 0 27 13 2 12 5 5 16
split_gain=7.04249 8.33795 7.66425 7.4186 7.25048 10.3604 10.7898 9.34233 9.98963 9.08411 13.7182 8.97918 11.3109 8.45765 9.68562 11.5427 7.72046 8.81373 10.7716 8.10757 9.04012 12.1811 8.6955 7.48435 7.41444 10.5848 11.6438 11.4256 8.41108 9.0201 8.50585 7.97547 7.37724 8.12647 7.07963 10.7699 8.96935 6.73265 6.68372 7.01325 6.37025 12.3738 9.4594 6.96834 6.49371 7.60725 7.35521 6.31499 6.08441 7.89799 7.87465 6.05396 5.8792 5.82855 5.80233 10.9876 7.78827 6.58314 14.1755 7.89348 9.53834 13.404
threshold=0.44058823529411767 57.500000000000007 487.00000000000006 35.500000000000007 0.040612691777218511 0.036375661375661381 0.045983086680761107 8.5000000000000018 0.030324925556139432 593.50000000000011 162.50000000000003 -7.4999999999999991 5.5000000000000009 -2.4999999999999996 3.5000000000000004 1550.0000000000002 9.5000000000000018 -10.499999999999998 1750.0000000000002 1.5000000000000002 16.500000000000004 0.079473684210526321 0.058836163331311912 7.5000000000000009 1572.5000000000002 3.5000000000000004 0.054442407794430395 1.5000000000000002 542.50000000000011 0.07634065482616631 0.10660820735447603 0.082207207207207214 -4.4999999999999991 0.12859364502423962 0.15062915479582148 42.500000000000007 1025.5000000000002 0.059980795087081019 0.049649484873798187 945.50000000000011 0.11905963192542406 0.10063226201897453 4.5000000000000009 0.033964149058488692 0.11530646648409872 690.50000000000011 421.00000000000006 0.31866537717601556 11.500000000000002 0.059651025611751729 1250.0000000000002 0.054063543880959623 5.5000000000000009 8.5000000000000018 3.5000000000000004 553.00000000000011 0.27191439544279944 0.14760348583878 1136.5000000000002 62.500000000000007 33.500000000000007 0.063381998475494625
decision_type=2 10 2 10 2 2 2 10 2 2 2 10 2 10 2 2 2 8 2 2 2 2 2 8 2 2 2 2 2 2 2 2 10 2 2 10 2 2 2 2 2 2 2 2 2 2 2 2 2 2 2 2 2 2 2 2 2 2 2 10 10 2
left_child=4 3 -3 38 7 37 11 8 9 10 13 12 -7 -1 -15 -16 17 18 -10 20 21 22 -18 -19 34 26 27 -26 29 31 -31 -28 -13 47 54 36 -36 -6 -2 -40 41 42 -27 -44 46 53 -45 -34 49 -48 -50 -9 -4 -46 55 56 -8 -56 59 60 61 -59
right_child=1 2 52 -5 5 6 24 51 16 -11 -12 32 -14 14 15 -17 19 23 -20 -21 -22 -23 -24 -25 25 40 28 -29 -30 30 -32 -33 33 -35 35 -37 -38 -39 39 -41 -42 -43 43 44 45 -47 48 -49 50 -51 -52 -53 -54 -55 57 -57 -58 58 -60 -61 -62 -63
leaf_value=-0.022417965077013224 0.015313869586026275 -0.020986058593639108 -0.013026343527961639 0.0088236874184284362 0.07326444569411332 0.045852686552563249 0.00036820273834868713 -0.020570524071465517 -0.0057303873427844718 -0.014742907345037831 0.04103851299464948 -0.030885764498162365 -0.0068960245080499629 -0.013929629581318874 0.064981006546878564 0.0092117573506441067 0.089306023643438731 0.027994992149615303 0.057370567032436086 -0.00071959887153186187 -0.0087082043276445666 0.0069037194698373695 0.03016455471341126 -0.0055589631059630145 0.039398471514379356 0.0094952144966415457 -0.00055239641558702793 -0.019625762425898027 -0.011513294382478976 -0.021062548795952044 0.015456999521009372 0.045708546118191244 -0.013214584636278524 0.011027349671604708 -0.017881588857763999 0.002347940752768916 0.010058137599727811 0.010636952322614138 0.00078552457617678392 -0.014699264611941862 -0.0076382281228020996 0.010916332518618423 -0.02687542499337477 0.026522547010192833 0.016227683827305748 -0.0057053653222512088 -0.026658395084936816 0.0045992422998153105 0.027700359018898831 -0.0069596168902437625 -0.0053217543844695427 -0.0054288172955331785 0.010115101587851982 -0.0063624353848175065 0.0017598850120052448 0.028249000799227302 -0.012431178346264506 0.025597760669123355 0.01642095872588243 -0.0047478869043267877 0.015008800487648835 -0.0069044243849054592
leaf_weight=7.4579280962934709 12.891358199063687 45.468879807274789 22.831445170100778 48.667406301479787 2.8380661648698142 6.2780329488450652 2285.2842727671959 38.699836530024186 5.2048893653554824 10.053910542861557 14.258047110168262 12.8979354101466 8.7685856437310559 7.2191974315792384 5.1014259237563229 9.6741576804779452 3.9053862383589202 6.0762385642155996 4.5746525304857641 54.924090995104052 7.2810234070057041 9.4898962171282601 5.2388572742929682 389.32464530470315 8.9437784979818371 62.307850231649354 6.39205430052243 4.4055588841438285 187.64565774949733 14.826538299443202 9.3658984866924566 7.0570256838109344 100.17969182762317 19.073751640273258 63.186620419146493 82.954594312934205 12.36445021163672 3.3905014428310096 48.819838231895119 57.1274147934746 76.431329029961489 101.62363525829278 10.983542875153942 5.9188387212343505 42.777412857860327 45.397201847285032 22.554573862347752 21.80927788792178 9.0847786674276012 97.524168702133466 22.836559923016466 61.579041016462725 17.418572495691478 13.530792216770349 1995.9516585729434 12.572975087095982 43.602719914168119 14.135534582892431 90.875548114767298 86.223375832196325 66.639935855288059 59.436114435316995
leaf_count=216 108 382 186 399 128 148 39623 3873 148 254 343 270 241 172 115 195 112 123 104 1099 214 195 134 8174 175 841 105 127 2291 171 99 115 2697 209 556 698 92 98 366 431 721 1099 173 128 393 471 412 217 160 1455 498 3956 148 146 33699 174 239 208 1022 1050 805 685
internal_value=-2.9655e-05 -0.00493621 -0.012546 -0.00104199 0.000165145 0.000502966 0.000460944 -0.00286337 -0.00130118 0.0109694 0.0168835 -0.00700656 0.0151128 0.00519 0.0145512 0.0284667 -0.00265858 -0.00434748 0.0237868 0.00580646 0.0196377 0.0307134 0.0554231 -0.00504333 0.000687818 -0.00208751 -0.00730396 0.0199192 -0.00891706 0.00402533 -0.00692431 0.0237217 -0.00916829 -0.00718258 0.00112004 -0.0051149 -0.0133091 0.0391734 -0.00508223 -0.00756397 0.000348714 0.00175354 -0.00104343 -0.00346997 -0.00247979 0.00343228 -0.00628738 -0.0100298 -0.00756499 -0.0106597 0.0040763 -0.0112723 -0.00301167 0.0107993 0.00133236 0.000279564 0.000128566 0.00239799 0.00641181 0.00239483 0.00678725 -0.000659685
internal_weight=6631.36 253.225 85.7189 167.506 6378.13 5738.07 5731.84 640.063 539.784 53.7647 43.7108 169.007 15.0466 29.4527 21.9948 14.7756 486.02 405.18 9.77954 80.8393 25.9152 18.6341 9.14424 395.401 5562.83 749.607 238.637 13.3493 225.287 37.6415 24.1924 13.4491 153.961 141.063 4813.23 158.506 75.5511 6.22857 118.839 105.947 510.971 434.539 332.916 270.608 259.624 101.705 157.919 121.989 152 120.079 31.9213 100.279 40.25 56.3082 4654.72 2341.46 2328.89 2313.26 317.311 226.435 140.212 73.5716
internal_count=113886 2020 716 1304 111866 92439 92213 19427 11598 1295 1041 3782 389 698 482 310 10303 8549 252 1754 655 441 246 8297 88431 9580 3083 302 2781 490 270 220 3393 3123 78851 1346 648 226 905 797 6497 5776 4677 3836 3663 1010 2653 2914 2525 1867 658 7829 334 539 77505 40036 39862 37469 3770 2748 1698 893
is_linear=0
shrinkage=0.03


Tree=14
num_leaves=63
num_cat=0
split_feature=3 2 14 11 22 28 15 22 15 15 11 5 10 14 28 15 28 5 9 12 9 14 12 15 15 12 13 14 13 14 13 14 15 7 7 14 5 13 0 15 23 20 28 17 16 3 7 22 0 11 5 15 7 17 12 12 13 15 15 13 13 3
split_gain=7.77943 10.0658 10.996 7.2373 7.01207 7.81345 8.36217 7.21562 6.93257 6.65335 7.11941 6.54932 6.96385 11.6693 10.3915 9.14518 6.58965 6.09618 8.00961 7.14775 6.0601 5.96037 13.4218 8.83375 7.88478 6.89509 8.07188 6.59318 6.02484 6.9805 9.40635 7.77849 10.8335 10.6456 6.21196 11.1017 6.92187 5.72229 5.60362 9.25156 5.49429 6.15546 5.45569 8.37433 12.7664 7.58924 8.96182 8.05705 11.7491 9.08134 11.4042 18.5741 14.9931 8.74767 17.7689 20.2717 12.8053 12.7407 11.2301 8.63056 15.4237 12.431
threshold=0.42206477732793529 0.15504807692307696 312.50000000000006 0.20416666666666669 1550.0000000000002 -6.4999999999999991 0.11450889907604112 1650.0000000000002 0.059607583817767297 0.060984258778758009 0.081666666666666679 15.500000000000002 1.5000000000000002 878.50000000000011 -8.4999999999999982 0.10420409081414594 22.500000000000004 62.500000000000007 0.086335403726708088 761.50000000000011 0.12973352033660593 737.50000000000011 1527.5000000000002 0.061627434273908384 0.055219302261697654 1226.5000000000002 0.093423329083955578 802.50000000000011 0.17594744666202902 375.50000000000006 0.089410146451978326 405.50000000000006 0.089781143629304019 6.5833333333333348 2.8333333333333335 535.50000000000011 56.500000000000007 0.24303432190404853 6.5000000000000009 0.063463187755640596 1.5000000000000002 4.5000000000000009 5.5000000000000009 5.5000000000000009 0.11481938261867715 0.17902930402930406 8.4166666666666696 1650.0000000000002 3.5000000000000004 0.081666666666666679 28.500000000000004 0.095426135994490582 8.5833333333333339 3.5000000000000004 1303.5000000000002 1041.5000000000002 0.046519702842377268 0.060248687055915982 0.13337134169517298 0.038838648614674766 0.035298111097799616 0.21913109756097562
decision_type=2 2 2 2 2 10 2 2 2 2 2 8 2 2 10 2 10 10 2 2 2 2 2 2 2 2 2 2 2 2 2 2 2 10 10 2 10 2 2 2 2 2 10 2 2 2 10 2 2 2 10 2 10 2 2 2 2 2 2 2 2 2
left_child=1 11 8 21 9 -6 7 -7 -3 -2 -11 12 14 37 15 38 42 18 19 -9 -8 23 25 24 -4 26 -23 -24 29 30 -25 -31 40 34 -34 -36 -37 -14 39 -1 -33 -42 45 -44 -45 -13 -47 49 -49 59 51 -51 -52 54 55 56 57 -50 -55 60 -48 -62
right_child=4 2 3 -5 5 6 20 17 -10 10 -12 16 13 -15 -16 -17 -18 -19 -20 -21 -22 22 27 28 -26 -27 -28 -29 -30 31 -32 32 33 -35 35 36 -38 -39 -40 -41 41 -43 43 44 -46 46 47 48 53 50 52 -53 -54 58 -56 -57 -58 -59 -60 -61 61 -63
leaf_value=0.048842742037747848 0.014636361410854044 0.016062517767947215 0.0052983686546698317 -0.0091802235895667491 -0.025738962041003639 -0.02244246262153065 0.016676244375907763 -0.0071214047453035494 -0.0072991424659799896 -0.01327806399760471 0.0041196244248029503 -0.0076603298971751697 -0.0074189825820071831 0.022241532140020861 -0.0011762716311307987 0.058644518259825203 -0.016089210974580756 -0.014852952754536025 -0.0081515965162686863 0.020353362867058834 -0.0036669017759334557 0.042597704570339311 0.023346036483434418 0.003017439121567528 -0.02712442917197997 0.055991750313940984 0.0013836890383791258 -0.0091641011075566034 -0.0045566541193336786 -0.013541324913402581 0.040844995321322734 0.010985786913073019 0.01139295466709303 -0.0072783104754703077 0.048581654739468266 0.032214365587182221 -0.00089765023021524753 0.019915618616636894 -0.017205577858944773 -0.0036688134491376146 0.0044957956144963769 -0.025179759789069625 0.0031929949553252154 -0.01048687281172634 0.043959037670818255 -0.00031354560683455687 -0.0051804846656065403 0.0019823461965930542 0.017651311269696098 0.011128829785716441 0.062000841753743909 0.076056233498336609 -0.0018529722320553218 0.0075239447606546359 -0.015778191022597619 0.12946910162019054 0.013080427898671214 0.10714888383941075 0.058762615684848273 -0.012122635355004085 0.00260324043985011 0.10756172414593816
leaf_weight=5.704121298331307 27.606868310831487 13.333145942306144 15.486952434526758 20.724849195452407 18.745796736329794 29.002690559253097 22.351447875611484 14.060080214403568 80.184377722674981 33.129051128868014 58.638813790399581 115.85775172663853 329.31833943718811 12.887750473222694 504.6124933117535 4.4151462264126158 21.922177344793454 48.282831906806678 65.091333783697337 21.635951626580209 32.115290781483054 8.9180271951481753 8.8029895375948417 9.6948106859345007 11.966242230730129 8.4153881981037539 8.2181011089123768 15.499777693650683 24.239033685997128 12.695017284248022 15.179633452557026 20.642338868230581 26.317994999466464 12.716400654171592 16.936890544835478 11.982661209767686 10.805779156275092 7.0400126241147509 4.8169521358795455 6.4160553308902308 12.975123790092768 12.211226850980891 904.04662916139932 68.414770058647264 4.1087363183032712 3566.2285029549384 11.399884048500097 81.869374663045164 2.4509083401644665 19.987906537833627 3.4551781070185816 4.946888380101881 78.489654595789034 47.325925314216875 4.9771202162373802 2.3995124513749024 9.0333212593104673 3.4420766864204779 4.1906374518293878 63.066935637849383 1.7823632147628803 2.3606726471334696
leaf_count=190 235 199 233 193 161 267 158 98 816 259 454 5645 6317 211 9790 69 454 422 561 162 249 129 104 130 151 88 81 171 160 139 137 280 218 235 159 140 122 38 95 130 158 148 15565 1921 109 49527 993 4369 195 1097 94 130 3773 1873 149 90 325 166 96 2671 160 106
internal_value=-3.99039e-05 0.000209563 0.0049557 0.00788985 -0.00426314 -0.00710713 -0.00560516 -0.00875145 -0.00396838 0.00172352 -0.0021611 -9.46252e-05 -0.00248947 -0.00577346 -0.000308861 0.0201904 0.000322757 -0.00608776 -0.00188874 0.0095315 0.00468129 0.00923141 0.0185726 0.00705372 -0.00883401 0.0337534 0.0228324 0.00261178 0.00939373 0.011479 0.0261017 0.0088295 0.011109 0.0178571 0.0226969 0.0301857 0.0165134 -0.00684687 0.0101663 0.0210447 -0.00048812 -0.00989196 0.000394716 0.00240615 -0.0074023 -9.35208e-05 0.000130841 0.00477587 0.00980798 0.000552226 0.00624505 0.02401 0.000839404 0.018487 0.0341824 0.0485344 0.0355236 0.0699266 0.011692 -0.00718786 0.0128355 0.0624078
internal_weight=6645.57 6274.91 377.947 284.429 370.66 251.285 232.54 178.073 93.5175 119.375 91.7679 5896.97 875.211 349.246 525.965 21.3523 5021.76 149.07 100.787 35.696 54.4667 263.704 49.8543 213.85 27.4532 25.5515 17.1361 24.3028 186.397 162.158 24.8744 137.283 124.588 78.7597 66.0433 39.7253 22.7884 336.358 16.9371 12.1202 45.8287 25.1864 4999.83 976.57 72.5235 4023.26 3907.41 341.178 155.689 185.489 106.88 24.9348 81.9448 73.8195 22.3029 17.3258 14.9263 5.89299 51.5166 78.6099 15.5429 4.14304
internal_count=113565 110539 4191 3176 3026 2078 1917 1510 1015 948 713 106348 16840 6566 10274 484 89508 1243 821 260 407 2983 573 2410 384 298 210 275 2026 1866 267 1599 1460 874 639 421 262 6355 415 320 586 306 89054 17595 2030 71459 65814 16287 7263 9024 5094 1227 3867 2894 925 776 686 361 1969 3930 1259 266
is_linear=0
shrinkage=0.03


Tree=15
num_leaves=63
num_cat=0
split_feature=0 16 4 16 3 3 15 3 16 2 2 2 0 3 5 9 18 10 15 5 11 16 7 16 21 13 15 9 9 19 20 15 13 28 16 15 15 15 4 25 19 20 16 20 2 15 5 16 21 11 3 16 5 13 13 9 5 3 13 22 0 7
split_gain=10.7027 8.25019 6.19528 9.18514 11.7672 8.70158 9.67999 8.59913 7.48225 11.4211 9.20751 6.89996 8.78134 6.65349 15.9748 5.92049 5.60748 5.58087 5.47548 5.38895 7.51129 5.86823 8.22917 11.9597 5.99235 6.83892 9.30208 7.8086 7.77031 5.97378 5.86942 5.76227 5.89905 9.01414 9.39444 7.39715 6.52358 8.49877 7.25189 16.3514 13.0061 8.96129 7.18726 6.01336 5.59806 5.58808 7.43975 5.49899 5.36865 5.35402 5.75753 6.55084 5.27832 10.7246 8.81449 8.44176 12.3668 9.98633 8.07777 20.7387 10.9034 14.1672
threshold=13.500000000000002 0.11093117302729581 4.5000000000000009 0.10246627329676901 0.25290697674418611 0.37668918918918926 0.037183295519812469 0.41042780748663105 0.042311975329792709 0.10960960960960962 0.037749287749287756 0.032795698924731186 15.500000000000002 0.15470085470085473 34.500000000000007 0.098780487804878067 1.5000000000000002 1.5000000000000002 0.069039986581058796 27.500000000000004 0.21980676328502416 0.05137086262185224 5.8333333333333348 0.05337798957524429 14.500000000000002 0.11264993389550697 0.10521233811927098 0.070197044334975381 0.070197044334975381 572.50000000000011 2.5000000000000004 0.033619588186151662 0.039108628181253886 -2.4999999999999996 0.089942956147623168 0.086672017121455336 0.086672017121455336 0.095787457148618679 1.5000000000000002 2.5000000000000004 525.00000000000011 5.5000000000000009 0.080447496273708896 4.5000000000000009 0.070598006644518277 0.015164290459400072 20.500000000000004 0.089942956147623168 17.500000000000004 0.21240601503759401 0.44058823529411767 0.069931627392651907 69.500000000000014 0.029425293576492238 0.031098489351313634 0.074537037037037054 90.500000000000014 0.24283374283374287 0.040337918606933226 1550.0000000000002 5.5000000000000009 8.5833333333333339
decision_type=2 2 10 2 2 2 2 2 2 2 2 2 2 2 10 2 2 2 2 8 2 2 10 2 2 2 2 2 2 2 2 2 2 8 2 2 2 2 10 2 2 2 2 2 2 2 10 2 2 2 2 2 10 2 2 2 10 2 2 2 2 10
left_child=19 2 5 8 -5 6 16 -7 9 11 -10 -4 -13 14 -12 -6 -2 -14 -9 45 21 24 23 -23 -21 28 27 -27 30 -30 -26 47 33 44 36 -36 38 -38 39 40 -35 -40 -42 -37 -33 46 -1 -25 -32 50 -47 -52 54 55 -24 56 -54 -57 59 -56 -61 -62
right_child=1 -3 3 4 15 7 -8 18 10 -11 13 12 17 -15 -16 -17 -18 -19 -20 20 -22 22 52 31 25 26 -28 -29 29 -31 48 32 -34 34 35 43 37 -39 41 -41 42 -43 -44 -45 -46 49 -48 -49 -50 -51 51 -53 53 -55 58 57 -58 -59 -60 60 61 -63
leaf_value=-0.0022747156576448627 0.025510715671899217 -0.030253963818568985 0.053440938389709342 0.057568945350754457 -0.018203536658352903 0.015478922621635367 -0.014217909810791554 -0.022069091610413354 -0.02410235767573567 0.073942540170326018 -0.018905213490556117 0.027778977177435691 0.019480618583195653 -0.0029765178085741284 0.092784049610501337 0.021603666260890549 -0.010686125644318884 -0.028647700965860858 0.0010866709977070982 0.0018202330712570978 -0.017147612539914588 0.015615308233007443 -0.0099351376816451953 -0.012638127605469467 0.0012149378622613564 0.031558707852563934 -0.016250789469706928 0.0042701880840025465 -0.0040968482558373012 0.02780146439453841 -0.024658524850642179 0.014874633837271136 0.0004079922209672042 0.062645785424431139 -0.011819641307339741 0.0327607640330927 0.063157293740686821 0.016836202032820363 -0.012490106096898438 0.084623592269556597 -0.0013350201429399786 0.020043340659954056 0.035836379802663708 -0.0041306265703648848 -0.017053361528566777 -0.00066429151994440905 0.050694988868585394 0.006474796308903674 0.0083820387213340529 0.025781402706506338 0.0048128540170467556 -0.016213830009633372 0.11585491153951599 0.00046867418187684278 -0.0021823045873313224 -0.0069172753763463496 0.016244799358888479 0.062369208004199331 0.0060147847532391659 0.022008598953166651 0.037109503125902055 0.11457766928186147
leaf_weight=5.1899538129800913 9.3447076473385078 10.89113959437236 2.4676608527079287 5.3338888933649313 5.7357211727648965 25.066826287191361 129.15376072051004 13.979626374319194 18.847803898737766 2.5400125582236788 2.4513147186953566 6.4585194427054402 2.9325864160200572 135.7219125329284 2.1752890849602409 8.1273055695928615 6.5529289816040537 8.3215631544589979 26.828675520489924 325.15415529790334 20.206290955655277 48.355650870711543 28.405517883365974 53.750834105536342 14.248344629362689 11.225612389156593 16.756795675028116 59.246859798906371 262.67739361262647 5.3923902675742275 39.196643753326498 6.5476674870587912 2171.7343817041256 4.3602338919881758 25.165709363529459 7.9536573085933906 5.5484029857907435 9.9716114390175772 18.007676037959758 3.3091047287452957 21.274244493106384 13.209636293584479 6.0023957618977866 7.952648454811424 20.159096531337127 2115.9605758044054 4.4177640762645751 18.113316180882975 4.9894043994136146 6.7740896199829868 19.11849629599601 44.083078564610332 2.0301786208292461 347.44286268646829 20.488932206761092 7.1486570877023023 2.5068664549617097 2.536489698337391 420.87224036076805 13.223339788790328 6.0344485081732255 3.2791492628166452
leaf_count=194 134 186 153 213 124 256 1709 141 928 82 182 260 159 4035 145 149 127 394 258 6246 150 723 1543 1249 430 128 162 652 8948 158 1218 91 22439 166 487 113 118 206 237 102 680 165 159 112 369 34170 138 312 193 64 129 297 134 9446 795 555 191 90 9706 622 184 175
internal_value=0.000136881 -0.00448178 -0.00380056 -3.32899e-05 0.0197029 -0.00739256 -0.0114989 0.00164924 -0.00211597 0.013989 -0.00441446 0.00644291 -0.00010467 -0.00177052 0.0336077 0.00513374 0.0105906 -0.0161065 -0.00684576 0.000449419 0.00109766 0.00118904 0.00173083 0.000844193 -0.00122729 -0.00362234 0.00383988 0.008617 -0.00561595 -0.00345519 -0.0155285 0.000545719 0.000804744 0.00656968 0.0100061 -0.00169778 0.0158911 0.033396 0.0117849 0.0211721 0.0145353 0.00127645 0.00684478 0.0143162 -0.00922561 -0.000747677 0.0220815 -0.00782073 -0.0209276 -0.000848017 -0.000930796 -0.00985325 0.00426564 0.00151388 0.0062872 0.0270478 0.0608171 0.0112285 0.00728053 0.0196618 0.0395209 0.0643846
internal_weight=6672.95 422.931 412.04 201.114 19.1969 210.927 145.051 65.8751 181.917 22.7203 159.196 20.1803 17.7127 140.349 4.6266 13.863 15.8976 11.2541 40.8083 6250.02 4054.48 4034.27 3295.38 2441.42 738.888 413.733 87.2293 70.4725 326.504 268.07 58.4344 2393.06 2321.2 149.462 122.755 41.072 81.6833 15.52 66.1633 34.946 31.6369 31.2173 27.2766 15.9063 26.7068 2195.54 9.60772 71.8642 44.186 2185.94 2179.16 63.2016 853.969 361.665 492.304 14.2222 4.53705 9.68515 463.898 43.0259 22.5369 9.3136
internal_count=114081 9635 9449 6824 486 2625 1970 655 6338 1048 5290 966 813 4362 327 273 261 553 399 104446 69454 69304 51169 27728 18135 11889 942 780 10947 9106 1841 27005 25444 3005 2545 712 1833 324 1509 1107 1005 402 839 225 460 34992 332 1561 1411 34660 34596 426 23441 10416 13025 970 325 645 11482 1776 981 359
is_linear=0
shrinkage=0.03


Tree=16
num_leaves=63
num_cat=0
split_feature=3 2 5 15 7 9 15 15 16 9 25 15 5 12 3 3 14 14 28 28 17 16 19 16 14 7 16 22 22 10 15 21 15 27 12 12 19 0 28 27 15 27 14 22 12 16 3 0 4 16 5 14 15 21 5 3 0 14 28 14 16 22
split_gain=10.2592 10.1379 8.56126 9.32417 14.2669 8.58899 7.05013 7.5537 8.81848 11.5207 11.3549 7.28689 6.80656 6.4732 7.49287 7.55454 12.7813 6.46089 6.38175 6.34873 10.7579 18.8312 12.1848 7.7381 8.77468 9.34883 23.0548 9.12608 7.69764 11.5731 15.8904 9.83263 7.943 6.60417 6.85613 6.95262 6.48594 12.4371 8.22127 6.56689 7.79098 6.06645 6.50305 8.5908 6.30286 6.04887 7.22661 9.50121 7.22937 10.6726 7.47466 6.52509 13.2247 10.8387 6.10065 5.9123 6.3437 8.20801 7.26781 11.9276 6.62002 6.88813
threshold=0.43875000000000003 0.15504807692307696 15.500000000000002 0.013480117508101399 4.8333333333333348 0.14550264550264552 0.13148580229650933 0.10420409081414594 0.095829136026745407 0.074537037037037054 1.5000000000000002 0.11236664396776758 34.500000000000007 825.50000000000011 0.39208074534161497 0.36055555555555557 493.50000000000006 255.50000000000003 -8.4999999999999982 5.5000000000000009 5.5000000000000009 0.11481938261867715 572.50000000000011 0.035097051138484513 90.500000000000014 5.8333333333333348 0.080447496273708896 1950.0000000000002 1950.0000000000002 3.5000000000000004 0.062213729781892692 14.500000000000002 0.067774051709805341 475.00000000000006 90.500000000000014 42.500000000000007 525.00000000000011 12.500000000000002 3.5000000000000004 455.00000000000006 0.060248687055915982 523.00000000000011 690.50000000000011 1850.0000000000002 985.50000000000011 0.096785404321812971 0.22792207792207794 3.5000000000000004 3.5000000000000004 0.050018395879323045 62.500000000000007 436.50000000000006 0.065583202852345854 14.500000000000002 20.500000000000004 0.40824915824915831 4.5000000000000009 96.500000000000014 7.5000000000000009 216.50000000000003 0.048037075092045557 1950.0000000000002
decision_type=2 2 8 2 8 2 2 2 2 2 2 2 8 2 2 2 2 2 10 10 2 2 2 2 2 10 2 2 2 2 2 2 2 2 2 2 2 2 10 2 2 2 2 2 2 2 2 2 8 2 10 2 2 2 10 2 2 2 10 2 2 2
left_child=1 2 6 4 -4 19 7 55 10 -10 -9 -11 -6 14 15 -3 -17 -12 -15 36 22 -22 23 -21 25 27 -27 33 29 30 -24 -32 -30 -25 35 -35 37 38 45 40 -40 42 43 -7 -44 46 -5 48 -48 50 -50 -51 53 -53 -49 56 58 -58 -1 -60 61 -59
right_child=-2 13 3 5 12 41 -8 8 9 11 17 -13 -14 18 -16 16 -18 -19 -20 20 21 -23 28 24 -26 26 -28 -29 32 -31 31 -33 -34 34 -36 -37 -38 -39 39 -41 -42 -43 44 -45 -46 -47 47 54 49 51 -52 52 -54 -55 -56 -57 57 60 59 -61 -62 -63
leaf_value=-0.0015715635835101937 -0.0058992548070741059 -0.0012279239658086654 0.093629769278258501 -0.0071086314043596176 0.038502034793835981 -0.000316916612695207 -0.016771561987543787 -0.011249992397771021 -0.002694609271967813 0.050110849140128637 -0.0041899162160738135 0.014855073140386728 -0.032616557320464382 -0.015984323758871835 -0.010706461658281404 0.0048606362647181699 0.04435283938227641 0.025768066740270493 0.0087303248351212753 -0.0075281517304821135 -0.012176628662218716 0.055627301693894696 0.09137248978399666 -0.010604701002153976 0.0024211842538397971 0.00428670381116173 0.090350226272919887 0.028988268336467345 -0.011136331849068546 -0.000527466450313487 0.053586990396654516 0.0011165714327115322 0.020717878586845821 0.004562170794907134 -0.0024679076115021758 0.042127318684782408 -0.00034308231227718038 0.047783994331336198 0.0012532070069325143 0.006516248474966296 0.050911343678835472 0.015010447537068893 0.0051370630487415567 -0.015621915756427664 -0.024315134741762393 -0.008248120618197078 -0.015148859668432074 0.03897981076860467 -0.023953285507696237 0.0042864246703844507 0.036575666227066476 0.02053879400353591 0.0095154754774028384 0.10936521076817808 0.011892905517199081 0.011893390081716285 0.030109729238055986 -0.0029565739334220151 0.061880056695882646 -0.0067261028016144791 -0.0088811135406400843 0.021570859935652633
leaf_weight=328.69281392917037 262.41873939509969 84.014718600781634 2.4268760017585 41.093224295938853 2.5367383966222405 130.24340592441149 31.670508703682572 40.520867271348834 15.352800923865287 9.9609842833597231 10.758856831351297 11.218630975345148 2.3178037679754198 9.7889679672662151 42.812967001460493 29.651333012152463 9.8176507642492634 16.287289991742 238.57971190882381 61.59470823709853 67.739848379686009 3.898631165502592 4.5421350850956577 20.432947482331656 699.88041621417506 7.274182088673113 4.5558300041593611 15.508340037427841 12.555426576174797 7.9648443112382656 6.1392625943990407 6.7464564164401963 16.052991507109255 8.5833237589104119 17.560099710011855 9.1732915050815773 3626.763384787133 5.8444404437905169 4.2544261742150438 18.516171496012248 8.5741540121380222 12.30967969377525 8.3751131144817901 44.21171843749471 29.836884936783463 45.352849639253691 20.925812853500247 8.5661471106577647 13.262132359319365 24.213897423236631 2.1312170692253849 2.2506610618438563 9.9617234566248936 2.7432745577534661 59.206031398847699 22.085574235301465 5.4575046882964662 65.947979755350389 4.3041920963441935 4.8513037223601714 314.01298661116743 12.213182572042568
leaf_count=7142 2122 1068 26 1840 124 1641 343 515 177 139 140 141 199 110 393 301 105 214 2492 1384 1962 105 141 360 11742 262 97 187 302 171 77 139 212 147 182 132 62975 198 154 307 175 140 118 505 356 824 181 84 625 822 101 94 221 141 765 164 135 1501 98 107 5891 336
internal_value=-8.54638e-05 0.000152765 -0.000161301 0.000313578 0.0342377 0.000265038 -0.0028703 -0.00235936 0.005218 0.0170927 -0.00120245 0.0314362 0.00454642 0.00468917 0.000108396 0.00385801 0.0146841 0.0138509 0.00775625 0.000530108 0.00270142 -0.00848668 0.00359339 0.00271003 0.00351545 0.0127328 0.0374304 0.00863261 0.017409 0.0294314 0.0431231 0.0261155 0.00673797 0.00297011 0.010824 0.0239688 -1.09278e-05 0.00450261 0.00353362 0.0179459 0.0344429 -0.00546562 -0.00665083 -0.00419562 -0.01786 0.00156699 0.0039816 0.00716275 -0.000157599 0.00559181 -0.015573 0.0139094 0.0294895 0.069333 0.0153166 -0.00340059 -0.00385985 -0.00642804 -0.000837205 0.0255271 -0.0069365 0.000875995
internal_weight=6666.54 6404.12 5989.46 5096.12 7.28142 5088.84 893.335 861.665 104.099 36.5324 67.567 21.1796 4.85454 414.665 166.297 123.484 39.469 27.0461 248.369 4863.86 970.203 71.6385 898.564 844.563 782.968 83.088 11.83 71.258 54.0011 25.3927 17.4279 12.8857 28.6084 55.7497 35.3167 17.7566 3893.66 266.896 261.052 31.3448 12.8286 224.977 212.667 174.455 38.212 229.707 184.354 143.261 75.4887 54.5629 15.3933 39.1696 14.9557 4.99394 67.7722 757.566 735.48 397.632 337.848 9.1555 392.174 78.1612
internal_count=113852 111730 107261 90218 349 89869 17043 16700 1326 457 869 280 323 4469 1867 1474 406 354 2602 87109 17602 2067 15535 14493 13109 1367 359 1008 1042 528 357 216 514 821 461 279 69507 6532 6334 636 329 2760 2620 2146 474 5698 4874 3034 2185 2004 726 1278 456 235 849 15374 15210 7863 7347 205 7728 1837
is_linear=0
shrinkage=0.03


Tree=17
num_leaves=63
num_cat=0
split_feature=0 27 27 8 16 16 16 25 16 2 0 16 3 3 8 5 5 14 3 28 28 27 0 8 5 27 11 10 27 5 5 14 16 19 3 27 27 5 14 14 16 9 3 11 16 2 13 16 16 19 9 5 28 16 9 16 9 14 27 5 2 13
split_gain=10.5604 9.87046 6.47924 8.72363 6.33965 7.52043 8.04159 10.5407 6.26474 11.9472 10.4767 6.44483 8.37697 8.91099 6.15148 5.85315 6.57162 9.32908 7.8125 6.34227 6.15638 8.06953 10.7813 10.9117 9.55758 9.60507 9.71316 8.91982 8.55971 10.669 9.90547 8.83022 11.6386 8.42138 7.8318 7.75512 16.1053 10.1575 12.8286 14.3849 7.5653 8.07676 7.01797 8.08717 10.5314 7.02015 6.51404 9.56311 8.98079 6.14933 5.98734 8.31412 5.98347 15.5981 18.0574 6.38137 8.7504 8.68202 12.092 7.93482 6.89935 7.49239
threshold=12.500000000000002 499.00000000000006 525.00000000000011 7.5000000000000009 0.11196289831445481 0.10122406436467297 0.10537830584841602 1.5000000000000002 0.029442724458204336 0.051956815114709856 6.5000000000000009 0.05137086262185224 0.23431372549019611 0.46966911764705888 4.5000000000000009 175.50000000000003 119.50000000000001 120.50000000000001 0.43405797101449278 5.5000000000000009 -4.4999999999999991 489.00000000000006 4.5000000000000009 1.0000000180025095e-35 41.500000000000007 469.00000000000006 0.075498575498575513 1.0000000180025095e-35 453.00000000000006 50.500000000000007 76.500000000000014 114.50000000000001 0.088246020508860018 557.50000000000011 0.21320346320346323 433.00000000000006 419.00000000000006 19.500000000000004 390.50000000000006 594.50000000000011 0.096028194137157422 0.12973352033660593 0.38799283154121872 0.081666666666666679 0.092377717250592919 0.051956815114709856 0.069072974153975633 0.10462102957651429 0.10537830584841602 557.50000000000011 0.12310606060606062 232.50000000000003 11.500000000000002 0.074352998156310329 0.070197044334975381 0.097111140728880968 0.074537037037037054 156.50000000000003 489.00000000000006 41.500000000000007 0.09449404761904763 0.043013920834362986
decision_type=2 2 2 2 2 2 2 2 2 2 2 2 2 2 2 10 10 2 2 10 8 2 2 2 10 2 2 2 2 8 8 2 2 2 2 2 2 10 2 2 2 2 2 2 2 2 2 2 2 2 2 10 10 2 2 2 2 2 2 10 2 2
left_child=8 4 14 -4 5 -2 7 -7 9 -1 -11 12 -10 -14 -3 16 20 -18 -19 -17 21 22 28 49 25 42 -27 -26 -13 -30 31 -31 -33 -28 35 36 -22 -38 -39 -40 -23 46 43 45 -45 -25 48 -48 -42 -24 -21 -52 55 -54 -55 60 57 -57 -59 -58 61 -37
right_child=1 2 3 -5 -6 6 -8 -9 11 10 -12 15 13 -15 -16 19 17 18 -20 50 34 40 23 24 27 26 33 -29 29 30 -32 32 -34 -35 -36 52 37 38 39 -41 41 -43 -44 44 -46 -47 47 -49 -50 -51 51 -53 53 54 -56 56 59 58 -60 -61 -62 -63
leaf_value=-0.022135464963357249 -0.0071224704336400289 -0.0082170583792828388 0.015484816334390368 -0.021669901223713744 -0.027830890786223909 0.0013233013676574254 -0.0023323668528905757 0.052877146878184067 -0.006638370170571309 0.0054125349231229341 0.035589355387424852 -0.0054018575915848639 7.9758467844297243e-05 -0.028912368706989447 0.010520144697479236 -0.01264788831190387 0.043135456946846285 0.0071252548282950507 -0.018396833349154863 -0.0071347197772711583 -0.009553615412430834 -0.005503563120652445 0.060486731277432676 0.030604741236772134 -0.012923662140467801 0.051331400328273241 0.0032159871803481518 0.0085792331188789366 0.00080145695404002361 0.062345536057945156 0.0037632355076890889 -0.0057604184281746292 0.04078117282444127 0.035986477698880012 -0.00018158712772251844 0.011387241433277687 -0.003912850260165932 0.026526480766495334 0.12989606680026547 0.030795391127215719 0.021368201605115406 -0.01122495434217527 -0.014986078082419771 0.037809948646899919 -0.0027548275864938852 -0.0081871154603454996 0.0034011097439579406 0.038258441977445323 -0.029400679735722326 0.014976041816991466 -0.0052956946552074197 0.025839491673271396 -0.025250410918606119 -0.0088828274957317415 0.075267362550015746 0.056042543170756347 -0.017553547530431098 0.0033297258273113028 0.044075985136382952 0.017645532282418459 -0.021202177965307718 -0.0023844962757544638
leaf_weight=13.54566640651319 348.17820648144698 19.59952974668704 8.3303524792427215 17.925944829592481 11.840856704511678 8.0554284902755153 35.853904905845411 6.4093510699458411 255.49986210546922 213.25011311506387 10.882707993732764 97.658300171548035 706.93291867035441 9.6718572760000807 80.692396732163616 60.786782974784728 6.0877655653748652 152.08897906704806 11.619099520146845 39.69271825812757 10.746712224557998 138.65704200020991 6.0188979837112111 5.3586806183448088 26.08169192657806 10.706657362403346 15.828862887574362 51.933776369551197 116.93881556531414 5.9649787095841047 24.735385921434499 8.5100906207226235 11.199760167393832 12.736476223682983 3604.5847687784699 47.691035254450981 4.2430880500469383 8.6569463402265665 2.9539262515027067 2.3806471772259101 6.3816407357808185 15.09069450618699 10.045877590775488 17.173592213774103 8.6670718786772323 19.394985271501355 13.027391128242018 15.525516987312583 6.165662034181878 4.8053312157280743 15.234845274593683 15.646255308995022 4.2995473545743144 3.6978280404582602 6.049794175196439 5.0448357607237986 14.600269336369822 25.314027316635475 8.8453609091229719 9.5236694851191697 13.348960197996346 139.70169912732672
leaf_count=354 8212 388 156 318 204 144 625 102 10871 5075 234 2363 10865 63 1684 1218 121 2687 93 792 560 2105 134 115 464 167 218 807 1795 104 533 195 142 179 47296 2507 184 339 154 133 144 156 89 328 142 369 121 153 143 104 187 177 198 108 170 141 376 681 203 269 441 4068
internal_value=9.33564e-05 -0.00393957 0.00338516 -0.0098818 -0.00619852 -0.00555574 0.00528518 0.0241668 0.000449993 0.00522425 0.00687776 0.000255474 -0.00197443 -0.000311542 0.00685843 0.00070137 0.000874843 0.00666987 0.00531384 -0.00554511 0.000659073 0.00336601 0.00555877 0.0110381 0.00925902 0.0154031 0.0269616 0.00139051 0.0016561 0.00577484 0.0173118 0.0303647 0.020686 0.0178274 0.000210228 0.00480918 0.0195775 0.0367462 0.0490765 0.0856706 -0.00174044 0.00754547 0.00791752 0.0124652 0.0242043 0.000210557 0.0144374 0.0223546 -0.00357929 0.0402826 0.000572674 0.0104793 0.00327024 0.022349 0.0433444 0.00225535 0.0105584 0.0193061 0.0138807 -0.00365762 -0.000364029 0.00112038
internal_weight=6608.12 536.886 126.548 26.2563 410.338 398.497 50.3187 14.4648 6071.23 237.678 224.133 5833.55 972.105 716.605 100.292 4861.45 4730.09 169.796 163.708 131.361 4560.29 648.607 453.759 188.752 177.928 99.9122 39.272 78.0155 265.007 167.349 50.4102 25.6748 19.7099 28.5653 3911.68 307.098 28.9813 18.2346 13.9915 5.33457 194.848 56.1909 60.6402 50.5943 25.8407 24.7537 41.1002 28.5529 12.5473 10.8242 70.5738 30.8811 278.117 14.0472 9.74762 264.07 63.3282 39.2042 34.1594 24.1239 200.742 187.393
internal_count=113468 11833 2546 474 9287 9083 871 246 101635 5663 5309 95972 21799 10928 2072 74173 71799 2901 2780 2374 68898 11070 8248 3116 2878 1607 564 1271 5132 2769 974 441 337 397 57828 10532 1370 810 626 287 2822 717 1043 954 470 484 561 274 287 238 1156 364 9162 476 278 8686 1670 1025 884 645 7016 6575
is_linear=0
shrinkage=0.03


Tree=18
num_leaves=63
num_cat=0
split_feature=27 14 7 16 10 10 20 11 5 22 13 7 14 20 0 28 21 22 13 7 8 13 11 25 6 8 16 13 16 12 22 11 27 16 13 5 22 20 25 12 16 7 23 12 27 22 12 9 7 0 5 14 14 11 12 4 28 9 22 14 13 12
split_gain=7.7214 9.18462 8.8107 13.0828 10.3074 9.63904 8.23419 13.2992 8.38864 10.8904 7.39621 7.19143 11.3151 10.0846 7.37559 8.13368 7.16561 9.67527 9.79251 7.89817 11.8117 9.79668 7.23469 6.92947 15.0304 8.72702 8.0213 8.67081 7.64359 15.6459 13.743 12.8896 8.62343 9.48901 6.71139 11.2683 19.4854 9.52994 8.31048 7.70183 12.327 11.9786 8.38304 7.53911 6.5113 9.66413 8.69011 6.78541 6.45774 6.43075 6.42776 19.6374 7.49787 6.21418 10.6637 6.48642 8.03445 13.3054 8.11066 7.97226 7.39756 9.60741
threshold=451.00000000000006 69.500000000000014 8.1666666666666696 0.06579398290104975 7.5000000000000009 7.5000000000000009 3.5000000000000004 0.11651583710407241 57.500000000000007 1650.0000000000002 0.14815784370758195 4.166666666666667 120.50000000000001 6.5000000000000009 5.5000000000000009 3.5000000000000004 10.500000000000002 1350.0000000000002 0.17594744666202902 4.8333333333333348 6.5000000000000009 0.053677512272098611 0.081666666666666679 1.5000000000000002 13.500000000000002 1.0000000180025095e-35 0.067511958753581999 0.1414291027211185 0.1007495383331254 516.50000000000011 1950.0000000000002 0.13188405797101452 487.00000000000006 0.1084155924278339 0.041099747007281258 103.50000000000001 1250.0000000000002 7.5000000000000009 2.5000000000000004 296.50000000000006 0.05137086262185224 9.8333333333333339 1.5000000000000002 1065.5000000000002 427.00000000000006 1650.0000000000002 754.50000000000011 0.082207207207207214 10.833333333333334 3.5000000000000004 54.500000000000007 439.50000000000006 575.50000000000011 0.075498575498575513 2124.5000000000005 4.5000000000000009 14.500000000000002 0.082207207207207214 1750.0000000000002 123.50000000000001 0.074170491692213902 3.5000000000000004
decision_type=2 2 10 2 2 2 2 2 10 2 2 8 2 2 2 10 2 2 2 8 2 2 2 2 8 2 2 2 2 2 2 2 2 2 2 8 2 2 2 2 2 10 2 2 2 2 2 2 10 2 10 2 2 2 2 10 10 2 2 2 2 2
left_child=1 -1 5 6 10 53 -4 34 9 -9 23 12 -3 44 15 -15 -13 -18 19 20 21 -19 -23 -5 26 -26 -25 28 30 48 31 -28 33 -31 35 37 -37 38 39 40 42 -42 -8 -41 45 46 -14 -47 -30 -48 52 -52 -32 54 -2 59 -57 -58 -59 60 61 -55
right_child=2 11 3 4 -6 -7 7 8 -10 -11 -12 16 13 14 -16 -17 17 18 -20 -21 -22 22 -24 24 25 -27 27 -29 29 32 50 -33 -34 -35 -36 36 -38 -39 -40 43 41 -43 -44 -45 -46 47 49 -49 -50 -51 51 -53 -54 55 -56 56 57 58 -60 -61 -62 -63
leaf_value=-0.010177881747358999 -0.0015284199890920893 0.012996587161117876 -0.010002726248630705 0.0046207150510716175 0.057766878496712068 -0.013378722899104342 0.0612961048024976 0.046829150264594797 0.062555468843362813 -0.032557215226105628 -0.012825089675736924 -0.0072060490333653738 -0.0045424874075169824 -0.024551405995629653 -0.0035811213480765594 -0.0024507370124960291 -0.0032701133628464476 0.044442652650215977 0.022929632833177265 0.0015998388602320023 -0.017767401285645707 -0.0018363052579589664 0.026860765136511051 0.057608134787396709 0.10718099745612561 0.023842500981923045 -0.0062078742719051594 0.059509536938441729 0.012051992520222016 0.086017367880090859 -0.0066950010566928517 0.037335794851094693 0.016347778188254405 0.028110541471957875 -0.0037367231409407183 0.14133750264091735 -0.00056094249447712259 -0.023691106831392767 -0.031377024296545666 -0.0054466177343444697 0.021061228046898646 0.1263035063058206 -0.010217439547191036 0.07758199939502243 -0.0048016956429511983 -0.02488162867297709 0.042243937310112348 0.0074631150711549042 -0.032302534586118557 0.011641586333614368 0.090900300942599696 -0.0022809491068773598 0.048416827323115835 -0.015471514403864961 -0.022870523729900536 0.0022543849328992439 -0.0057831909591641471 0.051183540895601884 0.01242340657623016 -0.00085730991421246365 -7.8470725644356302e-05 0.0080436238135163565
leaf_weight=113.9590396626154 834.61970722547267 31.844387539662421 70.140714996960014 184.09500377072254 3.6885520095238453 47.201688657863997 2.2508324939990505 3.4033837121678499 5.0342145680915564 2.8639447826426476 15.596897933632134 94.022934580687433 12.71605956321582 55.316690954146907 48.457637897925451 20.556599276605994 232.1810734969913 11.401785484864375 24.08186736702919 347.03620486852014 8.6775394605938327 16.384363275952641 15.280332300812004 3.3384961103438391 2.367312087211757 2.1652239078539424 60.287193649681285 3.158363892696797 8.6744910379638913 5.2930100045632589 6.7246194893959927 6.8093924554996184 7.8631217824295154 4.9088617464294657 109.37107754684985 1.5610549874836572 1.9701753309927879 7.5675939308130173 3.0444118939922182 9.285223057959227 1.6975348679115998 2.281571512517985 4.2814034548355266 1.1009574236231845 236.67046422674321 11.854012082330884 11.610961386701094 11.500507287681101 4.4799919201759613 13.212758184876291 4.3541822249535453 3.8223675314802676 3.3179272123379633 16.632947873324156 21.616332812234759 1069.5425411709584 13.334858117625116 10.410737115889789 9.1109594551380706 2177.6371322841151 315.36610158428084 261.1518708888907
leaf_count=2848 10974 274 4056 7156 176 826 207 121 172 113 200 1783 149 515 437 201 6697 192 169 12420 118 204 182 161 142 141 2448 46 268 160 260 177 214 159 4798 122 225 611 243 877 84 202 404 106 2082 109 129 116 178 109 136 116 121 347 267 17978 250 168 134 22165 2993 4419
internal_value=1.93707e-05 -0.00203795 0.0005273 0.00409867 0.00789757 0.000110995 -0.00146788 0.00237662 0.0337169 0.0105524 0.00733549 -0.00126673 -0.00424722 -0.00554877 -0.0127242 -0.0185636 0.000538672 0.00165033 0.00435199 0.00323011 0.014164 0.0205979 0.0120119 0.00834442 0.0137183 0.0673696 0.0117418 0.0104624 0.00913316 0.0218343 0.00448544 -0.00178878 0.0399572 0.0581542 -7.60456e-05 0.0113499 0.0621683 0.00565471 0.0149304 0.0216766 0.0397804 0.0814059 0.0144242 0.00335459 -0.00255067 0.00619812 0.0156247 -0.00895405 -0.00305373 0.0259554 0.0275919 0.04734 0.0115132 0.000245628 -0.00206722 0.000756923 0.00270328 0.0173156 0.0330938 -1.7463e-05 0.00306587 0.00663561
internal_weight=6650.19 1316.77 5333.42 556.799 330.945 4776.62 225.854 155.713 11.3015 6.26733 327.256 1202.81 453.74 421.896 124.331 75.8733 749.066 655.043 422.862 398.78 51.744 43.0665 31.6647 311.66 127.565 4.53254 123.032 119.694 116.535 31.2195 85.3157 67.0966 18.065 10.2019 144.412 35.0408 3.53123 31.5095 23.9419 20.8975 10.5113 3.97911 6.53224 10.3862 297.565 60.8943 37.5398 23.3545 13.1545 24.8237 18.2191 8.17655 10.0425 4729.42 856.236 3873.19 1102.4 32.8566 19.5217 2770.79 593.151 277.785
internal_count=113855 28734 85121 24600 12259 60521 12341 8285 406 234 12083 25886 4121 3847 1153 716 21765 19982 13285 13116 696 578 386 11883 4727 283 4444 4283 4237 979 3258 2625 533 319 7879 3081 347 2734 2123 1880 897 286 611 983 2694 612 387 225 446 238 633 252 381 59695 11241 48454 18530 552 302 29924 7759 4766
is_linear=0
shrinkage=0.03


Tree=19
num_leaves=63
num_cat=0
split_feature=27 7 14 15 12 20 13 14 21 7 0 15 7 20 3 1 16 9 16 21 3 12 3 12 21 3 4 15 16 10 15 13 12 24 4 7 12 13 21 9 13 13 0 27 9 9 14 16 10 9 15 15 7 13 12 12 7 15 3 22 12 15
split_gain=6.63148 7.64466 9.72846 7.81753 7.40893 8.0665 12.2415 8.30277 7.01886 7.53659 11.928 11.9143 7.40548 7.01612 7.09154 11.1681 6.86045 9.73255 6.82803 8.8477 7.78458 6.5792 6.46699 6.43012 7.52792 6.11524 7.9947 12.0608 10.0064 9.38097 8.97669 12.3745 10.0403 11.8602 9.91693 11.7156 9.19715 13.3524 10.9037 11.9345 11.7685 8.73127 8.57642 8.05259 16.5343 11.3518 7.83617 10.0685 7.73811 7.7319 8.82083 8.1582 7.62121 11.7398 11.3058 12.3559 9.02929 9.83195 7.71241 7.50245 7.77824 9.45253
threshold=455.00000000000006 4.5833333333333348 138.50000000000003 0.036703983618262416 1572.5000000000002 3.5000000000000004 0.055210221668400054 642.50000000000011 11.500000000000002 4.416666666666667 2.5000000000000004 0.068754671150971614 5.166666666666667 6.5000000000000009 0.34549071618037142 1.5000000000000002 0.096785404321812971 0.11651583710407241 0.089133824181972535 13.500000000000002 0.31866537717601556 2077.5000000000005 0.29099462365591405 1775.5000000000002 15.500000000000002 0.19399641577060936 3.5000000000000004 0.065880365659777437 0.10743264344919562 7.5000000000000009 0.12926610325349217 0.083046463952220706 321.50000000000006 2.5000000000000004 5.5000000000000009 2.8333333333333335 586.50000000000011 0.16221315655277921 14.500000000000002 0.089572192513368995 0.11010185896740797 0.06015280763357294 16.500000000000004 517.00000000000011 0.070197044334975381 0.16397849462365593 475.50000000000006 0.10938453729049503 2.5000000000000004 0.10300618921308578 0.062213729781892692 0.030323019109298795 6.416666666666667 0.050014052838673419 26.500000000000004 154.50000000000003 5.166666666666667 0.096163282252585511 0.29478609625668456 1250.0000000000002 348.50000000000006 0.056005464480874324
decision_type=2 8 2 2 2 2 2 2 2 10 2 2 10 2 2 2 2 2 2 2 2 2 2 2 2 2 10 2 2 2 2 2 2 2 10 10 2 2 2 2 2 2 2 2 2 2 2 2 2 2 2 2 10 2 2 2 10 2 2 2 2 2
left_child=1 13 -3 -4 25 6 22 18 16 -10 11 -11 23 14 15 -1 -7 -18 21 -20 -21 -8 -6 -12 -25 -2 43 28 49 30 31 32 33 52 35 -33 -37 38 39 40 -38 -34 -36 -27 -45 59 47 -30 -40 50 51 -28 53 -29 -54 -56 57 -55 -57 -46 -61 -62
right_child=4 2 3 -5 5 8 7 -9 9 10 12 -13 -14 -15 -16 -17 17 -19 19 20 -22 -23 -24 24 -26 26 27 29 46 -31 -32 34 41 -35 42 36 37 -39 48 -41 -42 -43 -44 44 45 -47 -48 -49 -50 -51 -52 -53 54 56 55 58 -58 -59 -60 60 61 -63
leaf_value=-0.0010239641595625414 -0.0039956797633485296 -0.0061582823412148083 -0.0093799773851845816 0.0022887619855481312 0.00095417182620941335 0.0010598943028367524 -0.013493513142124972 -0.014833031514554959 -0.0063028599714125156 -0.0093189289488911451 -0.0097370314545455229 0.036887482298704727 -0.0051907603792023778 -0.0093995204020466232 -0.0073637059344372827 0.025001886166628164 0.0041873268708591026 0.036551519569455709 -0.013403210312314754 -0.00057194693370049825 0.036455698593703366 0.014185822443996623 0.043376460506429161 0.0036118468166565932 0.038299139143896044 -0.00068703320653836744 -0.0074813175225821775 0.0071325348551704477 0.055560668212755571 -0.024527728704612211 -0.0025431376093736891 -0.0052773187169722919 0.0033807584125667154 -0.0096707155467993522 0.0045166429154862645 0.0087903646313921575 0.0086639002263981368 0.00049081434659800237 0.031321645841516338 -0.0049980993534937315 0.046632248383340166 -0.0062905156690933927 0.036936875808291129 -0.015239949163035156 0.021290481883819348 0.029764138845217655 -0.016458379273371817 0.012201598611583694 0.06158024347662109 -0.008351992169440518 -0.010628877170596124 0.0034185655566777986 0.058475257617044793 0.040269686478860874 -0.015340548798174021 0.0086300847517553469 0.054144182024369804 0.00030120908232471923 0.057627088578574015 0.011563014249747983 -0.024949706317744007 0.0019718663875372463
leaf_weight=277.3471926334314 229.60402709583286 193.22066012216965 55.912596353096887 681.47830905317096 6.9513612408190948 71.727728602942079 45.52275676233694 110.03398759744596 197.29395150800701 7.3277527471655075 9.0962646366097051 15.963568962644784 95.121117162867449 182.39652211056091 167.92861561896279 15.678147635422645 20.624322757590562 14.065871155820785 10.709797017276289 9.1205103483516741 11.621209640987216 9.3091303089167905 6.0479233111254871 11.81818101555109 10.755399019923061 2140.47644848458 74.551179959555157 33.864595639985055 5.9167658489896011 9.9875259106047434 136.25299658451695 24.863359986804426 215.63926141901175 25.541911029140465 272.5435029201908 77.040665128268301 14.276656857691707 20.206847642082721 31.405843670479953 14.570483080111442 15.137248993851243 137.63907422008924 7.5470814069267353 31.040993535425514 24.782964677549899 19.936903970781714 6.2648339387960723 26.00290916103404 10.037459469400345 122.6266597880749 60.964819658081979 361.34248589031631 3.2877699411474159 11.557293352205308 22.919701200095005 25.607104846625592 11.210512082325293 10.637612576596437 3.2593142767436794 64.752618492813781 13.725308140506966 81.062928937608376
leaf_count=2758 9852 5690 3730 18032 205 762 589 1366 1812 184 108 240 1976 1748 1302 194 168 111 89 125 99 108 91 128 116 22742 2858 510 117 237 1739 192 5264 606 3968 700 137 147 332 132 136 2585 139 254 274 156 122 501 116 2620 1413 9662 115 143 876 993 196 115 82 861 185 755
internal_value=-0.000203816 -0.00190453 -0.000166154 0.00140398 0.000325082 -0.00263097 -0.00750286 -0.00936975 -0.000383758 -0.00244882 0.0026176 0.0223503 -0.00100728 -0.0044191 -0.00244837 0.000368534 0.00635714 0.0173101 -0.00240263 0.00874035 0.020174 -0.00879423 0.0206912 0.0115579 0.0201389 0.000770773 0.00103331 0.00254577 -0.000686857 0.00441884 0.00467581 0.00567056 0.00236011 0.00892308 0.0090729 0.014043 0.0166726 0.0224213 0.0276086 0.017205 0.0282035 -0.00038722 0.00539021 -0.000107947 0.00515985 0.00825995 0.014218 0.0202388 0.0386502 -0.00160558 5.94623e-05 0.00155435 0.0128049 0.0195799 0.00452971 0.00110484 0.0321983 0.0211135 0.0141623 0.00593401 0.00354855 -0.00192637
internal_weight=6635.16 1573.96 930.612 737.391 5061.2 663.111 209.317 196.317 453.794 347.376 150.082 23.2913 126.791 643.35 460.954 293.025 106.418 34.6902 86.2834 31.4515 20.7417 54.8319 12.9993 31.6698 22.5736 4398.09 4168.48 1792.7 657.67 1135.03 1125.05 988.793 501.164 147.886 487.629 207.539 182.675 105.635 85.4277 43.9844 29.4139 353.278 280.091 2375.78 235.302 204.261 38.1845 31.9197 41.4433 619.485 496.858 435.894 122.344 67.27 55.0739 51.7861 33.4054 22.1949 28.8664 184.324 159.541 94.7882
internal_count=113563 33454 27452 21762 80109 8277 2672 2376 5605 4564 2752 424 2328 6002 4254 2952 1041 279 1010 313 224 697 296 352 244 71832 61980 36753 17293 19460 19223 17484 11485 3636 5999 1892 1700 1000 853 405 273 7849 4107 25227 2485 2231 740 618 448 16553 13933 12520 3030 964 2066 1951 454 258 1075 2075 1801 940
is_linear=0
shrinkage=0.03


Tree=20
num_leaves=63
num_cat=0
split_feature=3 5 17 27 15 11 27 11 21 28 20 5 16 9 13 14 13 13 13 4 14 21 14 17 14 3 16 27 27 15 14 15 21 3 16 3 27 16 12 4 16 14 14 27 27 6 27 12 20 13 27 9 19 15 6 15 19 28 28 5 21 27
split_gain=8.14583 7.51136 7.44342 13.8344 6.95583 8.9839 9.87414 7.68389 6.91885 6.57684 10.1942 9.74408 8.81828 10.4284 7.75327 8.76155 7.88896 7.74533 10.7463 8.71323 13.1607 12.4644 12.6999 8.55973 7.83211 6.28708 6.1418 7.0019 12.9457 6.23786 6.10242 8.64267 6.07548 8.81439 7.2629 8.08046 7.2104 6.01452 10.0921 10.0774 9.60203 22.872 15.5341 9.4758 7.38025 9.118 9.27192 8.17717 6.46918 6.65166 6.07549 13.3234 11.1724 7.66542 6.42398 6.45033 9.18654 6.87049 13.6699 17.3837 12.8382 8.02914
threshold=0.51668520578420474 27.500000000000004 5.5000000000000009 475.00000000000006 0.11536101934874943 0.12250000000000001 501.00000000000006 0.070197044334975381 15.500000000000002 -2.4999999999999996 4.5000000000000009 15.500000000000002 0.064086254465849687 0.14039408866995076 0.059875235748425688 108.50000000000001 0.12605337909811815 0.068540313184968713 0.099188637635364216 6.5000000000000009 475.50000000000006 15.500000000000002 204.50000000000003 3.5000000000000004 273.50000000000006 0.26568627450980398 0.10675072365849944 425.00000000000006 419.00000000000006 0.079474126621259619 818.50000000000011 0.090148500470735651 9.5000000000000018 0.39736842105263165 0.050446051290213782 0.23431372549019611 457.00000000000006 0.05137086262185224 276.50000000000006 10.500000000000002 0.057217737504349907 198.50000000000003 472.50000000000006 479.00000000000006 441.00000000000006 1.5000000000000002 487.00000000000006 114.50000000000001 4.5000000000000009 0.080462959419291477 451.00000000000006 0.10435571687840291 542.50000000000011 0.1372931810578181 6.5000000000000009 0.056005464480874324 577.50000000000011 3.5000000000000004 6.5000000000000009 45.500000000000007 14.500000000000002 475.00000000000006
decision_type=2 8 2 2 2 2 2 2 2 10 2 10 2 2 2 2 2 2 2 8 2 2 2 2 2 2 2 2 2 2 2 2 2 2 2 2 2 2 2 10 2 2 2 2 2 10 2 2 2 2 2 2 2 2 10 2 2 10 10 10 2 2
left_child=1 4 37 -4 7 6 8 30 -6 10 26 -12 17 14 25 -16 -17 19 24 23 21 22 -21 -13 -19 -14 27 28 -9 -28 -1 -32 33 34 -11 -36 -37 39 40 50 41 44 43 -43 -39 46 47 -46 -47 -50 51 -3 -53 54 55 56 -52 -57 59 60 -59 -61
right_child=-2 2 3 -5 5 -7 -8 9 -10 32 11 12 13 -15 15 16 -18 18 -20 20 -22 -23 -24 -25 -26 -27 29 -29 -30 -31 31 -33 -34 -35 35 36 -38 38 -40 -41 -42 42 -44 -45 45 48 -48 -49 49 -51 53 52 -54 -55 -56 57 -58 58 -60 61 -62 -63
leaf_value=-0.0065320744727555011 -0.014979989956073634 -0.010094219888717089 -0.013402580141618228 0.00052504752676626489 -0.012818586465737082 -0.02107285905372764 0.0095453761346704011 -0.0098175194340242109 0.00056903103576445878 -0.0074829370668101974 -0.00051595813912606999 0.012383249848897607 0.00071930592695922514 0.033764209703501927 -0.029813243264483116 -0.0069643037065956316 0.017145217646854949 0.029687922051519159 0.014711855240157744 0.040667913287003081 -0.031586734335700396 0.0049229289588118294 0.14941393448225027 -0.024363141932128622 0.075586129998088003 0.027012459037440005 -0.0066331610208870346 -0.004916902772791081 0.062812459574927912 0.028794542636834966 0.040610608441496499 -0.0075327361187588161 -0.0019611223652959003 -0.024355451874857072 -0.0037114375236814152 0.0012767406104302469 0.023912156841334273 -0.028011147317557123 0.00069576562289815817 -0.013116596247798172 0.0036559909055459234 0.09915158057722033 0.0080306024676369131 0.039036476294777391 0.057947123430214437 -0.027222049043356372 0.0016942000212935063 0.010089630624639639 -0.010365172730419859 0.033672270647985489 -0.0037071049316688481 0.041204209212040689 -0.011066039270683297 -0.016469900738295844 -0.014308664075457007 0.0021507318312947478 0.02446352334218874 0.018314336156221779 0.00122980869965679 0.033602457330852535 0.068059796300738676 -0.0041018348094273363
leaf_weight=269.66910351411207 33.277294341474771 108.14247059664922 94.682163126184605 199.28955449233763 88.647698353393935 32.707782443379983 38.299139618757181 5.0080933882854861 57.136298452271149 22.651543206069618 112.19639475335134 20.392581520602111 15.824656593613325 10.597464815247802 9.7405567599926126 36.723089275415987 18.302527261897922 7.3885856162523869 17.187857849290594 2.0704969560611048 1.9228744604624806 2.4413694480317645 1.8127343378728253 7.9214015603065482 6.115540086873807 16.953281783964485 7.5547726011136573 192.53118280530907 3.9513293026247993 10.964848543982951 6.0921302728820574 7.4721412132494152 1222.0678567617433 8.3863938972353917 22.503538144635968 17.883225693134591 43.41054343432188 5.1373984838137394 2650.1978750066482 61.815525540499948 587.64044191309949 5.1357359830290061 5.4598729781573629 4.366146510001272 8.1160345806274581 7.4189481309149441 10.829025605227796 5.3192099315347141 7.38480052561499 5.3041428229771554 166.54109083511867 9.0174352044705284 6.2180094849318257 21.570331024704501 21.285055056097917 195.03553330583964 11.113658490125088 8.3992558070458472 48.598307489650324 7.3343660817481604 10.513790255761705 16.560309641296044
leaf_count=4904 256 3401 2744 5113 914 306 365 200 652 386 2304 248 526 139 97 488 151 122 179 112 117 156 109 111 109 189 150 3610 103 134 105 131 20516 60 508 157 375 188 39152 3654 9984 181 155 98 162 160 159 101 191 52 3545 140 115 197 911 2971 259 101 717 106 151 222
internal_value=-0.000174315 -0.000100035 0.000646423 -0.00396075 -0.0014654 -0.00658465 -0.0040104 -0.000943808 -0.00757165 -0.000237352 0.00266987 0.00638839 0.010805 0.0055002 0.00242952 -0.00358748 0.00105496 0.0193348 0.0304466 0.0100069 0.0371425 0.0580383 0.0914317 0.00210271 0.0504736 0.0143186 -0.00219088 -0.0037105 0.0222141 0.0143424 -0.00554447 0.0140899 -0.00134118 0.0052562 0.0075891 0.0116633 0.017308 0.000985488 0.00151843 -0.00155726 0.00486177 0.0158522 0.0483567 0.0715285 0.00602935 0.00997056 0.0223504 0.0389996 -0.00496826 0.00804305 -0.000423652 -0.0063939 0.0198713 0.00102934 0.00180701 0.00254613 -0.00194482 0.00533147 0.0121183 0.0244797 0.0459679 0.00747133
internal_weight=6666.23 6632.96 4288.43 293.972 2344.53 216.791 184.083 2127.74 145.784 1844.5 507.602 287.591 175.395 108.142 97.5441 64.7662 55.0256 67.2534 30.692 36.5615 8.24748 6.3246 3.88323 28.314 13.5041 32.7779 220.01 201.491 8.95942 18.5196 283.233 13.5643 1336.9 114.835 106.449 83.7973 61.2938 3994.45 3302.31 692.145 652.112 64.4713 14.9618 9.50188 49.5096 44.3722 24.2643 13.4352 20.1079 12.6889 630.33 123.378 15.2354 506.952 485.381 464.096 177.655 286.442 91.406 42.8077 18.913 23.8947
internal_count=113919 113663 74930 7857 38733 2237 1931 36496 1566 31356 9354 5157 2853 1590 1451 736 639 1263 410 853 494 377 221 359 231 715 4197 3913 303 284 5140 236 22002 1486 1426 1040 532 67073 50583 16490 11431 1447 434 279 1013 825 422 263 403 243 12836 3656 255 9180 8983 8072 3804 4268 1297 580 252 328
is_linear=0
shrinkage=0.03


Tree=21
num_leaves=63
num_cat=0
split_feature=27 14 5 16 15 4 15 13 20 21 16 13 28 16 16 2 13 8 27 3 2 2 16 16 13 2 13 21 1 16 28 2 13 5 13 15 21 16 14 28 5 18 5 20 28 27 13 19 20 0 20 4 15 27 13 2 19 27 12 19 8 14
split_gain=6.55068 12.3204 7.41921 8.04179 7.23398 7.63698 8.43666 10.4494 8.87446 14.7383 7.78472 7.24928 13.0143 6.77515 8.82189 8.15723 7.63514 7.03964 6.85434 6.61136 6.43574 6.17124 6.17663 5.90766 8.75575 6.94942 15.8132 6.78454 7.83288 6.6407 9.91941 6.6367 6.62134 7.3532 9.64504 7.00842 6.72797 7.8937 6.33718 11.1883 14.1608 12.2814 9.66767 12.8773 10.1026 9.58833 9.49643 12.25 12.1458 12.1031 10.4604 10.4413 9.00949 8.50888 10.3608 7.82099 7.60584 7.9058 11.8558 7.49419 7.41484 13.4183
threshold=451.00000000000006 72.500000000000014 15.500000000000002 0.089942956147623168 0.13868050791222883 4.5000000000000009 0.018661691542288559 0.056243505786752836 6.5000000000000009 8.5000000000000018 0.10895094865427267 0.22490640063878239 -14.499999999999998 0.094682703198521054 0.081105580061936813 0.12158167036215818 0.055566427484235709 9.5000000000000018 459.00000000000006 0.26568627450980398 0.21132376395534294 0.070598006644518277 0.066684036824735116 0.059651025611751729 0.17209058298152716 0.032795698924731186 0.04763598184650817 15.500000000000002 2.5000000000000004 0.031236061552185553 -7.4999999999999991 0.059411764705882358 0.037744535946349779 47.500000000000007 0.03171423450751603 0.046526254205060701 10.500000000000002 0.033964149058488692 330.50000000000006 17.500000000000004 140.50000000000003 1.5000000000000002 27.500000000000004 1.5000000000000002 -1.0000000180025095e-35 487.00000000000006 0.040337918606933226 512.50000000000011 6.5000000000000009 10.500000000000002 7.5000000000000009 7.5000000000000009 0.035612373480752822 467.00000000000006 0.049897108451079947 0.070598006644518277 525.00000000000011 521.00000000000011 492.50000000000006 542.50000000000011 2.5000000000000004 682.50000000000011
decision_type=2 2 8 2 2 8 2 2 2 2 2 2 10 2 2 2 2 2 2 2 2 2 2 2 2 2 2 2 2 2 8 2 2 10 2 2 2 2 2 10 10 2 8 2 10 2 2 2 2 2 2 8 2 2 2 2 2 2 2 2 2 2
left_child=1 -1 3 -3 5 6 7 -2 10 -10 -8 23 -13 14 17 16 -15 19 -16 -11 -4 -6 -23 24 25 26 -7 28 31 30 -29 32 33 -27 -35 36 -34 -38 42 45 41 -41 43 44 -25 60 47 -44 49 52 -49 59 -48 -54 55 -55 -56 -58 -59 -50 -40 -62
right_child=4 2 20 -5 21 11 8 -9 9 13 -12 12 -14 15 18 -17 -18 -19 -20 -21 -22 22 -24 38 -26 27 -28 29 -30 -31 -32 -33 35 34 -36 -37 37 -39 39 40 -42 -43 46 -45 -46 -47 48 50 51 -51 -52 -53 53 54 56 -57 57 58 -60 -61 61 -63
leaf_value=-0.011249756824130932 0.041632555182877937 -0.0028098229309662828 0.00016185646503916111 -0.017210390906523074 -0.015507388031846791 -0.030712329791312984 -0.0011505857371976471 -0.0018982308625006405 0.026266095726019397 -0.0046535254570620986 -0.0082942933070249848 -0.022171982817037455 0.0019216725512306171 0.017164539810698813 0.014168839262699705 0.013992433836462148 -0.0023169764392858014 -0.012085794205579817 -0.0093324732894890534 0.0050671554396558198 -0.026371472917895458 -0.011934384739062309 -0.00036680161454366583 0.0032232022027427207 -0.028839126664671463 -0.0026681125174871393 0.086722671122699019 0.04687040490895366 0.03522116671802987 -0.0053284904699547097 0.0021595862358359578 0.0038507322149512807 0.046356563482017575 0.0089699264814109107 0.096091780325589016 -0.015980027018663932 0.034818302920229423 -0.013782941428082665 0.0073506099315785566 0.031593891157040796 0.064047575118763397 -0.032831271581234445 0.071294251042906404 -0.0038978660735924137 0.053706723265492591 -0.0021262501003226956 -0.010082435615916423 0.010912596791174803 0.033230332191846838 0.048241173188425385 0.052691999760613187 -0.0071945402127065929 0.00032475552059800468 0.022566700732343025 0.04556647116265506 -0.017854855619622488 0.011851034764617943 0.012975857045106313 0.065325157790893554 0.0022247968592287296 -0.003715147204268993 0.01176399334808495
leaf_weight=116.49309956619982 9.554189463611694 128.96380993071944 1016.8695203383104 47.850380767427851 36.819808655185625 1.7489769262028847 1629.1999321607873 10.327849022578446 22.113507328089327 80.173530437983572 149.92349142255262 31.077557237818837 57.524752485565841 22.283663928275928 12.333937053568659 74.591497730463743 96.567056029802188 30.1606206856668 118.2817586120218 293.47831688425504 8.2944130362011474 50.654469073750079 230.98700433480553 7.9385507298866287 9.3318992983549816 9.1815785070648399 2.5172713081119582 4.8647049068240449 6.5173321380279949 252.40095025248593 54.467197416001 354.36987125471933 3.0485998135991421 2.913899566512554 1.8824874103302134 46.68569389777258 3.954207333619709 12.564483252586795 277.39844256767537 6.7435352484462801 5.7712714849039903 4.4010372787015513 3.7307326410664237 136.78800712019438 6.4795231583993864 416.70637456042459 22.171501339995302 52.302981971646659 10.762540424009787 6.993292713770642 6.0135357615072271 89.835892925446387 65.026340075011831 5.9199530562618774 7.0645018725190303 15.821638145833274 163.66285484773107 9.7947159155737626 6.4626624952070406 20.154462348204106 193.7285173611599 68.125655738986097
leaf_count=2933 131 3238 21656 835 406 152 15183 99 165 1023 1227 170 429 232 120 656 721 370 1025 2467 86 498 2006 182 81 532 120 188 125 8829 1843 9395 126 160 101 1302 130 481 6264 138 126 115 148 3387 172 8430 589 1706 149 177 230 1671 1229 180 110 415 2487 160 98 306 4595 1539
internal_value=-4.10453e-05 -0.00193448 -0.00103166 -0.00670698 0.000427128 0.000705609 -0.000445743 0.0190202 -0.00059877 0.0021383 -0.00175257 0.00189626 -0.00652926 0.00140527 -0.000336075 0.00621613 0.00133567 0.00185605 -0.00711326 0.00298141 -5.28198e-05 -0.00395726 -0.00244728 0.00221042 4.25821e-05 0.000398566 0.0385794 0.000182203 0.00257629 -0.00320556 0.00582549 0.00208675 -0.00570455 0.0130585 0.0431635 -0.00966315 0.0054083 -0.00214888 0.00324256 0.00171957 0.0259046 0.00615213 0.00556888 -0.00105551 0.0259106 0.00129161 0.00763108 0.0185924 0.00602578 0.00923284 0.0152208 -0.00201938 0.00831099 0.00980069 0.0127528 -0.00684859 0.015032 0.013833 0.0337858 0.0130182 0.00393275 0.000312005
internal_weight=6650.77 1318.47 1201.98 176.814 5332.3 5013.84 2548.99 19.882 2529.11 749.984 1779.12 2464.85 88.6023 727.87 534.428 193.442 118.851 403.812 130.616 373.652 1025.16 318.461 281.641 2376.25 766.449 757.117 4.26625 752.851 441.118 311.733 59.3319 434.601 80.2309 13.978 4.79639 66.253 19.5673 16.5187 1609.8 972.875 16.9158 11.1446 636.924 151.206 14.4181 955.959 485.718 62.0473 423.67 302.917 58.3165 120.753 295.924 273.753 208.726 21.7416 186.985 179.92 16.2574 30.917 539.253 261.854
internal_count=113844 28748 25815 4073 85096 82186 23419 230 23189 6779 16410 58767 599 6614 5005 1609 953 3860 1145 3490 21742 2910 2504 58168 23565 23484 272 23212 12352 10860 2031 12227 2832 793 261 2039 737 611 34603 21207 379 253 13396 3741 354 20828 9655 2084 7571 5445 1936 2126 5268 4679 3450 595 2855 2745 258 455 12398 6134
is_linear=0
shrinkage=0.03


Tree=22
num_leaves=63
num_cat=0
split_feature=7 15 12 16 15 27 17 13 2 16 15 3 16 16 14 13 13 13 2 15 16 16 2 7 22 14 27 6 15 13 15 16 13 21 11 14 12 16 19 19 27 14 15 27 13 7 27 12 24 20 19 16 16 12 7 15 14 14 14 14 13 16
split_gain=7.42557 10.3342 8.8213 7.76704 9.82342 8.92646 7.52705 12.263 9.83341 8.59344 8.38589 9.86169 11.2712 8.52603 7.48689 7.35577 7.21357 7.46333 7.04244 12.5081 9.36613 8.76626 9.02928 10.6137 9.89994 9.5822 8.64124 10.7965 13.3347 8.96332 8.78748 9.5316 8.34759 8.01517 8.41421 7.86703 7.83035 7.6477 7.35901 7.22898 9.0448 8.46039 7.15059 7.10162 12.2421 13.5395 16.921 12.0641 9.54652 9.50516 12.4922 12.6441 10.9411 8.70439 8.44433 8.20392 7.67959 7.6738 7.5485 6.90062 8.61254 7.08761
threshold=5.166666666666667 0.017952259526845166 281.50000000000006 0.038637409049092589 0.023268118616955828 523.00000000000011 5.5000000000000009 0.065550398652636385 0.05634920634920635 0.037387240958959782 0.059291704672139463 0.27681992337164757 0.096307785712683794 0.1084155924278339 542.50000000000011 0.11637817544624214 0.10476439921175386 0.081946556610715593 0.11651583710407241 0.10063226201897453 0.045298140248834946 0.046006480847424869 0.089572192513368995 8.8333333333333339 1550.0000000000002 408.50000000000006 487.00000000000006 5.5000000000000009 0.075917783036152375 0.046519702842377268 0.081913078207828047 0.094335128138286886 0.27191439544279944 14.500000000000002 0.12771739130434787 602.50000000000011 2124.5000000000005 0.1057461127576771 557.50000000000011 572.50000000000011 507.00000000000006 626.50000000000011 0.081029487767417155 447.00000000000006 0.068029092167840602 12.16666666666667 469.00000000000006 1362.5000000000002 1.5000000000000002 5.5000000000000009 557.50000000000011 0.072734539641014465 0.08667632932499135 1731.5000000000002 8.8333333333333339 0.065227975106896416 727.50000000000011 21.500000000000004 863.50000000000011 288.50000000000006 0.080462959419291477 0.059980795087081019
decision_type=8 2 2 2 2 2 2 2 2 2 2 2 2 2 2 2 2 2 2 2 2 2 2 8 2 2 2 10 2 2 2 2 2 2 2 2 2 2 2 2 2 2 2 2 2 10 2 2 2 2 2 2 2 2 10 2 2 2 2 2 2 2
left_child=1 2 -1 5 -5 -3 18 -8 -9 16 -11 12 -12 -14 -13 -16 17 -10 21 20 33 22 -2 24 -24 -26 43 32 29 -29 -30 35 36 -20 -35 -32 37 42 -39 -22 41 -41 -28 54 47 56 -47 48 -45 50 51 -49 53 55 -23 -51 59 -50 -58 60 -46 -61
right_child=6 3 -4 4 -6 -7 7 8 9 10 11 14 13 -15 15 -17 -18 -19 19 -21 39 26 23 -25 25 -27 27 28 30 -31 31 -33 -34 34 -36 -37 -38 38 -40 40 -42 -43 -44 44 45 46 -48 49 57 52 -52 -53 -54 -55 -56 -57 58 -59 -60 61 -62 -63
leaf_value=0.039811489894009913 -0.0040636380681400098 0.0023829787480872974 0.0016974922548138199 -0.01778184616156674 -0.0015739668201506577 0.027613114053386824 -0.011707916752848199 -0.012007623088009326 0.019258955721841223 -0.013625754863348933 0.0082286232697355317 -0.021165965145742198 0.077895695656796174 0.02237710874876692 -0.0090771197112559689 0.040241950463623263 0.0032964911398227249 0.078479712433984064 0.051312559501894686 -0.0025278941839045471 0.0053360975877596185 0.0012764718063111478 -0.017627445087550715 0.054419699687622947 0.051143117755250003 -0.0072608490916496182 0.00028173126629586504 0.01472858399956019 0.054563061435320429 -0.012230769661465742 -0.0034110028371343274 0.029326141227947945 -0.0323649493225188 0.035576231121134318 -0.019787188806650365 0.037484373208298845 -0.022793056024664426 -0.004532903649169793 0.016381621862459689 0.013903061376230841 -0.003002481140255607 0.054210171336210915 -0.0071451871756191537 0.0090581540240882979 -0.0098074070855212019 -0.0072948324026715812 0.080412320938581056 0.065296401884841093 0.032930731374896959 0.061344232709765745 -0.011077383626809073 0.007025913493468065 0.064849242310879338 -0.018381147331687348 -0.010347539438104096 0.0056078374813198903 0.018192331361117208 -0.0014494647374127131 -0.0044780220932667631 0.0081730413205833973 0.005843418667887252 -0.0059898317672628463
leaf_weight=10.149774107150735 443.08504017360974 240.31608891091309 11.841106265317647 34.021917296107858 3122.7042552087223 13.320212122518567 109.61799063114449 33.13861220004037 3.905882911407387 19.762377201812342 25.284836647682823 13.134925599209966 4.2712887071538699 5.9678252222947776 6.2743875833693874 4.8067928613163531 5.5111440748441964 3.7579985994379967 8.2910602074116468 132.49871401465498 210.97326832311228 353.1288626161404 9.2739787704777026 4.8486993697006247 5.6836862936615926 4.5540291087236255 241.43719818274258 16.135749277891591 5.1540645622881121 35.558992675272748 26.498507801559757 20.69038870325312 8.6289968974888307 5.6729574236087501 4.3767885977867991 5.0385354752652338 16.795674058841541 25.570586247602478 37.12415125197731 9.6431997511535936 9.0646664593368751 9.1183775848476198 225.77627956192009 297.89354811806697 38.330522944452241 3.6862293871818101 4.2763040807330981 5.4615024949889657 6.0803749763872466 5.1124878244008887 13.159983465215189 8.6746696607442555 7.8456130210543042 3.7736173995072013 66.902884351089597 4.4416735586710274 39.458464146358892 149.67215669446159 19.877668821252882 36.843861370463856 181.41816066286992 232.33853304723743
leaf_count=110 14540 2409 144 425 28617 132 5754 874 135 611 600 239 89 160 158 82 95 105 179 1964 4227 8142 197 232 133 103 5207 1151 198 1191 704 415 49 184 104 159 250 332 486 159 176 171 3124 9761 737 165 174 163 136 192 364 219 164 106 5027 118 541 4768 261 660 2412 3342
internal_value=-0.000238652 -0.00121064 0.0192888 -0.00134283 -0.00174865 0.00370799 0.000792536 -0.00437273 0.0020181 0.00703326 0.00331446 0.00891839 0.018982 0.0455369 -0.00584454 0.0123165 0.0294737 0.048298 0.00119791 0.0049601 0.00881849 0.000636318 -0.00308599 0.0146961 0.00482474 0.0251634 0.00144833 -0.00139347 0.00723543 -0.00381581 0.0171914 0.0135034 -0.00308833 0.0294782 0.0114648 0.00312267 -0.00262624 -0.00198704 0.00785145 0.00723174 0.0216041 0.0334929 -0.00330725 0.00272549 0.00403538 0.00096982 0.0398086 0.00743133 0.00591133 0.0216576 0.00995692 0.0295387 0.0367418 0.0201959 -0.000575007 0.0354327 0.000405761 -0.000107307 0.0105977 -0.000831126 0.00311346 -0.00405131
internal_weight=6667.66 3432.35 21.9909 3410.36 3156.73 253.636 3235.3 235.434 125.816 92.6775 79.5024 59.7401 35.524 10.2391 24.2161 11.0812 13.175 7.66388 2999.87 389.639 257.14 2610.23 467.445 24.3604 19.5117 10.2377 2142.79 664.409 109.076 51.6947 57.3815 52.2274 555.333 18.3408 10.0497 31.537 546.704 529.908 62.6947 238.8 27.8262 18.7616 467.213 1478.38 1058.35 556.23 7.96253 502.116 453.646 48.4695 27.2962 14.1362 21.1734 13.3278 420.032 9.55416 548.267 155.753 59.3361 488.931 219.749 269.182
internal_count=113826 31837 254 31583 29042 2541 81989 8902 3148 2274 1939 1328 849 249 479 240 335 240 73087 7164 5200 65923 15205 665 433 236 50718 13266 3818 2342 1476 1278 9448 467 288 863 9399 9149 818 4733 506 330 8331 37452 24283 8292 339 15991 14665 1326 746 382 580 416 13169 310 7953 4904 802 7151 3149 4002
is_linear=0
shrinkage=0.03


Tree=23
num_leaves=63
num_cat=0
split_feature=27 7 13 27 16 15 18 6 24 5 15 2 4 16 24 28 13 13 19 13 16 8 13 12 16 16 15 28 28 27 13 15 22 15 15 15 5 0 27 27 27 13 14 16 5 28 6 27 15 25 2 13 28 15 22 27 16 24 14 16 15 6
split_gain=7.97362 7.55255 14.7949 8.98357 9.3776 8.68962 10.2106 9.80819 11.3699 10.4698 7.81046 7.67163 9.65695 8.53708 8.49677 7.34557 9.2669 8.32459 7.64456 7.40276 9.0699 7.16792 7.104 7.77688 8.14214 16.6921 10.4408 7.3569 8.97616 10.7334 7.99014 7.1597 6.84238 10.3998 9.00939 13.3962 9.03822 8.37898 8.89498 7.86349 6.84132 6.73373 9.51792 11.6296 12.0868 19.8424 13.7005 11.1561 12.3885 13.4602 8.06862 12.4043 11.5999 7.39893 11.2356 9.98824 8.05536 7.10152 12.7395 6.98157 6.71217 8.20315
threshold=457.00000000000006 8.1666666666666696 0.15015432245772806 485.00000000000006 0.081465634028354952 0.070982510782894012 1.5000000000000002 10.500000000000002 1.5000000000000002 55.500000000000007 0.068103335357648953 0.070598006644518277 7.5000000000000009 0.026350506874045273 1.5000000000000002 -2.4999999999999996 0.14451766925547138 0.026883728026853616 587.50000000000011 0.13589030896236645 0.076472494376882333 12.500000000000002 0.078382316739891447 1281.5000000000002 0.065364022289490689 0.069098633778805707 0.12246111286369483 6.5000000000000009 1.5000000000000002 497.00000000000006 0.040337918606933226 0.050414443706637981 1650.0000000000002 0.063740641828291242 0.077524473102506916 0.064902254202750906 40.500000000000007 5.5000000000000009 505.00000000000006 505.00000000000006 469.00000000000006 0.038523932321132548 532.50000000000011 0.078835906786000096 21.500000000000004 -2.4999999999999996 4.5000000000000009 469.00000000000006 0.064902254202750906 1.5000000000000002 0.11882352941176472 0.074170491692213902 1.5000000000000002 0.10471505431409998 1350.0000000000002 465.00000000000006 0.030324925556139432 1.5000000000000002 234.50000000000003 0.079958729261507142 0.042741567169048096 2.5000000000000004
decision_type=2 8 2 2 2 2 2 10 2 10 2 2 8 2 2 10 2 2 2 2 2 2 2 2 2 2 2 10 8 2 2 2 2 2 2 2 10 2 2 2 2 2 2 2 8 10 10 2 2 2 2 2 10 2 2 2 2 2 2 2 2 10
left_child=-1 21 3 4 41 7 -7 8 10 -9 -6 13 14 -5 -13 19 17 -17 22 20 -14 -2 23 24 27 -26 32 28 -19 -30 -31 -32 34 -34 35 39 -36 38 -35 -27 -4 42 43 44 45 46 -3 -46 60 -50 53 52 -52 56 -55 -56 -43 58 -47 -58 61 -49
right_child=1 2 40 11 5 6 -8 9 -10 -11 -12 12 15 -15 -16 16 -18 18 -20 -21 -22 -23 -24 -25 25 26 -28 -29 29 30 31 -33 33 37 36 -37 -38 -39 -40 -41 -42 50 -44 -45 47 57 -48 48 49 -51 51 -53 -54 54 55 -57 59 -59 -60 -61 -62 -63
leaf_value=-0.0016365786069683697 0.00029446556775153214 0.19470660132682027 0.0082789680954254482 0.039452040577309666 0.02201487501690735 0.014965493658096371 -0.0024753235620407613 0.018212353217563676 -0.00106785781947549 0.12044315970800021 0.064468943864602835 0.0071942316213021813 0.0019936167264903168 -0.0093242999840481289 0.035878483068291646 -0.023258017885117988 0.05065479552668304 -0.004182630470403772 -0.018412214401283149 0.014228779271271863 -0.011210111086216572 -0.0081574533583340485 -0.00016797693478855696 -0.018455046126463256 0.082776221323124524 0.056823342467040343 -0.027683875093086445 -0.010789055024656474 -0.0026251695565205398 0.0038821126973353167 0.034355765422821122 0.087262895254888936 -0.020171844966171328 0.011501824149386686 0.045189583056033017 0.10547592333258538 -0.023923771171358854 -0.012285588451092785 0.079504867783087907 -0.0054306697368863583 -0.010016367280117551 0.014147687800038757 -0.011171372105961287 0.084712087896722896 -0.010368211577276918 0.10945830452781194 0.048681167628157759 0.040039008021398793 0.025451860747595281 0.11085919246742661 0.093158392247129532 -0.0047032730382369726 0.010486461257461659 -0.020663022094044133 0.050621691963506125 0.010795095106728157 -0.0026945123490244556 -0.030914092213354696 -0.0052413360888731806 -0.034839542262881225 -0.020545582432573584 -0.030770546656518141
leaf_weight=1718.3901470992132 3675.0806342489086 1.1815672945231201 22.318528037052602 3.3710230388678601 43.091507242643274 68.067638914566487 54.319124188041314 1.8288895938312628 20.104465343407355 1.77824038953986 4.2882674514548844 29.098663988988847 96.726702179177664 76.917479703202844 13.655819066567345 9.0565929686417785 4.0494976437184951 13.333869468187915 10.56899593467824 21.394229521043599 90.752454896923155 92.582724421517923 59.725810392992571 6.5833400559495194 4.0591249578865236 4.662425816291945 3.9064650635700664 14.731103436206466 6.7701946520828633 3.2654552028980097 5.0563335519982484 4.2260116983670741 6.2836156117264208 3.2884995403001067 3.3428408702602601 3.2056530265836045 3.4713799457531422 3.0599469733424485 3.6554241741541773 3.0017727088415995 104.64055462926626 25.664602153119631 11.803036808560135 2.3027684367261818 16.035411900316831 1.4912827163934701 1.1324982988298868 6.08598388254177 5.0036464598961166 2.4858151763910428 3.3517571892589313 6.1696860280353576 2.8065122406696901 7.174180200090631 7.6773328531999168 21.647964442614466 182.55825772811659 1.7764381082961334 2.0969770535593852 6.2904298452194771 5.3191290007671332 1.942387963295914
leaf_count=36205 42943 56 176 194 1320 1327 1223 168 636 119 119 596 2644 3989 275 422 49 539 210 201 1709 1791 1134 325 128 163 81 519 265 130 120 148 247 115 91 99 118 122 99 100 774 883 897 111 954 130 157 255 187 113 128 133 103 113 141 407 6304 183 178 167 311 246
internal_value=0.00012278 0.0007371 0.00286096 0.00405563 0.00685026 0.0120703 0.00722471 0.0204122 0.0178359 0.06861 0.0258573 0.00123774 0.00282403 -0.00727636 0.016356 0.0013336 0.00578775 0.00475104 0.00627732 -0.00249 -0.00439787 8.67767e-05 0.00795402 0.0130122 0.0153315 0.0249593 0.0187634 0.00681019 0.0147502 0.0278182 0.044244 0.058443 0.0241045 0.0100754 0.0370257 0.0539798 0.00998105 0.0290742 0.0473 0.0324408 -0.00680017 0.00371371 0.012906 0.0189713 0.0155733 0.0498147 0.123242 0.00844244 0.0229185 0.0537993 0.00166621 0.0253616 0.0554823 0.000502464 0.012989 0.0212217 -0.00162212 0.0181418 0.0424279 -0.00376524 0.00559085 0.0229073
internal_weight=6639.71 4921.32 1153.66 1026.7 515.476 193.478 122.387 71.0914 67.4842 3.60713 47.3798 511.221 430.932 80.2885 42.7545 388.178 179.304 175.255 166.198 208.873 187.479 3767.66 155.629 95.9035 89.3201 41.9371 37.878 47.383 32.6519 19.318 12.5478 9.28235 33.9716 16.2875 17.6841 10.8699 6.81422 10.0039 6.94392 7.6642 126.959 321.998 58.6569 46.8539 44.5511 7.67876 2.31407 36.8724 20.837 7.48946 263.341 12.328 6.15827 251.013 36.4995 29.3253 214.513 5.3647 3.58826 188.849 13.3475 8.02837
internal_count=113790 77585 32851 31901 17069 4912 2550 2362 2075 287 1439 14832 10649 4183 871 9778 5224 5175 4753 4554 4353 44734 4543 3409 3084 1363 1235 1721 1202 663 398 268 1154 583 571 362 209 336 214 263 950 12157 3778 2881 2770 704 213 2066 1112 300 8379 364 231 8015 661 548 7354 491 308 6471 812 501
is_linear=0
shrinkage=0.03


Tree=24
num_leaves=63
num_cat=0
split_feature=27 12 0 6 7 21 13 8 27 5 5 13 8 8 11 3 1 9 9 13 14 5 11 28 3 13 13 27 14 14 13 0 12 14 13 14 14 13 6 23 12 2 8 14 14 27 14 12 13 14 27 14 17 13 23 14 3 28 8 7 12 11
split_gain=7.38957 7.99125 7.50447 7.32687 8.41378 8.93071 7.03523 6.86367 7.18025 6.18734 6.71211 6.09455 5.74039 5.59776 7.53656 5.34829 7.45948 5.42735 11.1591 5.49186 5.31662 5.2455 8.77216 5.11587 7.81519 6.85162 7.71688 5.50542 6.14974 8.785 4.97231 12.3454 7.39181 6.92276 10.7943 6.91274 6.29285 6.47286 6.49236 7.14505 6.42135 5.82742 7.05632 5.88152 5.84902 9.17079 5.76514 8.77954 5.74015 5.70693 5.70566 9.49864 5.70091 5.61335 6.58752 5.4311 5.4108 9.99628 5.3227 5.20664 5.13149 5.83205
threshold=455.00000000000006 1853.5000000000002 2.5000000000000004 5.5000000000000009 7.166666666666667 14.500000000000002 0.021297212601022599 19.500000000000004 481.00000000000006 54.500000000000007 55.500000000000007 0.15086998570347324 14.500000000000002 13.500000000000002 0.054093567251461992 0.47913043478260875 3.5000000000000004 0.20942982456140355 0.18898809523809526 0.27729403144403814 997.50000000000011 27.500000000000004 0.20416666666666669 22.500000000000004 0.26138716356107666 0.059132032475377704 0.057058509186168761 485.00000000000006 626.50000000000011 795.50000000000011 0.036428802287676136 6.5000000000000009 291.50000000000006 120.50000000000001 0.039662954397922758 138.50000000000003 99.500000000000014 0.043334427664696883 2.5000000000000004 1.5000000000000002 178.50000000000003 0.05634920634920635 9.5000000000000018 177.50000000000003 583.50000000000011 459.00000000000006 144.50000000000003 98.500000000000014 0.092716839195010628 546.50000000000011 461.00000000000006 198.50000000000003 2.5000000000000004 0.12069436335900867 1.5000000000000002 303.50000000000006 0.31503759398496245 1.5000000000000002 1.5000000000000002 4.416666666666667 94.500000000000014 0.17519181585677754
decision_type=2 2 2 10 10 2 2 2 2 8 8 2 2 2 2 2 2 2 2 2 2 8 2 8 2 2 2 2 2 2 2 2 2 2 2 2 2 2 10 2 2 2 2 2 2 2 2 2 2 2 2 2 2 2 2 2 2 10 2 10 2 2
left_child=2 7 9 11 -5 -6 -4 13 -9 -1 -11 12 -3 21 -15 16 17 18 19 -8 -12 30 23 -23 25 26 -25 28 -27 -30 31 32 46 34 -32 48 37 -36 39 40 -39 43 44 -37 49 -46 -2 -48 -35 50 51 -43 -49 54 -51 56 57 -33 -41 -56 -52 -62
right_child=1 3 6 4 5 -7 15 8 -10 10 20 -13 -14 14 -16 -17 -18 -19 -20 -21 -22 22 -24 24 -26 27 -28 -29 29 -31 33 55 -34 35 36 41 -38 38 -40 58 -42 42 -44 -45 45 -47 47 52 -50 53 60 -53 -54 -55 59 -57 -58 -59 -60 -61 61 -63
leaf_value=-0.0076106238469132422 -0.010479683993830627 -0.0024769942999290206 -0.022896888409895035 -0.012785111128566853 0.077157596870941106 0.0061194311374017565 0.00052927890278360915 0.065587259281115723 0.0016988546999884911 0.033474895442102345 -0.002468052434928369 -0.018061298697174114 -0.024838020213593544 0.027348930699554807 -0.011227782556625097 -0.019095862118015148 0.03528044246763213 -0.022336442775460052 0.033343107438862582 -0.027681914200797145 0.032677444370586749 0.0025203023812195662 -0.013428523237908848 0.0040511424284526629 -0.026105438474660229 -0.0017118575262027643 0.036480241196351022 -0.0071120321200205837 0.026158120156833841 -0.0086168665605922679 0.039165270899695709 0.044864469269387919 -0.020515066539174832 -0.02292326168159757 -0.025069974042873512 -0.023070081391178797 0.013236673019771895 0.0098302454806321864 -0.0025856387511373011 0.012555330664459886 0.03873727439446701 0.036504790210807159 -0.0097194586841788423 -0.0032655621677034801 -0.018595852013548127 0.0073218782123326736 0.035261506696643595 0.026322960738460854 0.0013117024063554023 0.014718881266180615 -0.014803599732874166 0.0042505883257520976 -0.015781301322055182 -0.027023174613394658 0.0054210610397922854 0.0013613403740146304 0.050955116324596442 -0.020309660041854364 -0.0065718652577538639 -0.027134931033602708 -3.4236587496296236e-05 0.020483243153409634
leaf_weight=268.07920277304947 50.527400698745623 294.69088398385793 11.835961164964827 4.0417607747949642 3.2688426059903577 3.1062635881826282 875.22977954155067 3.0316945106023914 3.3136663823388517 4.8386425314238286 361.809908826428 27.277070804964751 10.707815703004597 4.9652151623740783 55.561744348611683 12.516062301117925 5.5636258076410732 9.3216674784198386 9.3118837128858996 6.2547773215919724 3.915739949559792 2584.3193143692333 33.40339764021337 92.727111178915948 10.959783024387432 124.6979569233954 7.1105283894576123 137.28682490438223 18.30785490968265 10.169966101646422 7.9861974860541514 3.9182090357644466 43.290935956931207 22.407883811974898 8.0419090886134637 14.402306600008158 49.785576009540819 18.826164132449779 103.5131909919437 23.890933645423502 10.932258372195063 9.9184439467499015 53.819611974409781 214.45703130052425 13.077611254877409 203.31549609662034 7.1402798256604028 3.8841322304215273 14.479725356679408 11.276670898078011 20.611564614577219 47.912160043604672 11.356368342763743 12.940217214170842 7.277023462578657 45.869512387027498 4.2851401872467241 4.6099965265020728 28.973760918481275 11.265691459760999 534.20674963656347 12.766506573185323
leaf_count=6196 1165 3404 747 63 103 124 16779 124 116 137 9232 179 241 182 1425 106 82 88 95 44 54 42071 271 3037 146 1521 148 1520 222 88 165 174 1285 378 170 201 656 160 1780 190 113 138 875 3460 212 2626 175 153 157 200 272 724 389 102 74 1237 48 142 235 249 7311 108
internal_value=0.000164068 0.000721787 -0.00163491 -0.00369876 0.0210764 0.0425443 8.45627e-05 0.00104333 0.0322235 -0.00413891 -0.00162735 -0.00447453 -0.00326101 0.00100133 -0.00806321 0.000380803 0.000649961 0.00043591 0.00067421 0.0003291 -0.00209176 0.00111932 0.00185992 0.00203097 -0.0011206 -0.000419019 0.00636077 -0.00274936 0.00116076 0.0137393 -0.000251559 -0.00503123 -0.0106957 0.0003225 0.00484468 -0.000623709 0.00372119 0.00128151 0.00242001 0.00869126 0.0204497 -0.000219629 0.000827189 -0.00451188 0.00146888 0.00575555 -0.00486517 0.0078103 -0.0134102 8.06075e-05 0.000805561 0.00978246 -0.00505078 -0.0105228 -0.0033624 0.00618502 0.0234529 0.00963402 0.00207221 -0.0143584 -0.000109086 0.000444647
internal_weight=6628.59 5059.91 1568.68 343.093 10.4169 6.37511 930.034 4716.82 6.34536 638.643 370.564 332.676 305.399 4710.48 60.527 918.198 905.682 900.118 890.796 881.485 365.726 4649.95 3018.98 2985.58 401.26 390.3 99.8376 290.463 153.176 28.4778 1630.97 174.882 116.199 1456.08 251.95 1204.13 243.964 194.178 186.136 82.6231 29.7584 1167.25 938.388 228.859 884.568 216.393 72.9082 22.3808 36.8876 668.175 625.415 57.8306 15.2405 42.7596 29.8194 58.6829 12.8133 8.52821 52.8647 18.5427 567.585 546.973
internal_count=113869 80309 33560 4114 290 227 17941 76195 240 15619 9423 3824 3645 75955 1607 17194 17088 17006 16918 16823 9286 74348 49024 48753 6682 6536 3185 3351 1831 310 25324 4768 3167 20556 3469 17087 3304 2648 2478 698 273 16552 12891 3661 12016 2838 1882 717 535 9178 8553 862 542 625 523 1601 364 316 425 323 7691 7419
is_linear=0
shrinkage=0.03


Tree=25
num_leaves=63
num_cat=0
split_feature=27 0 12 7 15 13 13 20 16 23 15 13 7 0 15 16 4 16 28 28 28 13 20 8 15 15 13 11 0 27 10 13 2 0 7 16 2 7 9 15 28 4 20 2 12 15 0 9 21 27 21 28 0 13 15 4 15 2 12 7 7 25
split_gain=7.11522 6.81002 8.98769 6.60056 10.564 7.81541 9.62046 7.01848 11.0935 6.84212 9.74561 8.67338 8.66185 7.42681 6.30804 6.77508 12.2648 7.28207 10.0066 6.26343 5.95628 6.62622 7.52809 10.9009 7.51955 9.25344 7.79737 9.64888 11.2572 7.47413 9.19197 15.5255 11.6823 13.176 9.383 10.342 11.7489 8.67967 8.49734 8.3888 8.36155 10.2319 9.51225 8.24382 9.34585 9.80479 7.5514 10.7032 12.573 7.80441 8.41141 7.36895 8.7361 8.90821 8.65271 10.2075 8.26938 7.82303 8.06085 10.0606 8.02472 7.92838
threshold=457.00000000000006 12.500000000000002 74.500000000000014 5.166666666666667 0.071329630588889859 0.14451766925547138 0.1549441275753696 4.5000000000000009 0.038637409049092589 1.5000000000000002 0.064902254202750906 0.047469987328708975 3.8333333333333335 5.5000000000000009 0.036703983618262416 0.057528575304392489 6.5000000000000009 0.045565025811862829 -2.4999999999999996 -1.0000000180025095e-35 20.500000000000004 0.12987500487500489 1.5000000000000002 7.5000000000000009 0.14457111600523961 0.12926610325349217 0.12292114759486011 0.088932806324110686 6.5000000000000009 487.00000000000006 1.0000000180025095e-35 0.027276602340540964 0.070598006644518277 4.5000000000000009 6.8333333333333348 0.098986437869487812 0.11651583710407241 2.4166666666666674 0.17519181585677754 0.01924501424501425 1.5000000000000002 9.5000000000000018 6.5000000000000009 0.03883861236802414 865.50000000000011 0.050414443706637981 19.500000000000004 0.09232954545454547 15.500000000000002 477.00000000000006 17.500000000000004 -2.4999999999999996 4.5000000000000009 0.084580508100697074 0.055219302261697654 5.5000000000000009 0.066180894740567722 0.13100686498855837 1998.5000000000002 7.416666666666667 4.416666666666667 2.5000000000000004
decision_type=2 2 2 8 2 2 2 2 2 2 2 2 8 2 2 2 10 2 10 10 10 2 2 2 2 2 2 2 2 2 2 2 2 2 10 2 2 8 2 2 10 10 2 2 2 2 2 2 2 2 2 8 2 2 2 8 2 2 2 8 10 2
left_child=1 2 -1 4 5 7 -7 8 -4 11 13 12 -10 -11 15 16 17 19 -19 -5 21 22 23 -2 25 26 29 -28 -29 30 31 32 33 -24 39 38 40 -33 46 -32 42 -42 -37 44 -31 -46 49 48 -48 -36 -51 52 -39 54 55 -54 -56 58 61 -60 -59 -53
right_child=20 -3 3 14 -6 6 -8 -9 9 10 -12 -13 -14 -15 -16 -17 -18 18 -20 -21 -22 -23 24 -25 -26 -27 27 28 -30 43 34 37 -34 -35 35 36 -38 51 -40 -41 41 -43 -44 -45 45 -47 47 -49 -50 50 -52 57 53 -55 56 -57 -58 60 59 -61 -62 -63
leaf_value=-0.009381570150504932 -0.00092652701724512808 -0.0090019052192307943 0.02960190788364785 -0.020313894562175062 -0.0054870115873711092 0.027535957979155052 -0.0028346603677342356 -0.0042942927956275585 0.05116075502238842 -0.025236253311551975 0.021950560848037051 0.0024376582963384877 0.0047018215211800342 0.00019112958606012158 0.0023689700938770344 -0.016789519320952739 -0.017433264206057841 0.079244781370996595 0.010204176938941989 0.029258703706578872 -0.011571449458004522 -0.0012695538157916934 0.096625686573894518 -0.017486790920922847 -0.0067234420670123519 0.0098214176085778676 0.0048177872510539906 0.0064590301089587432 0.04693307398584308 -0.0034289216825272258 0.027007021258696223 -0.0057366976731117996 0.016015447574918941 0.014236509199333173 -0.0032354756607228846 0.0025797597791036887 -0.011838489092254359 0.0059608579185745835 0.049155649609830987 -0.0013876493321979678 0.026588822436508681 0.08634820587352339 0.050563810772921491 -0.00047826217176999251 0.082492959503366201 0.017609646414468973 0.020453316427101253 -0.032485761648691297 0.11858043257597316 0.007035986839037044 0.052760468641840516 0.0030211725017470657 0.080191002270424486 0.0018612520748297666 -0.012535241905536275 0.02222287069030749 0.028165831113341314 0.032239128853525721 0.042236247213026525 -0.0015631236121070101 0.0032900272353582468 -0.010688938082595032
leaf_weight=110.15363553434145 316.46014997229213 104.79462719510775 14.805903702042995 5.0610033569391826 439.9464554854203 21.696175718680024 16.545830892398953 156.86012148438022 7.568167912308124 20.475548249669373 9.063474793918429 47.084782370133325 6.9087747703306386 20.88091635145247 676.62740290915826 33.566223306988832 14.73325900750933 3.4802372939884663 4.1333137957844874 4.195461342344065 35.625321390107274 1134.2681103663053 3.8981199802365145 40.3336545759812 91.039696982363239 131.27927582873963 91.06771990051493 12.853623532224448 11.920449403114615 7.7781866730656501 9.4945624712854606 69.942093211924657 25.027432833507191 3.1657233657315373 120.189251101634 12.370946873212239 7.8235553307458749 104.36717744742054 3.5606266884133211 681.77346904610749 6.4265696692746115 4.3066052725771442 5.3159493672428644 1371.5829052978661 3.3136159790446964 5.7048913524486125 3.3738616938935584 1.6814183969981966 1.8033052837708963 57.426943904545624 3.8645420818938865 396.68567655357765 5.4721827162429664 15.72519013925921 5.6887344480492201 5.4634485441492879 21.367950322339311 16.757190556265414 10.062790006864818 8.8894055117852968 17.742617479525506 41.978905556956306
leaf_count=3043 5958 2394 198 359 4018 163 104 1841 94 242 97 507 120 220 18821 1819 1669 200 115 141 637 8863 159 918 1034 1605 957 101 112 252 153 625 920 134 5057 356 180 2247 78 8348 167 172 145 24386 103 163 201 65 144 2260 155 8290 79 219 128 250 387 226 114 168 326 879
internal_value=7.0877e-05 -0.00159112 -0.00110989 -0.000503918 -0.00246526 0.00166476 0.0143958 -5.16608e-05 0.00519727 0.00197056 -0.00622347 0.00868159 0.0289893 -0.0123979 0.0015104 -0.00740372 0.00256505 0.0200304 0.0417634 0.00215472 0.000650847 0.000739905 0.0013469 -0.00279858 0.00178216 0.0020163 0.00169367 0.00933368 0.0259338 0.00140444 0.00275565 0.00521506 0.0256317 0.0597023 0.000743428 0.00601884 0.0207163 0.00430525 0.00324298 -0.000997649 0.029678 0.0505668 0.0170018 -0.000222443 0.0206672 0.0414493 0.00237498 0.0332753 0.0546328 0.00120719 0.009919 0.00538546 0.0110204 0.0208505 0.0287103 0.0512301 0.0196083 0.00357532 0.00253676 0.0216924 0.0173511 0.00170916
internal_weight=6643.46 1718.58 1613.79 1503.63 761.836 321.89 38.242 283.648 126.788 111.982 50.4199 61.5617 14.4769 41.3565 741.797 65.1695 31.6033 16.87 7.61355 9.25646 4924.87 4889.25 3754.98 356.794 3398.19 3307.15 3175.87 115.842 24.7741 3060.03 1671.65 752.235 32.0913 7.06384 919.412 228.144 36.2436 720.143 191.9 691.268 28.4201 10.7332 17.6869 1388.38 16.7967 9.01851 188.339 6.85859 5.17717 181.481 61.2915 650.201 158.085 53.7175 37.9923 10.9356 27.0567 492.117 457.617 18.9522 34.4998 438.665
internal_count=113886 36165 33771 30728 7604 3586 267 3319 1478 1280 559 721 214 462 23124 4303 2484 815 315 500 77721 77084 68221 6876 61345 60311 58706 1170 213 57536 32632 15151 1213 293 17481 8980 1020 13938 7960 8501 840 339 501 24904 518 266 7882 410 345 7472 2415 13313 3310 1063 844 329 515 10003 9451 282 552 9169
is_linear=0
shrinkage=0.03


Tree=26
num_leaves=63
num_cat=0
split_feature=0 19 8 20 9 19 0 12 22 14 14 27 27 27 28 13 27 9 14 2 13 24 13 27 12 14 22 0 12 2 4 4 18 11 4 27 17 27 11 25 28 24 2 19 9 27 8 14 27 0 19 20 23 12 0 8 1 26 28 20 9 4
split_gain=6.57877 10.2833 13.171 10.9708 10.9731 9.43964 10.4556 8.28408 7.09078 7.04895 6.69921 5.75028 7.04166 5.6105 5.60648 7.73575 6.83183 5.23647 5.66249 4.96695 6.99905 8.00653 7.82265 7.41253 7.27176 9.08574 6.47192 11.0838 6.99353 4.75202 4.94765 4.70757 4.6194 4.44968 4.21702 4.15733 5.33577 8.50166 10.352 9.93526 4.88307 4.0441 4.51455 4.80004 4.63888 4.28216 4.01091 5.07864 3.99788 10.4713 6.75859 6.63174 9.42508 19.1418 11.4229 6.35127 9.7588 5.9612 5.65116 6.02163 6.2178 7.84892
threshold=12.500000000000002 577.50000000000011 19.500000000000004 5.5000000000000009 0.12973352033660593 525.00000000000011 15.500000000000002 1440.5000000000002 1250.0000000000002 414.50000000000006 678.50000000000011 499.00000000000006 501.00000000000006 495.00000000000006 -1.0000000180025095e-35 0.091896518192686336 489.00000000000006 0.089572192513368995 917.50000000000011 0.049390243902439034 0.040337918606933226 1.5000000000000002 0.10318401420710777 467.00000000000006 833.50000000000011 237.50000000000003 1350.0000000000002 9.5000000000000018 414.50000000000006 0.15894736842105264 3.5000000000000004 3.5000000000000004 1.5000000000000002 0.057189542483660136 3.5000000000000004 445.00000000000006 4.5000000000000009 467.00000000000006 0.070197044334975381 1.5000000000000002 -7.4999999999999991 2.5000000000000004 0.03883861236802414 567.50000000000011 0.14907407407407411 519.00000000000011 8.5000000000000018 475.50000000000006 455.00000000000006 3.5000000000000004 525.00000000000011 6.5000000000000009 1.5000000000000002 789.50000000000011 5.5000000000000009 8.5000000000000018 1.5000000000000002 1.5000000000000002 3.5000000000000004 3.5000000000000004 0.10435571687840291 3.5000000000000004
decision_type=2 2 2 2 2 2 2 2 2 2 2 2 2 2 10 2 2 2 2 2 2 2 2 2 2 2 2 2 2 2 10 10 2 2 10 2 2 2 2 2 10 2 2 2 2 2 2 2 2 2 2 2 2 2 2 2 2 2 10 2 2 8
left_child=19 2 5 9 8 6 -2 -4 10 -3 -5 17 -13 -6 15 34 -16 18 35 20 21 24 -22 31 25 -1 -27 -28 -29 30 -11 -24 -23 -32 -10 -7 37 38 -37 -40 -38 42 -14 45 -45 -44 -39 -48 49 -21 51 58 53 -53 -54 57 -57 -52 59 60 61 -51
right_child=1 3 7 4 13 11 -8 -9 14 29 -12 12 41 -15 16 -17 -18 -19 -20 48 22 32 23 -25 -26 26 27 28 -30 -31 33 -33 -34 -35 -36 36 40 46 39 -41 -42 -43 43 44 -46 -47 47 -49 -50 50 55 52 54 -55 -56 56 -58 -59 -60 -61 -62 -63
leaf_value=-0.017503330533815972 0.00012321643910990021 0.018638012169904003 0.065099339845234194 0.045694395987925615 0.047223396972122765 -0.019644316975468836 0.058369468627666912 -0.002304580581182479 0.01732025983537883 -0.017282006729799612 -0.0011534483976048523 0.027781906014743393 0.026221857905757141 0.012162029680211517 -0.018181632003800692 0.030845309701223091 0.0071845153353075055 -0.015089374614548599 0.024759309634720141 -0.0033298246336328809 -0.011078286010702567 0.007308170207145419 0.033045418004319642 -0.0063370813008920271 -0.018064229651047654 0.009457204721832169 0.091447333976969622 0.06228664126659253 -0.004566320490641089 0.014419092571527991 0.023253664653853905 0.0026086061938361041 -0.029947817839466654 -0.0058379206735356759 -0.015627802596069319 -0.0073570097371052244 0.015947980869771054 -0.017017863998569107 0.008041461574125457 0.061897974452027209 -0.01537952144509179 -0.025335945644323978 0.014725142358109317 -0.023043216712252346 0.0094328872404832471 -0.016889927136454121 0.024358356036726609 -0.0092020591513442117 0.00074749175293634086 0.046611898203735562 8.9206250038444403e-05 -0.01911744717017785 0.068201285226546102 0.053815365376268694 0.010515692981055475 -0.0024848243746052371 0.033930443921442531 -0.029331550236446416 0.017308802464675539 -0.010668783917783302 -0.011048786402847875 0.0036396152743108255
leaf_weight=3.3549101012758973 9.3831500017549825 10.893805916653944 3.7055017225211477 6.7484848734457028 9.2877173975575733 21.737200878676958 3.9376711854711166 2.9454700408969074 5.8112169341184226 36.844055454828776 4.6333093380089849 7.2029901737114406 5.0171959227882317 7.3646768482867619 20.443511162535287 10.968353018630294 17.942893533618189 116.39036356564611 5.0384894020389757 807.07166463305475 119.7487919810228 5.8603105717338604 9.4318401329219359 27.567762596765533 3.9415918057784429 4.9420474529033518 3.8029936003731546 2.5463229966117069 3.1511035682633519 8.7179748255293799 5.219419809174723 8.8785433480516058 6.1266794003313407 50.660963614587672 8.775830466533078 9.9146336859557795 4.9521960909478357 20.203270388068631 6.4458049696404469 5.9087456420529634 46.765006470843218 6.8562302386853835 14.745059312786909 14.709121989319103 5.4160155926365396 5.2211497703101477 6.2284213667735484 11.646983749466015 4499.3230961824302 6.3765812404453763 491.89660085283685 9.6634933436289412 6.5361210490809754 4.8714496620232248 5.8587513538077474 13.975323857273908 12.589977972675113 6.2773383000167078 21.305542181362398 27.484512549301144 8.4113698471337539 9.5613560780184343
leaf_count=99 235 197 137 144 126 588 170 92 65 393 109 136 139 107 419 153 345 2405 116 19201 2535 213 66 326 148 173 132 130 137 94 180 149 237 1379 314 183 185 388 148 111 1559 149 344 322 78 118 98 213 67254 52 8600 221 136 80 111 257 186 154 394 544 109 323
internal_value=-0.000127744 -0.00330636 -0.00654643 0.00199623 0.00967896 -0.00739465 0.017341 0.0352486 0.0048068 -0.00429407 0.0266235 -0.00844268 -1.61345e-05 0.0317172 0.000923366 0.0118107 -0.00632478 -0.0103961 -0.00646177 0.000151556 -0.00450619 0.00795079 -0.00704276 0.00349056 0.018805 0.0269704 0.0373014 0.0517858 0.0253119 -0.00675672 -0.00874768 0.0182869 -0.0117338 -0.00312067 -0.00250189 -0.00763743 -0.00530847 0.000751516 0.0154757 0.0337991 -0.0123797 -0.0038693 -0.000606501 -0.00396391 -0.0143033 0.00645782 -0.00785948 0.00249157 0.000308107 -0.00107255 0.0018432 0.00898812 0.0217156 0.0053263 0.0409347 0.000480645 0.0147733 -0.000281516 0.00430187 -0.00104444 0.00981912 0.0208323
internal_weight=6669.24 538.683 334.371 204.312 91.976 327.72 13.3208 6.65097 75.3236 112.336 11.3818 314.399 59.1678 16.6524 63.9418 25.5554 38.3864 255.231 138.841 6130.56 199.353 33.726 165.627 45.8781 21.739 17.7974 14.4425 9.50042 5.69743 101.442 92.7244 18.3104 11.987 55.8804 14.587 133.802 112.065 60.3479 22.2692 12.3546 51.7172 51.9648 45.1085 40.0913 20.1251 19.9662 38.0787 17.8754 5931.2 1431.88 624.808 100.069 26.9298 14.5349 12.3949 524.739 26.5653 498.174 73.1394 51.8338 24.3493 15.9379
internal_count=113906 11939 7914 4025 1782 7685 405 229 1549 2243 253 7280 1286 233 1296 532 764 5994 3589 101967 4345 1269 3076 541 819 671 572 399 267 2046 1952 215 450 1559 379 3473 2885 1141 442 259 1744 1150 1001 862 400 462 699 311 97622 30368 11167 1970 548 301 247 9197 443 8754 1422 1028 484 375
is_linear=0
shrinkage=0.03


end of trees

feature_importances:
t_winrate=151
j_winrate=148
s_winrate=146
t_runs=131
w_abs=111
j_rides=99
h_days_since=92
w_delta=72
h_recent3_avg_finish=69
h_top3rate=65
h_winrate=64
waku=63
hd_winrate=59
h_starts=55
burden=46
dist=42
starters=38
hd_starts=36
ht_winrate=36
h_last_finish=33
ht_starts=22
h_best_finish=20
age=20
weather=14
sex=11
cond=10
surface=9
h_wins=7
blinker=3
grade=2

parameters:
[boosting: gbdt]
[objective: binary]
[metric: binary_logloss]
[tree_learner: serial]
[device_type: cpu]
[data_sample_strategy: bagging]
[data: ]
[valid: ]
[num_iterations: 2000]
[learning_rate: 0.03]
[num_leaves: 63]
[num_threads: 0]
[seed: 20260918]
[deterministic: 0]
[force_col_wise: 0]
[force_row_wise: 0]
[histogram_pool_size: -1]
[max_depth: -1]
[min_data_in_leaf: 100]
[min_sum_hessian_in_leaf: 0.001]
[bagging_fraction: 0.8]
[pos_bagging_fraction: 1]
[neg_bagging_fraction: 1]
[bagging_freq: 1]
[bagging_seed: 31875]
[bagging_by_query: 0]
[feature_fraction: 0.8]
[feature_fraction_bynode: 1]
[feature_fraction_seed: 13233]
[extra_trees: 0]
[extra_seed: 32639]
[early_stopping_round: 0]
[early_stopping_min_delta: 0]
[first_metric_only: 0]
[max_delta_step: 0]
[lambda_l1: 0]
[lambda_l2: 0]
[linear_lambda: 0]
[min_gain_to_split: 0]
[drop_rate: 0.1]
[max_drop: 50]
[skip_drop: 0.5]
[xgboost_dart_mode: 0]
[uniform_drop: 0]
[drop_seed: 19828]
[top_rate: 0.2]
[other_rate: 0.1]
[min_data_per_group: 100]
[max_cat_threshold: 32]
[cat_l2: 10]
[cat_smooth: 10]
[max_cat_to_onehot: 4]
[top_k: 20]
[monotone_constraints: ]
[monotone_constraints_method: basic]
[monotone_penalty: 0]
[feature_contri: ]
[forcedsplits_filename: ]
[refit_decay_rate: 0.9]
[cegb_tradeoff: 1]
[cegb_penalty_split: 0]
[cegb_penalty_feature_lazy: ]
[cegb_penalty_feature_coupled: ]
[path_smooth: 0]
[interaction_constraints: ]
[verbosity: -1]
[saved_feature_importance_type: 0]
[use_quantized_grad: 0]
[num_grad_quant_bins: 4]
[quant_train_renew_leaf: 0]
[stochastic_rounding: 1]
[linear_tree: 0]
[max_bin: 255]
[max_bin_by_feature: ]
[min_data_in_bin: 3]
[bin_construct_sample_cnt: 200000]
[data_random_seed: 5079]
[is_enable_sparse: 1]
[enable_bundle: 1]
[use_missing: 1]
[zero_as_missing: 0]
[feature_pre_filter: 1]
[pre_partition: 0]
[two_round: 0]
[header: 0]
[label_column: ]
[weight_column: ]
[group_column: ]
[ignore_column: ]
[categorical_feature: ]
[forcedbins_filename: ]
[precise_float_parser: 0]
[parser_config_file: ]
[objective_seed: 18429]
[num_class: 1]
[is_unbalance: 0]
[scale_pos_weight: 1]
[sigmoid: 1]
[boost_from_average: 1]
[reg_sqrt: 0]
[alpha: 0.9]
[fair_c: 1]
[poisson_max_delta_step: 0.7]
[tweedie_variance_power: 1.5]
[lambdarank_truncation_level: 30]
[lambdarank_norm: 1]
[label_gain: ]
[lambdarank_position_bias_regularization: 0]
[eval_at: ]
[multi_error_top_k: 1]
[auc_mu_weights: ]
[num_machines: 1]
[local_listen_port: 12400]
[time_out: 120]
[machine_list_filename: ]
[machines: ]
[gpu_platform_id: -1]
[gpu_device_id: -1]
[gpu_use_dp: 0]
[num_gpu: 1]

end of parameters

pandas_categorical:null
