{
  "rule_version": "v2-grade",
  "from_date": "20250601",
  "to_date": "20260430",
  "bet_type": "tan",
  "elapsed_sec": 515.6,
  "races_total": 3180,
  "races_no_horses": 0,
  "races_no_pick": 0,
  "races_filtered": 0,
  "races_tentative_skipped": 0,
  "races_bet": 3180,
  "hits": 725,
  "hit_rate": 0.2279874213836478,
  "bet_total": 318000,
  "return_total": 236050,
  "return_rate": 0.7422955974842768,
  "filters": {
    "min_odds": null,
    "max_odds": null,
    "min_popularity": null,
    "max_popularity": null
  },
  "by_track": {
    "01": {
      "bet": 16800,
      "return": 17420,
      "hits": 48,
      "return_rate": 1.036904761904762
    },
    "02": {
      "bet": 14400,
      "return": 8030,
      "hits": 30,
      "return_rate": 0.5576388888888889
    },
    "03": {
      "bet": 24000,
      "return": 17930,
      "hits": 46,
      "return_rate": 0.7470833333333333
    },
    "04": {
      "bet": 19200,
      "return": 16920,
      "hits": 46,
      "return_rate": 0.88125
    },
    "05": {
      "bet": 44400,
      "return": 29580,
      "hits": 102,
      "return_rate": 0.6662162162162162
    },
    "06": {
      "bet": 50400,
      "return": 28610,
      "hits": 102,
      "return_rate": 0.5676587301587301
    },
    "07": {
      "bet": 28800,
      "return": 18720,
      "hits": 62,
      "return_rate": 0.65
    },
    "08": {
      "bet": 46800,
      "return": 37830,
      "hits": 106,
      "return_rate": 0.8083333333333333
    },
    "09": {
      "bet": 49200,
      "return": 44220,
      "hits": 131,
      "return_rate": 0.8987804878048781
    },
    "10": {
      "bet": 24000,
      "return": 16790,
      "hits": 52,
      "return_rate": 0.6995833333333333
    }
  }
}