race_id,track_code,race_num,horse_num,horse_name,mark,model_rank_by_mark,morning_odds,morning_popularity,rationale,win_probability,expected_value,confidence,bet_candidate
20260612-05-01,05,01,1,フェアリーキャット,,,132.0,12,騎手勝率1%; 調教師勝率10%; マイニング14位; 先行競合6頭,,,,False
20260612-05-01,05,01,2,ヴィビーム,,,24.6,7,近走上昇; 斤量減3.0kg; 騎手勝率3%; 調教師勝率12%,,,,False
20260612-05-01,05,01,3,ジュピターテソーロ,,,13.2,5,近走上昇; 前走8着; 騎手勝率14%; マイニング8位,,,,False
20260612-05-01,05,01,4,ブルーミーティア,○,2,3.6,2,近走上昇; 同距離複勝1回; 同場距離帯複勝1回; 騎手勝率0%,0.063,0.23,接戦,False
20260612-05-01,05,01,5,ニットウライズ,,,42.7,8,騎手勝率2%; マイニング13位; 差し向き展開; sprint risk,,,,False
20260612-05-01,05,01,6,ライカ,◎,1,3.7,3,頭数補正上位13%; 直近3着内2回; 同距離複勝1回; 同場距離帯複勝1回; 信頼度=接戦(2位差10.4),0.18600000000000003,0.69,接戦,False
20260612-05-01,05,01,7,エーデルハイ,,,177.2,13,前走大敗13着; 斤量増3.0kg; 調教師勝率13%; マイニング5位,,,,False
20260612-05-01,05,01,8,イデアジュアンイハ,,,182.7,14,同距離4走; 騎手勝率1%; マイニング12位; 先行競合6頭,,,,False
20260612-05-01,05,01,9,コウユーニポポニコ,△,4,7.7,4,同距離複勝1回; 同場距離帯複勝1回; 騎手勝率3%; マイニング4位,,,,False
20260612-05-01,05,01,10,ジョリュウジャンシ,,,438.9,16,近走上昇; 休み明け140日; マイニング16位; 差し向き展開,,,,False
20260612-05-01,05,01,11,トゥモローズウェイ,☆,5,90.7,9,近走上昇; 斤量減3.0kg; 騎手勝率18%; マイニング7位,,,,False
20260612-05-01,05,01,12,デディカス,,,249.7,15,前走大敗13着; マイニング15位; 差し向き展開; sprint risk,,,,False
20260612-05-01,05,01,13,エリンフレーム,,,14.0,6,近走下降; 前走大敗12着; マイニング10位; 差し向き展開,,,,False
20260612-05-01,05,01,14,サクラドール,▲,3,3.1,1,近走上昇; 同距離複勝1回; 同場距離帯複勝1回; マイニング2位,0.198,0.61,接戦,False
20260612-05-01,05,01,15,フォーマルノーチス,,,115.7,10,マイニング11位; 差し向き展開; sprint risk,,,,False
20260612-05-01,05,01,16,スピニンググローブ,,,122.3,11,近走下降; 調教師勝率10%; マイニング6位; 差し向き展開,,,,False
20260612-05-02,05,02,1,ジングアップ,☆,5,12.1,4,マイニング2位,,,,False
20260612-05-02,05,02,2,ゴンファロニエーレ,○,2,2.5,1,近走上昇; 長距離未経験; 長距離向き脚質; 騎手勝率14%,0.124,0.31,接戦,False
20260612-05-02,05,02,3,ヒコボシ,,,134.4,15,前走大敗13着; マイニング9位,,,,False
20260612-05-02,05,02,4,インタノン,△,4,2.9,2,騎手勝率17%; 調教師勝率13%; マイニング5位; 市場2人気,,,,False
20260612-05-02,05,02,5,スーザンバローズ,,,100.0,12,近走上昇; 前走大敗14着; マイニング12位; 持ち時計優秀,,,,False
20260612-05-02,05,02,6,クリスタルドレス,◎,1,7.4,3,頭数補正上位10%; 同距離複勝1回; 長距離複勝あり; 同場距離帯複勝1回; 信頼度=接戦(2位差5.5),0.033,0.24,接戦,False
20260612-05-02,05,02,7,エコロゼット,,,35.8,7,近走下降; 前走10着; 調教師勝率12%; マイニング3位,,,,False
20260612-05-02,05,02,8,ファンシーシェイプ,,,38.4,8,直近で1着あり; 近走下降; 長距離未経験; 前走10着,,,,False
20260612-05-02,05,02,9,コスモアマデウス,,,106.4,13,長距離向き脚質; 同場不振4走; 前走9着; 騎手勝率1%,,,,False
20260612-05-02,05,02,10,ミョンソクコムドリ,,,204.2,16,前走大敗13着; 騎手勝率15%; マイニング16位,,,,False
20260612-05-02,05,02,11,フォンドルレール,▲,3,14.5,6,騎手勝率2%; マイニング4位; 上がり最速級34.5; 上がり3位経験,0.017,0.24,接戦,False
20260612-05-02,05,02,12,マジックファイヤー,,,13.1,5,長距離未経験; 長距離向き脚質; 間隔長め77日; 前走大敗47着,,,,False
20260612-05-02,05,02,13,トップオブザキング,,,38.7,9,長距離未経験; 騎手勝率3%; マイニング15位; 長距離裏付け薄,,,,False
20260612-05-02,05,02,14,ゴールドエンバー,,,90.1,11,前走8着; 騎手勝率3%; マイニング13位,,,,False
20260612-05-02,05,02,15,ソナタムーンライト,,,133.6,14,前走大敗13着; 騎手勝率2%; マイニング10位,,,,False
20260612-05-02,05,02,16,ウインスターリング,,,41.4,10,長距離向き脚質; 前走8着; 騎手勝率3%; マイニング11位,,,,False
20260612-05-03,05,03,1,トウカイティエラ,,,90.9,14,近走上昇; 前走大敗15着; 騎手勝率3%; マイニング16位,,,,False
20260612-05-03,05,03,2,エレクトロン,,,131.5,18,騎手勝率15%; マイニング11位; 差し向き展開; sprint risk,,,,False
20260612-05-03,05,03,3,グローリアスダンス,,,67.9,11,マイニング10位; 先行競合5頭; sprint risk,,,,False
20260612-05-03,05,03,4,ワディアルリヤハ,◎,1,1.9,1,近走上昇; 同距離複勝1回; 同場距離帯複勝1回; 騎手勝率17%; 信頼度=標準(2位差14.7),0.312,0.59,標準,False
20260612-05-03,05,03,5,フクスケ,,,106.8,16,前走11着; マイニング7位; 差し向き展開; sprint risk,,,,False
20260612-05-03,05,03,6,ケイツーキップ,,,68.0,12,近走下降; 前走大敗15着; 騎手勝率18%; マイニング18位,,,,False
20260612-05-03,05,03,7,ショウナンバーボン,▲,3,9.1,3,頭数補正上位17%; 格上挑戦+2; 騎手勝率14%; マイニング1位,0.061,0.55,標準,False
20260612-05-03,05,03,8,ゴールドパレード,,,32.6,10,近走上昇; 間隔長め77日; 騎手勝率1%; 調教師勝率13%,,,,False
20260612-05-03,05,03,9,サンシュノジンギ,,,71.3,13,マイニング14位; 差し向き展開; sprint risk,,,,False
20260612-05-03,05,03,10,ジェムシリカ,,,18.5,6,近走上昇; 騎手勝率0%; マイニング17位; 先行競合5頭,,,,False
20260612-05-03,05,03,11,ソチミルコ,△,4,10.9,4,騎手勝率14%; 調教師勝率10%; マイニング3位; 差し向き展開,,,,False
20260612-05-03,05,03,12,ミクロスギガース,,,113.4,17,近走下降; 前走大敗37着; 騎手勝率17%; マイニング13位,,,,False
20260612-05-03,05,03,13,スーパーハイウェイ,,,32.4,9,騎手勝率3%; マイニング8位; 差し向き展開; sprint risk,,,,False
20260612-05-03,05,03,14,パチクリベスクリ,,,100.5,15,マイニング15位; 差し向き展開; sprint risk,,,,False
20260612-05-03,05,03,15,スピットブレイク,,,21.2,8,馬体減-10kg; マイニング5位; 差し向き展開; sprint risk,,,,False
20260612-05-03,05,03,16,アラムベイ,☆,5,21.1,7,騎手勝率13%; マイニング6位; 差し向き展開; sprint risk,,,,False
20260612-05-03,05,03,17,ヘクトルテソーロ,,,13.8,5,斤量増2.0kg; マイニング9位; 差し向き展開; sprint risk,,,,False
20260612-05-03,05,03,18,ヤマニンアレシス,○,2,6.3,2,近走上昇; 騎手勝率17%; マイニング4位; 差し向き展開,0.231,1.45,標準,False
20260612-05-04,05,04,1,トウカイファクター,,,42.3,12,近走下降; 長距離未経験; 休み明け105日; 前走大敗78着,,,,False
20260612-05-04,05,04,2,ノブダブルホワイト,○,2,63.8,13,近走上昇; 前走10着; 斤量減2.0kg; マイニング8位,0.017,1.06,標準,False
20260612-05-04,05,04,3,プラウドヘリテージ,,,25.5,11,近走下降; 同場不振3走; 前走大敗13着; マイニング11位,,,,False
20260612-05-04,05,04,4,ハーバーライト,,,8.1,4,近走下降; 長距離未経験; 長距離向き脚質; 休み明け203日,,,,False
20260612-05-04,05,04,5,コスモゴレアドール,△,4,15.9,6,直近で1着あり; 直近3着内2回; 長距離未経験; 長距離向き脚質,,,,False
20260612-05-04,05,04,6,アウルムレガリア,,,22.8,9,近走上昇; 前走8着; マイニング13位; 上がり最速級14.2,,,,False
20260612-05-04,05,04,7,カイコウ,,,5.5,2,長距離不振6走; 重賞経験あり; マイニング1位; 異常区分4,,,,False
20260612-05-04,05,04,8,インターステラ,,,20.9,8,近走上昇; 前走9着; 調教師勝率13%; マイニング4位,,,,False
20260612-05-04,05,04,9,キュピドン,▲,3,14.6,5,直近で1着あり; 近走上昇; 長距離未経験; 相手関係緩和,0.027999999999999997,0.41,標準,False
20260612-05-04,05,04,10,マルディランダ,☆,5,6.8,3,休み明け202日; 前走大敗74着; 調教師勝率10%; マイニング5位,,,,False
20260612-05-04,05,04,11,アヴニールドブリエ,,,24.6,10,近走下降; 長距離向き脚質; 前走大敗13着; 斤量減3.0kg,,,,False
20260612-05-04,05,04,12,ロイガヴェーグル,,,20.6,7,長距離未経験; 休み明け125日; 前走大敗45着; マイニング7位,,,,False
20260612-05-04,05,04,13,モンツァフレイバー,◎,1,2.4,1,近走上昇; 長距離複勝あり; 長距離向き脚質; マイニング3位; 信頼度=標準(2位差12.0),0.235,0.56,標準,False
20260612-05-05,05,05,1,フリーリターン,,,60.2,14,前走大敗14着; 騎手勝率3%; 調教師勝率12%; マイニング12位,,,,False
20260612-05-05,05,05,2,ベアダイヤモンド,◎,1,2.9,1,頭数補正上位8%; 同距離複勝1回; 同場距離帯複勝1回; 騎手勝率26%; 信頼度=接戦(2位差7.3),0.358,1.04,接戦,False
20260612-05-05,05,05,3,フライングビーナス,△,4,12.8,6,騎手勝率17%; マイニング3位; 上がり良好35.2; 上がり3位経験,,,,False
20260612-05-05,05,05,4,エバーシャンティ,○,2,6.4,3,近走上昇; 同距離複勝1回; 同場距離帯複勝1回; 騎手勝率14%,0.14800000000000002,0.94,接戦,False
20260612-05-05,05,05,5,チャンピオンホープ,,,46.3,12,休み明け140日; 前走大敗48着; 馬体減-18kg; マイニング5位,,,,False
20260612-05-05,05,05,6,マイネルアイフェル,,,77.0,16,近走上昇; 同距離3走; 騎手勝率1%; マイニング15位,,,,False
20260612-05-05,05,05,7,デリシューズマン,,,36.2,11,マイニング10位,,,,False
20260612-05-05,05,05,8,ジーティーホクサイ,,,20.6,8,マイニング14位,,,,False
20260612-05-05,05,05,9,ジャストマイウェイ,,,16.1,7,間隔長め90日; 前走大敗40着; 騎手勝率14%; マイニング7位,,,,False
20260612-05-05,05,05,10,セイウンアズール,,,62.1,15,近走上昇; 休み明け139日; 前走大敗42着; 騎手勝率2%,,,,False
20260612-05-05,05,05,11,シーガルワールド,☆,5,5.3,2,騎手勝率13%; マイニング11位; 市場2人気,,,,False
20260612-05-05,05,05,12,カノープス,,,33.1,10,マイニング16位,,,,False
20260612-05-05,05,05,13,ケナゲ,,,58.2,13,近走上昇; 騎手勝率1%; マイニング9位; 上がり良好34.9,,,,False
20260612-05-05,05,05,14,エラガバリウム,,,27.8,9,騎手勝率17%; マイニング4位,,,,False
20260612-05-05,05,05,15,チルチャンプ,,,11.1,5,マイニング8位,,,,False
20260612-05-05,05,05,16,ベルウッドバイオ,▲,3,8.6,4,近走上昇; 同距離複勝1回; 同場距離帯複勝1回; マイニング6位,0.048,0.41,接戦,False
20260612-05-06,05,06,1,エスシービクトリア,,,3.4,2,騎手勝率13%; 調教師勝率10%; マイニング4位; 市場2人気,,,,False
20260612-05-06,05,06,2,ターフクリスタル,◎,1,22.3,7,頭数補正上位18%; 直近で1着あり; 近走上昇; 同種T1勝; 信頼度=混戦(2位差2.2),0.011000000000000001,0.26,混戦,False
20260612-05-06,05,06,3,ナックホワイト,,,15.0,5,近走下降; 前走11着; 騎手勝率12%; マイニング12位,,,,False
20260612-05-06,05,06,4,ヒシアムルーズ,,,7.5,4,近走下降; 重賞経験あり; 前走大敗13着; 騎手勝率17%,,,,False
20260612-05-06,05,06,5,バトルアックス,○,2,3.2,1,頭数補正上位0%; 直近で1着あり; 馬体減-10kg; 騎手勝率14%,0.22,0.7,混戦,False
20260612-05-06,05,06,6,ショウナンダイン,△,4,16.4,6,近走上昇; 前走8着; 騎手勝率13%; 調教師勝率13%,,,,False
20260612-05-06,05,06,7,エイシンニラク,,,23.6,8,間隔長め77日; 前走大敗47着; マイニング5位,,,,False
20260612-05-06,05,06,8,シエルライズ,,,59.8,12,前走大敗50着; マイニング11位,,,,False
20260612-05-06,05,06,9,カシノスパーク,▲,3,34.0,9,頭数補正上位4%; 直近で1着あり; 直近勝利2回; 同種T1勝,0.018000000000000002,0.62,混戦,False
20260612-05-06,05,06,10,オクトーバーナイン,☆,5,4.6,3,騎手勝率14%; 調教師勝率12%; マイニング3位,,,,False
20260612-05-06,05,06,11,ラフレードピエル,,,57.9,11,近走下降; 休み明け104日; 前走大敗45着; 調教師勝率11%,,,,False
20260612-05-06,05,06,12,ムーランオランジュ,,,41.9,10,マイニング6位,,,,False
20260612-05-07,05,07,1,アイアムアヒーロー,▲,3,27.2,10,直近で1着あり; 近走上昇; 同種T1勝; 同距離複勝1回,0.075,2.05,混戦,False
20260612-05-07,05,07,2,イヌボウノウタゴエ,○,2,5.0,2,頭数補正上位12%; 同距離複勝1回; 同場距離帯複勝1回; 騎手勝率17%,0.138,0.69,混戦,False
20260612-05-07,05,07,3,シンデレラリバティ,,,164.1,13,前走9着; 騎手勝率0%; マイニング13位; 差し向き展開,,,,False
20260612-05-07,05,07,4,トライアンフパス,,,7.1,4,近走上昇; 同距離5走; 調教師勝率12%; マイニング3位,,,,False
20260612-05-07,05,07,5,セイウンアインス,,,104.5,12,近走上昇; 前走大敗12着; 騎手勝率2%; マイニング8位,,,,False
20260612-05-07,05,07,6,スタートレイン,△,4,56.8,11,近走上昇; 同種T1勝; 同場1勝; 前走大敗17着,,,,False
20260612-05-07,05,07,7,エルハーベン,,,9.4,5,頭数補正上位14%; 馬体減-14kg; マイニング11位; 異常区分4,,,,False
20260612-05-07,05,07,8,レオアジャイル,,,6.7,3,頭数補正上位9%; 直近で1着あり; 騎手勝率12%; マイニング10位,,,,False
20260612-05-07,05,07,9,リラ,◎,1,10.0,6,直近で1着あり; 直近3着内2回; 同種T1勝; 同距離複勝1回; 信頼度=混戦(2位差4.2),0.16899999999999998,1.69,混戦,True
20260612-05-07,05,07,10,グロリアスマーチ,☆,5,11.6,8,近走上昇; 同距離3走; 同場不振3走; 騎手勝率14%,,,,False
20260612-05-07,05,07,11,グリオンヴール,,,4.2,1,近走上昇; 前走8着; 騎手勝率26%; 調教師勝率10%,,,,False
20260612-05-07,05,07,12,ラプランセス,,,13.4,9,騎手勝率14%; マイニング6位; 先行競合5頭; sprint risk,,,,False
20260612-05-07,05,07,13,カフェラバー,,,11.0,7,騎手勝率17%; マイニング9位; 先行競合5頭; sprint risk,,,,False
20260612-05-08,05,08,1,ベルチュガダン,,,10.3,5,騎手勝率17%; マイニング3位; 先行競合5頭,,,,False
20260612-05-08,05,08,2,フクシマコウヨウ,,,49.5,14,休み明け525日; 前走大敗30着; 騎手勝率0%; マイニング16位,,,,False
20260612-05-08,05,08,3,ミルキープリンセス,,,33.5,11,近走下降; 前走大敗14着; 騎手勝率14%; マイニング14位,,,,False
20260612-05-08,05,08,4,メリーサウンド,,,31.9,10,斤量減3.0kg; 騎手勝率3%; マイニング13位; 差し向き展開,,,,False
20260612-05-08,05,08,5,スモーキーゴッド,,,4.5,2,近走上昇; 騎手勝率2%; マイニング5位; 先行競合5頭,,,,False
20260612-05-08,05,08,6,サトノビーツ,△,4,7.9,4,騎手勝率17%; マイニング4位; 差し向き展開,,,,False
20260612-05-08,05,08,7,コルヴィル,,,21.0,7,同場不振4走; 格上挑戦+2; 調教師勝率12%; マイニング7位,,,,False
20260612-05-08,05,08,8,インヴェスター,,,101.6,16,直近で1着あり; 近走下降; 格上挑戦+2; 前走大敗15着,,,,False
20260612-05-08,05,08,9,ラルフテソーロ,,,11.3,6,近走上昇; 同距離4走; 同場不振3走; 休み明け286日,,,,False
20260612-05-08,05,08,10,コーシューパンジャ,▲,3,4.0,1,格上挑戦+2; マイニング1位; 差し向き展開; 上がり良好35.9,0.057999999999999996,0.23,接戦,False
20260612-05-08,05,08,11,ナムラジミー,,,40.8,12,斤量増4.0kg; 騎手勝率2%; マイニング6位; 差し向き展開,,,,False
20260612-05-08,05,08,12,ラッキーヤース,☆,5,22.1,8,近走上昇; 同距離6走; 同場不振6走; 前走10着,,,,False
20260612-05-08,05,08,13,アイファーシャドー,◎,1,42.7,13,頭数補正上位11%; 直近で1着あり; 直近勝利2回; 近走下降; 信頼度=接戦(2位差8.4),0.11699999999999999,4.99,接戦,True
20260612-05-08,05,08,14,ミスティマウンテン,○,2,5.1,3,近走上昇; 同距離複勝1回; 同場距離帯複勝1回; 騎手勝率26%,0.324,1.65,接戦,False
20260612-05-08,05,08,15,キングプロフィット,,,70.5,15,騎手勝率3%; 調教師勝率13%; マイニング8位; 差し向き展開,,,,False
20260612-05-08,05,08,16,キタノブレイク,,,28.2,9,前走9着; 調教師勝率11%; マイニング11位; 先行競合5頭,,,,False
20260612-05-09,05,09,1,サトノアルペジオ,,,40.3,14,同距離5走; 同場不振4走; 同場距離帯不振4走; 格上挑戦+2,,,,False
20260612-05-09,05,09,2,ウインアルドーレ,,,32.1,11,近走上昇; 同距離3走; 前走9着; 騎手勝率3%,,,,False
20260612-05-09,05,09,3,ドントゥザムーン,,,7.4,3,同距離複勝1回; 同場距離帯複勝1回; 騎手勝率0%; マイニング11位,,,,False
20260612-05-09,05,09,4,ベルブリエ,△,4,27.4,10,近走上昇; 同種T1勝; 同距離複勝3回; 同場1勝,,,,False
20260612-05-09,05,09,5,ノルドヴェスト,,,17.8,8,近走上昇; 同場不振7走; 格上挑戦+2; 休み明け237日,,,,False
20260612-05-09,05,09,6,サンドブラスト,,,21.2,9,近走上昇; 馬体減-10kg; 調教師勝率10%; マイニング7位,,,,False
20260612-05-09,05,09,7,ジェミート,,,6.5,2,間隔長め70日; 騎手勝率13%; マイニング1位; sprint risk,,,,False
20260612-05-09,05,09,8,キョウエイスレーヴ,○,2,36.2,13,頭数補正上位7%; 直近で1着あり; 直近3着内2回; 同種T1勝,0.11199999999999999,4.07,接戦,False
20260612-05-09,05,09,9,キミハスコール,◎,1,11.3,7,頭数補正上位0%; 直近で1着あり; 同種T1勝; 同距離複勝1回; 信頼度=接戦(2位差5.6),0.281,3.18,接戦,True
20260612-05-09,05,09,10,フィドルファドル,▲,3,7.9,5,頭数補正上位9%; 直近で1着あり; 直近3着内2回; 同距離複勝1回,0.134,1.06,接戦,False
20260612-05-09,05,09,11,アクアマリーナ,,,9.1,6,騎手勝率12%; マイニング9位; sprint risk; 相対時計優秀,,,,False
20260612-05-09,05,09,12,ビーコング,,,32.3,12,近走上昇; 重賞経験あり; 相手関係緩和; 前走大敗15着,,,,False
20260612-05-09,05,09,13,アグラード,,,50.8,15,同距離3走; 同場不振3走; 同場距離帯不振3走; 間隔長め90日,,,,False
20260612-05-09,05,09,14,マクミランテソーロ,☆,5,7.4,3,頭数補正上位13%; マイニング3位; sprint risk,,,,False
20260612-05-09,05,09,15,タイセイピューマ,,,64.4,16,近走上昇; 前走8着; 斤量増3.0kg; 騎手勝率3%,,,,False
20260612-05-09,05,09,16,ダイシンリンク,,,4.6,1,同距離11走; 同場不振4走; 同場距離帯不振4走; 前走大敗46着,,,,False
20260612-05-10,05,10,1,クライスレリアーナ,◎,1,1.5,1,頭数補正上位8%; 近走上昇; 同場距離帯複勝1回; 休み明け223日; 信頼度=混戦(2位差-0.7),0.301,0.45,混戦,False
20260612-05-10,05,10,2,ダガーリング,○,2,8.3,3,直近で1着あり; 直近3着内2回; 近走上昇; 同距離複勝1回,0.129,1.07,混戦,False
20260612-05-10,05,10,3,ビッグデイメイク,,,129.8,11,近走上昇; 相手関係緩和; 休み明け154日; 騎手勝率1%,,,,False
20260612-05-10,05,10,4,レッドレナート,,,29.9,8,近走下降; 同距離7走; 前走大敗13着; マイニング7位,,,,False
20260612-05-10,05,10,5,マーゴットゲイン,,,53.5,10,近走上昇; 同距離3走; 騎手勝率14%; マイニング8位,,,,False
20260612-05-10,05,10,6,ツルマウカタチ,☆,5,19.6,6,近走上昇; 同距離複勝1回; 同場不振3走; 同場距離帯不振3走,,,,False
20260612-05-10,05,10,7,トレサフィール,,,10.5,4,騎手勝率13%; 調教師勝率12%; マイニング9位; 当日脚質傾向0%(12件),,,,False
20260612-05-10,05,10,8,スナークピカソ,▲,3,21.1,7,近走上昇; 同距離3走; 騎手勝率12%; マイニング2位,0.06,1.26,混戦,False
20260612-05-10,05,10,9,ケイケイ,,,43.0,9,近走上昇; 同距離複勝1回; 同場不振3走; 同場距離帯不振3走,,,,False
20260612-05-10,05,10,10,ミッキーソルジャー,,,7.6,2,休み明け195日; 前走大敗50着; マイニング11位; 当日脚質傾向50%(12件),,,,False
20260612-05-10,05,10,11,ジーティーマン,△,4,12.2,5,近走上昇; 騎手勝率17%; マイニング5位; 当日脚質傾向50%(12件),,,,False
20260612-05-11,05,11,1,レディントン,,,74.9,15,同距離5走; OP risk; 休み明け104日; 前走大敗84着,,,,False
20260612-05-11,05,11,2,スナークラファエロ,,,44.3,12,近走上昇; 同距離複勝1回; 同格以上複勝あり; 同格条件複勝1回,,,,False
20260612-05-11,05,11,3,ショウナンライシン,,,74.4,14,OP risk; 騎手勝率14%; マイニング10位; 当日脚質傾向8%(12件),,,,False
20260612-05-11,05,11,4,ジンセイ,,,26.3,9,重賞経験あり; 同格以上実績不足; OP risk; 前走大敗52着,,,,False
20260612-05-11,05,11,5,ルージュスタニング,△,4,40.7,11,頭数補正上位0%; 直近で1着あり; 近走上昇; 同種T1勝,,,,False
20260612-05-11,05,11,6,アマンテビアンコ,,,6.3,3,直近で1着あり; 格上挑戦+4; OP risk; 休み明け836日,,,,False
20260612-05-11,05,11,7,マーブルロック,,,68.4,13,近走下降; OP risk; 休み明け160日; 前走大敗24着,,,,False
20260612-05-11,05,11,8,ナイトアクアリウム,▲,3,14.7,6,近走上昇; 同種T複勝4回; 同距離複勝1回; 同場複勝3回,0.016,0.23,接戦,False
20260612-05-11,05,11,9,マーズオデッセイ,,,24.3,8,頭数補正上位3%; 格上挑戦+4; OP risk; 休み明け546日,,,,False
20260612-05-11,05,11,10,ケイアイシェルビー,○,2,81.8,16,多頭数健闘27%; 近走上昇; 同種T複勝2回; 同距離複勝1回,0.025,2.01,接戦,False
20260612-05-11,05,11,11,ロジアデレード,,,17.4,7,格上挑戦+4; OP risk; 休み明け217日; 騎手勝率14%,,,,False
20260612-05-11,05,11,12,ジェイパームス,,,4.6,2,直近で1着あり; 近走下降; 重賞経験あり; 格上挑戦+2,,,,False
20260612-05-11,05,11,13,ハビレ,,,13.3,5,近走下降; 格上挑戦+4; OP risk; 休み明け139日,,,,False
20260612-05-11,05,11,14,キタノズエッジ,☆,5,11.0,4,頭数補正上位0%; 直近で1着あり; 近走上昇; 同格以上1勝,,,,False
20260612-05-11,05,11,15,ゴートゥファースト,,,30.1,10,直近で1着あり; 近走下降; 同距離複勝1回; 格上挑戦+2,,,,False
20260612-05-11,05,11,16,テーオーパスワード,◎,1,2.6,1,頭数補正上位15%; 同距離複勝1回; 同場距離帯複勝1回; 重賞経験あり; 信頼度=接戦(2位差16.6),0.324,0.84,接戦,False
20260612-05-12,05,12,1,ゴヴェルナーレリコ,,,20.2,7,間隔長め97日; 前走大敗20着; 騎手勝率18%; マイニング13位,,,,False
20260612-05-12,05,12,2,ラファールドール,,,27.5,10,近走上昇; 同場不振3走; 前走8着; 斤量増2.0kg,,,,False
20260612-05-12,05,12,3,コスモコンフェルマ,☆,5,19.4,6,頭数補正上位0%; 直近で1着あり; 近走上昇; 同種T1勝,,,,False
20260612-05-12,05,12,4,フジレイメイ,,,13.5,2,騎手勝率3%; マイニング3位; 差し向き展開; 市場2人気,,,,False
20260612-05-12,05,12,5,ディズレーリ,,,21.9,8,直近で1着あり; 近走下降; 同種T1勝; 同距離複勝1回,,,,False
20260612-05-12,05,12,6,オーシンハーフ,,,14.0,5,近走上昇; 前走11着; 斤量増2.0kg; マイニング8位,,,,False
20260612-05-12,05,12,7,ベルイストワール,,,60.3,14,前走9着; マイニング11位; 差し向き展開; 当日脚質傾向7%(15件),,,,False
20260612-05-12,05,12,8,ホークライト,,,13.5,2,マイニング4位; 先行競合6頭; 当日脚質傾向60%(15件); 市場2人気,,,,False
20260612-05-12,05,12,9,ヴァズレーヌ,▲,3,35.2,11,頭数補正上位0%; 直近で1着あり; 同種T1勝; マイニング14位,0.04,1.42,接戦,False
20260612-05-12,05,12,10,オセアバトルプラン,,,46.0,13,近走上昇; 前走8着; マイニング6位; 差し向き展開,,,,False
20260612-05-12,05,12,11,オウケンボルト,,,44.2,12,多頭数健闘24%; 同距離3走; 格上挑戦+3; 休み明け105日,,,,False
20260612-05-12,05,12,12,シゲルカミカゼ,○,2,22.9,9,直近で1着あり; 直近3着内2回; 同距離複勝1回; 同場距離帯複勝1回,0.099,2.26,接戦,False
20260612-05-12,05,12,13,タイセイカイザー,◎,1,1.6,1,近走上昇; 同距離複勝1回; 同場距離帯複勝1回; 騎手勝率26%; 信頼度=接戦(2位差20.8),0.41700000000000004,0.67,接戦,False
20260612-05-12,05,12,14,レッドリベルタ,△,4,13.5,2,前走9着; 斤量減2.0kg; 騎手勝率17%; マイニング2位,,,,False
20260612-05-12,05,12,15,ルーラーリッチ,,,107.5,16,近走上昇; 同場不振3走; 騎手勝率0%; マイニング5位,,,,False
20260612-05-12,05,12,16,デルマタモン,,,92.1,15,近走上昇; 格上挑戦+3; 騎手勝率3%; マイニング12位,,,,False
20260612-08-01,08,01,1,ヘリオポリス,,,277.9,14,騎手勝率3%; マイニング11位; sprint risk,,,,False
20260612-08-01,08,01,2,ジュピターバローズ,☆,5,35.6,7,騎手勝率1%; 調教師勝率11%; マイニング7位; sprint risk,,,,False
20260612-08-01,08,01,3,タガノプディング,○,2,2.8,2,斤量増3.0kg; 騎手勝率16%; マイニング2位; sprint risk,0.22399999999999998,0.63,接戦,False
20260612-08-01,08,01,4,ペイシャトサモア,,,404.6,16,マイニング14位; sprint risk,,,,False
20260612-08-01,08,01,5,ファツアップ,,,21.1,6,近走下降; 休み明け175日; 前走大敗20着; 騎手勝率4%,,,,False
20260612-08-01,08,01,6,トラステッド,,,276.3,13,騎手勝率2%; マイニング13位; sprint risk,,,,False
20260612-08-01,08,01,7,アリハム,▲,3,12.4,4,間隔長め91日; 騎手勝率12%; 調教師勝率10%; マイニング4位,0.109,1.35,接戦,False
20260612-08-01,08,01,8,クロレ,,,9.0,3,間隔長め98日; 騎手勝率16%; マイニング8位; sprint risk,,,,False
20260612-08-01,08,01,9,ダズリングノット,,,238.3,12,マイニング15位; sprint risk,,,,False
20260612-08-01,08,01,10,サウンドディアナ,,,165.4,11,休み明け133日; マイニング6位; sprint risk; 持ち時計優秀,,,,False
20260612-08-01,08,01,11,テイエムファントム,,,65.8,8,マイニング9位; sprint risk,,,,False
20260612-08-01,08,01,12,ゴールドアーチ,,,13.4,5,調教師勝率14%; マイニング10位; sprint risk,,,,False
20260612-08-01,08,01,13,ドローイング,,,289.3,15,間隔長め84日; 騎手勝率2%; マイニング12位; sprint risk,,,,False
20260612-08-01,08,01,14,ニホンピロローカス,◎,1,2.0,1,同距離複勝1回; 同場距離帯複勝1回; マイニング1位; 持ち時計平凡; 信頼度=接戦(2位差10.7),0.213,0.43,接戦,False
20260612-08-01,08,01,15,トゥルパーニ,,,114.2,10,騎手勝率4%; マイニング16位; sprint risk,,,,False
20260612-08-01,08,01,16,マクローリン,△,4,73.2,9,斤量増3.0kg; 騎手勝率12%; マイニング3位; sprint risk,,,,False
20260612-08-02,08,02,1,アメリカンイズム,☆,5,1.5,1,近走下降; 同距離3走; 間隔長め83日; 前走大敗84着,,,,False
20260612-08-02,08,02,2,ユウトザイノセント,,,34.2,8,休み明け259日; マイニング12位; 先行競合5頭,,,,False
20260612-08-02,08,02,3,クボウサマ,△,4,67.8,11,頭数補正上位7%; 同距離複勝1回; 休み明け145日; マイニング5位,,,,False
20260612-08-02,08,02,4,ペプチドマッハ,,,29.9,6,マイニング14位; 差し向き展開,,,,False
20260612-08-02,08,02,5,ピースビート,,,80.1,14,近走下降; 前走10着; マイニング8位; 差し向き展開,,,,False
20260612-08-02,08,02,6,カフジミモレット,,,23.2,5,マイニング7位; 先行競合5頭,,,,False
20260612-08-02,08,02,7,マテンロウアワー,▲,3,7.1,2,騎手勝率16%; マイニング2位; 先行競合5頭; 持ち時計優秀,0.127,0.9,混戦,False
20260612-08-02,08,02,8,レッドホット,◎,1,13.7,4,頭数補正上位0%; 直近で1着あり; 同距離複勝1回; 間隔長め91日; 信頼度=混戦(2位差-7.7),0.13,1.78,混戦,True
20260612-08-02,08,02,9,コンテナヒーロー,,,77.4,13,騎手勝率4%; マイニング6位; 先行競合5頭,,,,False
20260612-08-02,08,02,10,ジューンマーチ,,,41.0,10,近走上昇; 間隔長め77日; 前走大敗46着; マイニング9位,,,,False
20260612-08-02,08,02,11,ヴィラフランカ,,,105.9,16,前走11着; 斤量減2.0kg; 騎手勝率2%; マイニング16位,,,,False
20260612-08-02,08,02,12,クロンヌジャン,○,2,8.5,3,直近3着内2回; 近走上昇; 同種T複勝2回; 同距離複勝2回,0.10800000000000001,0.92,混戦,False
20260612-08-02,08,02,13,スーパーブラザー,,,81.3,15,騎手勝率1%; マイニング13位; 差し向き展開,,,,False
20260612-08-02,08,02,14,サンライズコナー,,,40.4,9,騎手勝率4%; マイニング10位; 差し向き展開,,,,False
20260612-08-02,08,02,15,アルファローバ,,,32.1,7,休み明け251日; 前走8着; マイニング11位; 差し向き展開,,,,False
20260612-08-02,08,02,16,エナジーイッセイ,,,69.7,12,マイニング15位; 差し向き展開,,,,False
20260612-08-03,08,03,1,ホッコームジカ,,,26.0,8,騎手勝率4%; マイニング15位; sprint risk,,,,False
20260612-08-03,08,03,2,マルモリキャスター,,,31.8,12,同距離7走; マイニング8位; 上がり最速級33.8; 持ち時計平凡,,,,False
20260612-08-03,08,03,3,ジョービスコッティ,▲,3,9.9,6,頭数補正上位12%; 同距離複勝1回; 同場距離帯複勝1回; マイニング3位,0.115,1.14,接戦,False
20260612-08-03,08,03,4,メイショウトウコウ,☆,5,4.8,2,頭数補正上位7%; 同距離複勝1回; 同場距離帯複勝1回; 休み明け203日,,,,False
20260612-08-03,08,03,5,ドンレミラピュセル,,,31.0,11,休み明け109日; 騎手勝率1%; マイニング12位; sprint risk,,,,False
20260612-08-03,08,03,6,ウインハルフォード,,,49.2,13,近走下降; 前走大敗60着; マイニング5位; sprint risk,,,,False
20260612-08-03,08,03,7,アラビアンジョイ,○,2,9.8,5,近走上昇; 同種T複勝2回; 同距離複勝1回; 同場複勝2回,0.141,1.39,接戦,False
20260612-08-03,08,03,8,スターアスコット,,,27.2,10,前走大敗46着; マイニング9位; sprint risk,,,,False
20260612-08-03,08,03,9,キタノボニータ,,,101.0,15,マイニング17位; sprint risk,,,,False
20260612-08-03,08,03,10,チュウワメロディー,◎,1,3.1,1,頭数補正上位12%; 直近3着内2回; 同種T複勝2回; 同距離複勝1回; 信頼度=接戦(2位差7.2),0.22,0.68,接戦,False
20260612-08-03,08,03,11,ゴッドアイ,△,4,7.7,3,同距離4走; 騎手勝率12%; マイニング6位; 上がり最速級34.3,,,,False
20260612-08-03,08,03,12,グランスプリント,,,79.6,14,頭数補正上位18%; 間隔長め76日; マイニング7位; sprint risk,,,,False
20260612-08-03,08,03,13,ビーチェ,,,107.5,16,間隔長め94日; 騎手勝率3%; マイニング13位; sprint risk,,,,False
20260612-08-03,08,03,14,プラヤデルカルメン,,,8.4,4,騎手勝率3%; 調教師勝率11%; マイニング14位; sprint risk,,,,False
20260612-08-03,08,03,15,エイシンビギー,,,144.0,17,間隔長め70日; 前走大敗40着; 騎手勝率4%; 調教師勝率11%,,,,False
20260612-08-03,08,03,16,ギフテッドスペック,,,22.7,7,マイニング11位; sprint risk,,,,False
20260612-08-03,08,03,17,ラルス,,,,,騎手勝率2%; 異常区分1; sprint risk,,,,False
20260612-08-03,08,03,18,ミライチケット,,,26.7,9,マイニング16位; sprint risk,,,,False
20260612-08-04,08,04,1,ヴィラジョヴィス,,,10.2,5,マイニング3位; 差し向き展開; 上がり良好34.6,,,,False
20260612-08-04,08,04,2,レディトゥアタック,,,63.5,14,近走上昇; 長距離未経験; 前走8着; マイニング12位,,,,False
20260612-08-04,08,04,3,ウインアトム,,,10.3,6,マイニング15位; 差し向き展開,,,,False
20260612-08-04,08,04,4,ギオンバヤシ,,,9.3,4,近走上昇; 長距離未経験; 前走大敗30着; 騎手勝率12%,,,,False
20260612-08-04,08,04,5,メイショウランケイ,,,16.5,8,頭数補正上位8%; 休み明け217日; 騎手勝率4%; 調教師勝率10%,,,,False
20260612-08-04,08,04,6,ナムラヴンダー,○,2,10.7,7,マイニング2位; 差し向き展開; 上がり良好34.7; 相対時計優秀,0.018000000000000002,0.2,標準,False
20260612-08-04,08,04,7,スリーキズナヒメ,,,38.7,12,前走9着; マイニング13位; 差し向き展開; 相対時計優秀,,,,False
20260612-08-04,08,04,8,マテンロウプリンス,,,65.1,15,近走上昇; 前走8着; 騎手勝率3%; 調教師勝率14%,,,,False
20260612-08-04,08,04,9,ソルトハッピー,△,4,9.2,3,近走上昇; 長距離向き脚質; マイニング4位; 先行競合6頭,,,,False
20260612-08-04,08,04,10,ラルクアンレーヴ,,,18.0,9,近走上昇; 前走11着; マイニング11位; 差し向き展開,,,,False
20260612-08-04,08,04,11,ブルースプレイヤー,,,109.6,16,直近で1着あり; 近走下降; 長距離向き脚質; 騎手勝率2%,,,,False
20260612-08-04,08,04,12,キングオブストーム,,,119.3,18,近走上昇; 前走9着; 騎手勝率0%; マイニング18位,,,,False
20260612-08-04,08,04,13,シートゥサミット,▲,3,4.4,1,近走上昇; 同距離複勝1回; 長距離複勝あり; 長距離向き脚質,0.29,1.28,標準,False
20260612-08-04,08,04,14,キービート,,,115.4,17,近走下降; 同距離複勝1回; 長距離複勝あり; 前走10着,,,,False
20260612-08-04,08,04,15,ゼンノゾンターク,,,19.5,10,長距離向き脚質; 騎手勝率4%; マイニング7位; 先行競合6頭,,,,False
20260612-08-04,08,04,16,アウラニ,☆,5,50.5,13,長距離向き脚質; マイニング6位; 先行競合6頭; 上がり良好35.7,,,,False
20260612-08-04,08,04,17,ドンテスタマスター,◎,1,4.7,2,同距離複勝1回; 長距離複勝あり; 長距離向き脚質; 同場距離帯複勝1回; 信頼度=標準(2位差20.0),0.316,1.48,標準,True
20260612-08-04,08,04,18,ボッチョ,,,23.2,11,前走大敗12着; 騎手勝率1%; マイニング10位; 差し向き展開,,,,False
20260612-08-05,08,05,1,イクオクコウネン,▲,3,7.4,3,頭数補正上位18%; 調教師勝率11%; マイニング7位; 上がり最速級33.7,0.068,0.5,接戦,False
20260612-08-05,08,05,2,サラサチャーミング,,,37.3,9,間隔長め98日; マイニング5位; 持ち時計平凡; 相対時計不足,,,,False
20260612-08-05,08,05,3,チアフルドア,,,92.8,16,近走下降; 前走大敗16着; 騎手勝率2%; マイニング15位,,,,False
20260612-08-05,08,05,4,メイショウショカツ,◎,1,6.8,2,近走上昇; 同距離複勝1回; 同場距離帯複勝1回; マイニング2位; 信頼度=接戦(2位差5.8),0.157,1.06,接戦,False
20260612-08-05,08,05,5,メイショウイサミ,,,58.5,12,マイニング17位,,,,False
20260612-08-05,08,05,6,ハッピーリオン,,,42.5,11,近走上昇; 騎手勝率3%; マイニング8位,,,,False
20260612-08-05,08,05,7,シャンクスレガシー,,,18.8,5,騎手勝率4%; マイニング13位,,,,False
20260612-08-05,08,05,8,アメジストロード,△,4,40.9,10,近走上昇; マイニング4位; 上がり最速級34.5,,,,False
20260612-08-05,08,05,9,パピヨンヴェール,,,85.0,15,近走上昇; 前走大敗14着; 騎手勝率12%; マイニング18位,,,,False
20260612-08-05,08,05,10,ゴールデンテティス,,,78.7,13,近走上昇; 間隔長め97日; 前走大敗54着; マイニング9位,,,,False
20260612-08-05,08,05,11,ノヴァレジーナ,,,34.6,8,近走下降; 同場不振3走; 間隔長め70日; 前走大敗52着,,,,False
20260612-08-05,08,05,12,サトノアグード,○,2,1.7,1,騎手勝率16%; マイニング1位; 市場1人気,0.165,0.28,接戦,False
20260612-08-05,08,05,13,ダンツウルス,,,10.3,4,近走上昇; マイニング3位; 持ち時計平凡; 相対時計不足,,,,False
20260612-08-05,08,05,14,ステラネージュ,☆,5,21.8,6,騎手勝率12%; 調教師勝率11%; マイニング11位,,,,False
20260612-08-05,08,05,15,ジリアート,,,27.9,7,前走大敗14着; マイニング6位; 上がり良好35.9,,,,False
20260612-08-05,08,05,16,アンタレス,,,84.8,14,近走上昇; 間隔長め77日; 騎手勝率3%; マイニング16位,,,,False
20260612-08-05,08,05,17,イコミキマル,,,151.8,18,前走大敗14着; 騎手勝率2%; マイニング14位,,,,False
20260612-08-05,08,05,18,セイカンサンラン,,,141.0,17,近走上昇; マイニング12位,,,,False
20260612-08-06,08,06,1,インディゴ,,,4.3,1,休み明け490日; 前走大敗82着; マイニング3位; 差し向き展開,,,,False
20260612-08-06,08,06,2,ユキノクラウン,,,4.7,2,近走上昇; 同距離4走; 同場不振3走; 休み明け223日,,,,False
20260612-08-06,08,06,3,シーリュウシー,,,37.3,12,近走下降; 前走10着; マイニング6位; 差し向き展開,,,,False
20260612-08-06,08,06,4,ロードシュヴァリエ,△,4,7.6,5,同距離12走; 同場不振6走; 同場距離帯不振3走; 騎手勝率2%,,,,False
20260612-08-06,08,06,5,マハートマーベル,,,30.2,10,格上挑戦+2; マイニング7位; 先行競合5頭; 持ち時計平凡,,,,False
20260612-08-06,08,06,6,ディニテ,○,2,6.4,4,マイニング1位; 差し向き展開,0.045,0.29,混戦,False
20260612-08-06,08,06,7,アリュールテーラー,◎,1,31.9,11,近走上昇; 同距離3走; 前走11着; 騎手勝率4%; 信頼度=混戦(2位差2.3),0.018000000000000002,0.58,混戦,False
20260612-08-06,08,06,8,オーラエグザート,,,18.5,7,近走下降; 同距離5走; 休み明け273日; 前走大敗56着,,,,False
20260612-08-06,08,06,9,ラグナトーレ,,,25.5,9,近走上昇; 同距離7走; 前走8着; 斤量増2.0kg,,,,False
20260612-08-06,08,06,10,ジーティーパワー,☆,5,22.1,8,同距離3走; 騎手勝率4%; マイニング9位; 差し向き展開,,,,False
20260612-08-06,08,06,11,チュウワダイオウ,▲,3,12.2,6,同距離3走; 斤量増2.0kg; 騎手勝率16%; マイニング5位,0.08800000000000001,1.07,混戦,False
20260612-08-06,08,06,12,バシリス,,,4.7,2,近走下降; 同種T複勝2回; 同距離4走; 同場複勝2回,,,,False
20260612-08-07,08,07,1,ビップディラン,▲,3,8.4,5,同距離複勝1回; 同場距離帯複勝1回; マイニング1位; 上がり最速級33.0,0.10800000000000001,0.91,接戦,False
20260612-08-07,08,07,2,ベイリークロア,◎,1,12.2,6,直近で1着あり; 直近勝利2回; 近走下降; 同種T2勝; 信頼度=接戦(2位差6.6),0.21600000000000003,2.63,接戦,True
20260612-08-07,08,07,3,ワンダーイロネ,,,16.0,8,近走上昇; マイニング7位; 上がり最速級33.6; 持ち時計平凡,,,,False
20260612-08-07,08,07,4,ヴェストラン,,,54.4,13,騎手勝率3%; マイニング9位,,,,False
20260612-08-07,08,07,5,エイヘンハールト,○,2,7.7,4,騎手勝率12%; 調教師勝率10%; マイニング2位; 上がり最速級32.5,0.122,0.94,接戦,False
20260612-08-07,08,07,6,メイショウビストロ,,,17.5,9,近走上昇; 同距離複勝1回; 前走9着; 斤量減2.0kg,,,,False
20260612-08-07,08,07,7,スターペスショウマ,,,65.6,15,近走下降; 前走大敗14着; 騎手勝率3%; マイニング15位,,,,False
20260612-08-07,08,07,8,チリーゴールド,,,12.5,7,同距離複勝1回; 休み明け175日; マイニング14位; 持ち時計平凡,,,,False
20260612-08-07,08,07,9,フェイトライン,☆,5,6.5,3,直近で1着あり; 直近3着内2回; 近走上昇; 間隔長め90日,,,,False
20260612-08-07,08,07,10,テレプシコーラ,,,31.5,12,近走上昇; 同場不振6走; 調教師勝率14%; マイニング12位,,,,False
20260612-08-07,08,07,11,エイカイカッシーナ,,,61.1,14,近走下降; 間隔長め90日; 前走大敗44着; マイニング10位,,,,False
20260612-08-07,08,07,12,サニーサルサ,,,30.4,11,休み明け721日; 前走8着; 騎手勝率2%; マイニング8位,,,,False
20260612-08-07,08,07,13,リガーレ,,,5.5,2,近走上昇; 休み明け209日; 馬体減-12kg; 騎手勝率13%,,,,False
20260612-08-07,08,07,14,ムーンライトラガー,△,4,4.4,1,同距離複勝1回; 同場距離帯複勝1回; マイニング3位; 上がり最速級33.5,,,,False
20260612-08-07,08,07,15,リトルスカーレット,,,20.0,10,近走上昇; 前走大敗13着; 調教師勝率10%; マイニング11位,,,,False
20260612-08-08,08,08,1,アムールリーベ,,,26.4,10,多頭数健闘26%; 同場不振3走; 同場距離帯不振3走; マイニング4位,,,,False
20260612-08-08,08,08,2,サンタンカ,,,6.3,3,マイニング2位; sprint risk,,,,False
20260612-08-08,08,08,3,テーオーシュタイン,,,13.1,7,騎手勝率3%; マイニング7位; sprint risk; 持ち時計優秀,,,,False
20260612-08-08,08,08,4,マイネルラッシュ,,,46.7,11,近走上昇; 同場不振4走; 同場距離帯不振3走; マイニング12位,,,,False
20260612-08-08,08,08,5,アジュマン,○,2,7.6,6,頭数補正上位12%; 近走上昇; 同距離複勝1回; マイニング1位,0.158,1.2,接戦,False
20260612-08-08,08,08,6,ライラ,▲,3,4.7,1,同距離複勝1回; 騎手勝率16%; マイニング6位; 上がり最速級34.4,0.11599999999999999,0.55,接戦,False
20260612-08-08,08,08,7,ロンドボス,,,6.9,5,近走上昇; 同場不振3走; 騎手勝率1%; マイニング3位,,,,False
20260612-08-08,08,08,8,エイヨーアメジスト,☆,5,15.3,8,近走上昇; マイニング9位; 当日脚質傾向58%(12件); 上がり最速級33.0,,,,False
20260612-08-08,08,08,9,インフローレ,,,17.8,9,近走下降; 同距離3走; 同場不振3走; 同場距離帯不振3走,,,,False
20260612-08-08,08,08,10,エーデルヴェーグ,△,4,6.8,4,直近で1着あり; 近走上昇; 同種T1勝; マイニング5位,,,,False
20260612-08-08,08,08,11,メイショウカイト,◎,1,5.4,2,頭数補正上位15%; 直近3着内2回; 同種T1勝; 同距離複勝3回; 信頼度=接戦(2位差9.6),0.17,0.92,接戦,False
20260612-08-08,08,08,12,サダメ,,,47.9,12,近走上昇; 同距離4走; 前走8着; マイニング10位,,,,False
20260612-08-09,08,09,1,スターシップ,,,23.9,6,頭数補正上位7%; 近走上昇; 上級条件で実績薄; OP risk,,,,False
20260612-08-09,08,09,2,ケンタッキーホーム,◎,1,12.7,5,頭数補正上位0%; 直近で1着あり; 同種T1勝; 同距離複勝1回; 信頼度=混戦(2位差-0.4),0.11,1.39,混戦,False
20260612-08-09,08,09,3,ケンフィールド,△,4,34.2,7,直近で1着あり; 直近3着内2回; 近走下降; 同種T1勝,,,,False
20260612-08-09,08,09,4,ビービークローサー,○,2,7.2,4,直近で1着あり; 直近3着内2回; 近走上昇; 同格以上複勝あり,0.132,0.95,混戦,False
20260612-08-09,08,09,5,タガノアバンドーネ,,,5.5,2,近走下降; 同距離4走; OP risk; 休み明け140日,,,,False
20260612-08-09,08,09,6,ビズロード,,,68.0,9,OP risk; マイニング7位; 当日中有利56%(9件),,,,False
20260612-08-09,08,09,7,ソルチェリア,☆,5,7.1,3,重賞経験あり; OP risk; マイニング1位,,,,False
20260612-08-09,08,09,8,イッテラッシャイ,▲,3,1.6,1,直近で1着あり; 近走上昇; 同種T1勝; 同距離複勝1回,0.271,0.43,混戦,False
20260612-08-09,08,09,9,サイモンゼスト,,,35.5,8,近走下降; 同距離4走; 重賞経験あり; OP risk,,,,False
20260612-08-10,08,10,1,オリーブグリーン,,,33.0,13,直近で1着あり; 近走上昇; 同種T1勝; 同距離複勝2回,,,,False
20260612-08-10,08,10,2,テーオーマルコーニ,,,12.0,5,近走上昇; 同距離4走; 休み明け139日; マイニング8位,,,,False
20260612-08-10,08,10,3,サノノワンダー,,,12.3,6,頭数補正上位0%; 直近で1着あり; 同種T1勝; 同距離複勝1回,,,,False
20260612-08-10,08,10,4,アレナパラシオ,,,41.9,14,騎手勝率4%; マイニング16位,,,,False
20260612-08-10,08,10,5,キングブルー,,,20.9,8,頭数補正上位7%; 同距離複勝1回; 休み明け846日; マイニング11位,,,,False
20260612-08-10,08,10,6,メイショウオーロラ,,,54.0,15,近走上昇; 同距離複勝1回; 前走8着; マイニング13位,,,,False
20260612-08-10,08,10,7,ロードヴォイジャー,◎,1,6.9,4,頭数補正上位5%; 直近で1着あり; 直近3着内3回; 同種T1勝; 信頼度=接戦(2位差17.8),0.305,2.11,接戦,True
20260612-08-10,08,10,8,マテンロウブレイブ,○,2,4.9,1,直近で1着あり; 近走上昇; 同種T1勝; 同距離複勝1回,0.20800000000000002,1.02,接戦,False
20260612-08-10,08,10,9,カミノレアル,,,18.5,7,頭数補正上位7%; 直近3着内2回; 同距離複勝1回; 休み明け138日,,,,False
20260612-08-10,08,10,10,マンオブザマッチ,☆,5,23.4,10,直近で1着あり; 近走上昇; 同距離複勝1回; 騎手勝率13%,,,,False
20260612-08-10,08,10,11,ブルーワール,△,4,24.3,11,直近で1着あり; 近走上昇; 同種T1勝; 同距離複勝1回,,,,False
20260612-08-10,08,10,12,ペンナヴェローチェ,▲,3,4.9,1,頭数補正上位15%; 直近3着内3回; 同種T複勝3回; 同距離複勝2回,0.081,0.4,接戦,False
20260612-08-10,08,10,13,スマートケープ,,,29.0,12,同距離4走; 休み明け287日; 前走大敗51着; 馬体減-10kg,,,,False
20260612-08-10,08,10,14,タイゲン,,,84.1,16,近走下降; 格上挑戦+2; 休み明け119日; 前走大敗82着,,,,False
20260612-08-10,08,10,15,ラオラシオン,,,22.5,9,騎手勝率12%; マイニング12位,,,,False
20260612-08-10,08,10,16,ドラゴン,,,5.3,3,近走上昇; 間隔長め97日; 騎手勝率12%; マイニング4位,,,,False
20260612-08-11,08,11,1,トップアタック,,,61.4,15,多頭数健闘23%; 直近で1着あり; 直近3着内2回; 近走上昇,,,,False
20260612-08-11,08,11,2,デアヴェローチェ,◎,1,10.7,6,頭数補正上位16%; 直近で1着あり; 近走上昇; 同種T1勝; 信頼度=混戦(2位差-2.8),0.147,1.57,混戦,True
20260612-08-11,08,11,3,ガラベイヤ,△,4,18.3,9,頭数補正上位0%; 直近で1着あり; 同距離複勝1回; 格上挑戦+2,,,,False
20260612-08-11,08,11,4,フォーゲル,▲,3,9.0,5,同場距離帯複勝1回; 上級条件で実績薄; OP risk; 騎手勝率16%,0.057999999999999996,0.52,混戦,False
20260612-08-11,08,11,5,エイシンディード,,,4.6,1,近走下降; 重賞経験あり; OP risk; 間隔長め70日,,,,False
20260612-08-11,08,11,6,コックピットサイト,,,59.5,14,格上挑戦+3; OP risk; 前走8着; 騎手勝率12%,,,,False
20260612-08-11,08,11,7,メランコリニスタ,☆,5,17.4,8,OP risk; マイニング8位; 差し向き展開; 当日脚質傾向53%(15件),,,,False
20260612-08-11,08,11,8,ウチュウノセカイ,,,36.0,12,近走下降; 格上挑戦+3; OP risk; 休み明け252日,,,,False
20260612-08-11,08,11,9,アンジュプロミス,,,7.3,4,近走上昇; OP risk; 間隔長め98日; 前走大敗44着,,,,False
20260612-08-11,08,11,10,シラヌイ,,,39.3,13,OP risk; 前走大敗20着; マイニング15位; 差し向き展開,,,,False
20260612-08-11,08,11,11,タガノアラリア,○,2,5.9,2,直近で1着あり; 近走上昇; 同場1勝; 同場距離帯複勝1回,0.19899999999999998,1.18,混戦,False
20260612-08-11,08,11,12,ヒシアイラ,,,11.5,7,OP risk; 騎手勝率13%; マイニング3位; 差し向き展開,,,,False
20260612-08-11,08,11,13,タマモイカロス,,,6.9,3,直近で1着あり; 近走下降; 同種T1勝; 同距離複勝1回,,,,False
20260612-08-11,08,11,14,クリエープキー,,,82.7,16,OP risk; 休み明け350日; マイニング11位; 差し向き展開,,,,False
20260612-08-11,08,11,15,ルージュサウダージ,,,26.8,11,近走下降; OP risk; 間隔長め84日; 前走大敗47着,,,,False
20260612-08-11,08,11,16,ショウナンカリス,,,19.1,10,重賞経験あり; OP risk; 前走10着; マイニング5位,,,,False
20260612-08-12,08,12,1,ワイノナオミ,,,43.4,15,近走下降; 同距離3走; 前走10着; マイニング11位,,,,False
20260612-08-12,08,12,2,タイセイルヴァン,,,24.5,14,近走上昇; 同距離6走; 騎手勝率3%; マイニング12位,,,,False
20260612-08-12,08,12,3,ワンダーカモン,,,20.9,11,近走上昇; 前走10着; マイニング7位; 差し向き展開,,,,False
20260612-08-12,08,12,4,ドンパッショーネ,,,6.0,1,同距離7走; 調教師勝率11%; マイニング8位; 先行競合5頭,,,,False
20260612-08-12,08,12,5,ウルスクローム,,,7.2,3,同距離3走; 同場不振3走; 前走大敗48着; マイニング2位,,,,False
20260612-08-12,08,12,6,メイショウドライブ,▲,3,12.9,8,近走上昇; 同距離複勝1回; 同場距離帯複勝1回; マイニング3位,0.06,0.78,接戦,False
20260612-08-12,08,12,7,アスタールフナ,,,10.9,6,近走上昇; 同距離3走; 前走8着; マイニング4位,,,,False
20260612-08-12,08,12,8,セールヴォラン,○,2,12.4,7,近走下降; 同種T複勝2回; 同距離複勝3回; 同場距離帯複勝1回,0.11599999999999999,1.44,接戦,False
20260612-08-12,08,12,9,ランスオブセヘル,◎,1,6.9,2,頭数補正上位11%; 直近3着内2回; 同種T複勝2回; 同距離複勝1回; 信頼度=接戦(2位差20.4),0.18899999999999997,1.3,接戦,True
20260612-08-12,08,12,10,フレイミングパイ,,,77.1,16,休み明け532日; 前走10着; 騎手勝率2%; マイニング15位,,,,False
20260612-08-12,08,12,11,ジュンゴールド,,,23.8,13,近走下降; 前走大敗13着; 騎手勝率13%; 調教師勝率11%,,,,False
20260612-08-12,08,12,12,ストラテージュ,△,4,13.2,9,近走上昇; 同種T1勝; 同距離複勝1回; 同場1勝,,,,False
20260612-08-12,08,12,13,タッカージーティー,,,10.4,5,騎手勝率16%; 調教師勝率12%; マイニング10位; 先行競合5頭,,,,False
20260612-08-12,08,12,14,サマースイートピー,,,21.9,12,近走上昇; 同距離4走; 騎手勝率0%; マイニング9位,,,,False
20260612-08-12,08,12,15,ベンダバール,☆,5,8.0,4,近走上昇; 同種T複勝2回; 同距離複勝1回; 同場不振3走,,,,False
20260612-08-12,08,12,16,カワキタマナレア,,,20.2,10,近走下降; 同距離5走; 前走10着; 騎手勝率12%,,,,False
20260612-05-01,05,01,1,ベアエクスプレス,,,434.0,15,前走大敗13着; 騎手勝率3%; 調教師勝率12%; マイニング13位,,,,False
20260612-05-01,05,01,2,アーティラリー,△,4,5.7,3,近走上昇; 同距離複勝1回; 騎手勝率12%; マイニング3位,,,,False
20260612-05-01,05,01,3,レディソフィア,☆,5,55.0,7,近走上昇; 斤量減2.0kg; 騎手勝率17%; マイニング9位,,,,False
20260612-05-01,05,01,4,トラストレガート,,,63.0,8,近走上昇; 同距離3走; 騎手勝率0%; マイニング5位,,,,False
20260612-05-01,05,01,5,エリカビアリッツ,○,2,1.9,1,頭数補正上位8%; 同距離複勝1回; 同場距離帯複勝1回; 騎手勝率18%,0.256,0.49,接戦,False
20260612-05-01,05,01,6,フローレスカラーズ,,,119.9,11,騎手勝率3%; マイニング11位,,,,False
20260612-05-01,05,01,7,キミガハマ,,,82.3,10,頭数補正上位16%; マイニング8位,,,,False
20260612-05-01,05,01,8,パレホ,,,475.0,16,前走大敗14着; マイニング16位,,,,False
20260612-05-01,05,01,9,エフハリスト,◎,1,3.4,2,頭数補正上位13%; 直近3着内2回; 同種T複勝2回; 同距離複勝1回; 信頼度=接戦(2位差11.0),0.205,0.7,接戦,False
20260612-05-01,05,01,10,ヤマニンジェンナ,,,272.3,13,騎手勝率2%; マイニング15位,,,,False
20260612-05-01,05,01,11,サマースプラッシュ,,,330.9,14,前走10着; 騎手勝率12%; マイニング14位,,,,False
20260612-05-01,05,01,12,カスターニエ,,,235.2,12,近走上昇; 前走10着; 斤量増3.0kg; マイニング10位,,,,False
20260612-05-01,05,01,13,ミツカネルナ,,,77.4,9,騎手勝率17%; 調教師勝率11%; マイニング12位,,,,False
20260612-05-01,05,01,14,バーヴァンシー,▲,3,13.6,5,近走上昇; 同距離複勝1回; 同場距離帯複勝1回; 騎手勝率13%,0.10400000000000001,1.41,接戦,False
20260612-05-01,05,01,15,フレアリングベリー,,,13.5,4,近走下降; 前走8着; 騎手勝率2%; マイニング6位,,,,False
20260612-05-01,05,01,16,ユーゲットミー,,,28.8,6,近走上昇; 同距離複勝1回; 同場距離帯複勝1回; 騎手勝率1%,,,,False
20260612-05-02,05,02,1,ユニバーサルラヴ,,,65.9,10,マイニング12位; 差し向き展開; sprint risk,,,,False
20260612-05-02,05,02,2,ジャメビュ,,,37.8,7,近走上昇; 斤量減3.0kg; 騎手勝率0%; マイニング9位,,,,False
20260612-05-02,05,02,3,セイカユウヒ,△,4,166.3,13,マイニング6位; 差し向き展開; sprint risk; 持ち時計優秀,,,,False
20260612-05-02,05,02,4,キリミツ,○,2,6.6,4,頭数補正上位13%; 直近で1着あり; 近走下降; 同種T1勝,0.036000000000000004,0.24,接戦,False
20260612-05-02,05,02,5,グランマエストロ,◎,1,2.3,1,頭数補正上位10%; 直近3着内2回; 同距離複勝2回; 騎手勝率26%; 信頼度=接戦(2位差19.7),0.36200000000000004,0.83,接戦,False
20260612-05-02,05,02,6,トワイライトビュー,▲,3,3.3,2,同距離複勝1回; マイニング4位; 先行競合6頭; 持ち時計優秀,0.098,0.33,接戦,False
20260612-05-02,05,02,7,ピュアクローム,,,29.6,6,近走下降; 騎手勝率1%; マイニング5位; 差し向き展開,,,,False
20260612-05-02,05,02,8,カテドラルクォーツ,,,62.0,9,近走下降; 前走大敗13着; 騎手勝率12%; マイニング7位,,,,False
20260612-05-02,05,02,9,ショウナンタヅナ,,,123.5,12,休み明け105日; 馬体減-10kg; マイニング8位; 差し向き展開,,,,False
20260612-05-02,05,02,10,テラシエスタ,,,49.5,8,マイニング11位; 差し向き展開; sprint risk,,,,False
20260612-05-02,05,02,11,ホウオウライセンス,,,21.8,5,騎手勝率16%; 調教師勝率11%; マイニング10位; 差し向き展開,,,,False
20260612-05-02,05,02,12,ビーストウォーズ,,,342.3,15,近走下降; 間隔長め71日; 前走大敗45着; 騎手勝率17%,,,,False
20260612-05-02,05,02,13,ミラビリオン,☆,5,5.2,3,騎手勝率12%; マイニング3位; 先行競合6頭; sprint risk,,,,False
20260612-05-02,05,02,14,セランディア,,,642.3,16,前走8着; 斤量減3.0kg; 騎手勝率3%; マイニング13位,,,,False
20260612-05-02,05,02,15,タイヨウノユビワ,,,90.1,11,マイニング14位; 差し向き展開; sprint risk,,,,False
20260612-05-02,05,02,16,ゴールデンボート,,,256.7,14,近走上昇; 前走大敗12着; 騎手勝率2%; マイニング16位,,,,False
20260612-05-03,05,03,1,ピードモント,◎,1,4.6,2,近走上昇; 格上挑戦+2; 騎手勝率3%; マイニング1位; 信頼度=混戦(2位差2.7),0.157,0.72,混戦,False
20260612-05-03,05,03,2,ブレイブシュガー,,,98.6,9,騎手勝率1%; マイニング5位; 差し向き展開,,,,False
20260612-05-03,05,03,3,ティブロン,,,204.7,13,近走上昇; マイニング12位; 差し向き展開; 上がり鈍い40.2,,,,False
20260612-05-03,05,03,4,カシマライフウ,○,2,6.1,4,近走上昇; 同距離複勝1回; 同場距離帯複勝1回; 騎手勝率3%,0.075,0.46,混戦,False
20260612-05-03,05,03,5,エッチェレンテ,△,4,11.9,5,騎手勝率12%; 調教師勝率12%; マイニング7位; 差し向き展開,,,,False
20260612-05-03,05,03,6,ヴァンデスペランス,▲,3,2.5,1,騎手勝率12%; マイニング3位; 先行競合5頭; 市場1人気,0.207,0.52,混戦,False
20260612-05-03,05,03,7,ブッチギレ,,,146.7,10,近走下降; 前走8着; マイニング9位; 差し向き展開,,,,False
20260612-05-03,05,03,8,ウインルナロッサ,,,390.9,15,近走上昇; 前走大敗12着; 騎手勝率0%; マイニング15位,,,,False
20260612-05-03,05,03,9,ベアブルージュ,,,95.5,8,マイニング14位; 差し向き展開,,,,False
20260612-05-03,05,03,10,ベネファクター,,,161.6,11,近走下降; 前走8着; マイニング10位; 先行競合5頭,,,,False
20260612-05-03,05,03,11,スミレノハナ,,,598.1,16,近走上昇; 前走大敗14着; 斤量減3.0kg; マイニング16位,,,,False
20260612-05-03,05,03,12,フェスティヴハート,,,268.5,14,前走大敗14着; 騎手勝率1%; マイニング13位; 先行競合5頭,,,,False
20260612-05-03,05,03,13,ゴットタレント,,,16.7,7,近走下降; 同距離4走; 同場不振3走; 同場距離帯不振3走,,,,False
20260612-05-03,05,03,14,アドマイヤウルトラ,,,4.8,3,近走下降; 同距離複勝2回; 同場距離帯複勝1回; 調教師勝率10%,,,,False
20260612-05-03,05,03,15,モンスターラッシュ,,,12.7,6,休み明け105日; マイニング11位; 先行競合5頭; 持ち時計優秀,,,,False
20260612-05-03,05,03,16,ヘヴンリーサイン,☆,5,195.5,12,頭数補正上位18%; 間隔長め77日; 騎手勝率1%; マイニング6位,,,,False
20260612-05-04,05,04,1,ヤマニンルーバス,,,51.9,8,騎手勝率15%; 調教師勝率10%; マイニング16位,,,,False
20260612-05-04,05,04,2,ラウターユーベル,,,117.7,10,前走8着; 騎手勝率0%; マイニング11位; 上がり最速級33.4,,,,False
20260612-05-04,05,04,3,クインズサクラ,,,565.0,18,騎手勝率0%; マイニング18位,,,,False
20260612-05-04,05,04,4,フューチャプライム,,,18.3,5,マイニング5位,,,,False
20260612-05-04,05,04,5,ウインアプローチ,△,4,3.2,2,頭数補正上位6%; 同距離複勝1回; 同場距離帯複勝1回; 騎手勝率3%,,,,False
20260612-05-04,05,04,6,シンクシビリティ,,,429.9,17,近走下降; 前走8着; 斤量増3.0kg; マイニング15位,,,,False
20260612-05-04,05,04,7,セリエンクーニゲン,○,2,5.0,3,頭数補正上位16%; 同距離複勝1回; 同場距離帯複勝1回; 騎手勝率13%,0.16899999999999998,0.85,混戦,False
20260612-05-04,05,04,8,ウッケン,,,390.7,16,前走大敗13着; マイニング12位,,,,False
20260612-05-04,05,04,9,メイアイリス,,,307.7,14,騎手勝率1%; マイニング17位,,,,False
20260612-05-04,05,04,10,スチールギターラグ,▲,3,5.3,4,騎手勝率12%; 調教師勝率12%; マイニング3位; 上がり最速級33.5,0.087,0.46,混戦,False
20260612-05-04,05,04,11,フォーエバーラブ,,,33.6,7,近走上昇; 騎手勝率1%; 調教師勝率10%; マイニング8位,,,,False
20260612-05-04,05,04,12,トランスマーレ,◎,1,2.7,1,頭数補正上位7%; 同場距離帯複勝1回; 騎手勝率16%; マイニング2位; 信頼度=混戦(2位差1.5),0.21600000000000003,0.58,混戦,False
20260612-05-04,05,04,13,ヤマカンドリーミン,,,200.4,12,前走11着; 騎手勝率12%; マイニング13位,,,,False
20260612-05-04,05,04,14,ルシアージュ,☆,5,23.8,6,騎手勝率14%; マイニング7位; 上がり最速級33.9; 持ち時計平凡,,,,False
20260612-05-04,05,04,15,ルージュダズリング,,,216.9,13,近走上昇; 前走9着; マイニング6位; 上がり良好35.9,,,,False
20260612-05-04,05,04,16,ゴールドフリーダム,,,141.4,11,直近で1着あり; 近走下降; 同種T1勝; 前走8着,,,,False
20260612-05-04,05,04,17,キャリアビジョン,,,68.9,9,近走下降; 前走10着; 斤量増3.0kg; 騎手勝率12%,,,,False
20260612-05-04,05,04,18,トウシンライオット,,,317.0,15,近走上昇; 前走8着; 斤量減3.0kg; 騎手勝率4%,,,,False
20260612-05-05,05,05,1,モズタンケ,,,6.8,4,前走大敗48着; 騎手勝率12%; マイニング7位; 先行競合5頭,,,,False
20260612-05-05,05,05,2,マジェステラ,,,41.3,8,騎手勝率12%; マイニング4位; 先行競合5頭; sprint risk,,,,False
20260612-05-05,05,05,3,マーガレットクレア,,,107.8,10,直近で1着あり; 近走下降; 前走9着; マイニング2位,,,,False
20260612-05-05,05,05,4,トヨサカエ,△,4,2.7,1,騎手勝率1%; マイニング1位; 差し向き展開; 上がり良好36.0,,,,False
20260612-05-05,05,05,5,エコロバロン,○,2,30.6,7,直近で1着あり; 近走上昇; 騎手勝率12%; マイニング8位,0.079,2.41,標準,False
20260612-05-05,05,05,6,ムテキシャチョウ,◎,1,3.4,2,直近3着内2回; 近走上昇; 同距離複勝2回; 同場距離帯複勝1回; 信頼度=標準(2位差16.0),0.221,0.75,標準,False
20260612-05-05,05,05,7,ソニックブレイカー,▲,3,5.0,3,頭数補正上位0%; 直近で1着あり; 騎手勝率16%; 調教師勝率11%,0.20600000000000002,1.03,標準,False
20260612-05-05,05,05,8,ウレシイゴサン,,,134.6,11,前走大敗14着; 騎手勝率1%; マイニング10位; 差し向き展開,,,,False
20260612-05-05,05,05,9,ヴェネチアンキング,,,165.7,12,近走下降; 同場不振3走; 前走大敗12着; 馬体減-12kg,,,,False
20260612-05-05,05,05,10,シュテルン,,,278.2,13,同種T複勝2回; 同距離複勝1回; 格上挑戦+2; 前走大敗14着,,,,False
20260612-05-05,05,05,11,スーパーガール,☆,5,24.3,6,近走下降; 同距離複勝1回; 同場距離帯複勝1回; 騎手勝率3%,,,,False
20260612-05-05,05,05,12,ゴーゴーパンチ,,,55.0,9,近走上昇; 前走9着; 斤量減3.0kg; 騎手勝率4%,,,,False
20260612-05-05,05,05,13,カセノアステリア,,,8.6,5,調教師勝率11%; マイニング13位; 先行競合5頭; sprint risk,,,,False
20260612-05-06,05,06,1,スターチスブーケ,,,80.1,9,前走10着; 騎手勝率12%; マイニング11位; 先行競合5頭,,,,False
20260612-05-06,05,06,2,チャイボーグ,,,138.4,11,近走下降; 同場不振3走; 前走大敗13着; 斤量減3.0kg,,,,False
20260612-05-06,05,06,3,ゴガツノアマノガワ,,,16.2,5,近走上昇; 同距離4走; 同場不振5走; 騎手勝率1%,,,,False
20260612-05-06,05,06,4,ゴーゴータカシ,○,2,4.9,3,直近で1着あり; 直近3着内2回; 同距離複勝1回; 斤量減3.0kg,0.051,0.25,標準,False
20260612-05-06,05,06,5,コスモグラニット,,,22.9,6,マイニング6位; 先行競合5頭,,,,False
20260612-05-06,05,06,6,セイロンジェムズ,△,4,2.1,1,同場不振3走; 同場距離帯不振3走; 休み明け372日; 前走大敗82着,,,,False
20260612-05-06,05,06,7,キョウエイグッド,☆,5,25.7,7,前走8着; マイニング7位; 差し向き展開; 上がり最速級33.8,,,,False
20260612-05-06,05,06,8,ポッドロルフ,▲,3,5.1,4,近走上昇; 斤量増3.0kg; 騎手勝率12%; マイニング4位,0.17,0.87,標準,False
20260612-05-06,05,06,9,トクシージェネラル,,,70.8,8,近走下降; 同距離6走; 前走大敗12着; マイニング9位,,,,False
20260612-05-06,05,06,10,シェーンシュティア,◎,1,4.7,2,頭数補正上位15%; 同距離複勝1回; 調教師勝率17%; マイニング2位; 信頼度=標準(2位差12.8),0.146,0.69,標準,False
20260612-05-06,05,06,11,ガールネクストドア,,,123.9,10,近走上昇; 前走9着; 騎手勝率14%; マイニング10位,,,,False
20260612-05-07,05,07,1,パシーヴ,☆,5,24.7,8,騎手勝率12%; マイニング3位; 先行競合6頭; 当日脚質傾向58%(12件),,,,False
20260612-05-07,05,07,2,シュレン,○,2,15.7,5,近走上昇; 同距離複勝1回; 同場距離帯複勝1回; 騎手勝率12%,0.1,1.56,混戦,False
20260612-05-07,05,07,3,イラーナ,,,106.5,16,直近で1着あり; 近走下降; 休み明け246日; 前走大敗54着,,,,False
20260612-05-07,05,07,4,ショウナンタハティ,◎,1,18.1,6,直近3着内2回; 同距離複勝1回; 同場距離帯複勝1回; マイニング5位; 信頼度=混戦(2位差-3.8),0.051,0.92,混戦,False
20260612-05-07,05,07,5,マックスキュー,▲,3,2.8,1,近走下降; 同距離複勝1回; 同場距離帯複勝1回; 休み明け119日,0.385,1.08,混戦,False
20260612-05-07,05,07,6,セイラダンサー,,,63.1,12,近走下降; 休み明け295日; 前走大敗28着; 騎手勝率17%,,,,False
20260612-05-07,05,07,7,アルプスオジョー,,,64.2,13,休み明け444日; 前走11着; マイニング14位; 差し向き展開,,,,False
20260612-05-07,05,07,8,ペロ,,,55.7,11,近走上昇; 間隔長め92日; 騎手勝率14%; マイニング12位,,,,False
20260612-05-07,05,07,9,クニノハッピー,,,20.5,7,近走下降; 同距離4走; 同場不振6走; 同場距離帯不振4走,,,,False
20260612-05-07,05,07,10,シュヴァルム,,,41.7,10,近走上昇; 前走大敗52着; 騎手勝率0%; マイニング13位,,,,False
20260612-05-07,05,07,11,ヘインズポイント,,,4.5,2,間隔長め99日; 前走大敗54着; 騎手勝率18%; マイニング2位,,,,False
20260612-05-07,05,07,12,イズルード,,,80.1,14,休み明け336日; 前走大敗74着; マイニング15位; 先行競合6頭,,,,False
20260612-05-07,05,07,13,フォースミラクル,,,6.3,4,近走下降; 同距離6走; 同場不振4走; 同場距離帯不振4走,,,,False
20260612-05-07,05,07,14,バスターコール,,,91.5,15,近走上昇; 前走大敗12着; 騎手勝率2%; マイニング11位,,,,False
20260612-05-07,05,07,15,レイクストライプス,,,5.8,3,休み明け560日; 調教師勝率10%; マイニング10位; 差し向き展開,,,,False
20260612-05-07,05,07,16,ボナーテソーロ,△,4,26.0,9,近走上昇; 同距離複勝1回; 同場距離帯複勝1回; 騎手勝率1%,,,,False
20260612-05-08,05,08,1,アスクデッドヒート,▲,3,28.5,5,直近で1着あり; 長距離1勝; 重賞経験あり; マイニング6位,0.008,0.23,接戦,False
20260612-05-08,05,08,2,ティムール,,,45.7,6,近走上昇; 同距離7走; 長距離不振7走; 同場不振6走,,,,False
20260612-05-08,05,08,3,バンフィエルド,,,221.9,14,長距離未経験; 重賞経験あり; 前走9着; 騎手勝率1%,,,,False
20260612-05-08,05,08,4,ジオセントリック,,,7.5,2,休み明け603日; 前走8着; 騎手勝率18%; マイニング7位,,,,False
20260612-05-08,05,08,5,ダノンカゼルタ,,,66.8,9,長距離未経験; 長距離向き脚質; 馬体減-14kg; 騎手勝率12%,,,,False
20260612-05-08,05,08,6,ノラリクラリ,○,2,10.7,3,直近で1着あり; 直近3着内2回; 近走上昇; 同距離複勝2回,0.191,2.05,接戦,False
20260612-05-08,05,08,7,アバンデル,,,46.6,7,近走下降; 長距離向き脚質; 休み明け470日; 前走大敗48着,,,,False
20260612-05-08,05,08,8,スピンザブラッド,△,4,87.4,10,頭数補正上位17%; 直近で1着あり; 近走上昇; 騎手勝率13%,,,,False
20260612-05-08,05,08,9,ビップチェイス,☆,5,196.2,13,直近で1着あり; 近走下降; 長距離1勝; 長距離向き脚質,,,,False
20260612-05-08,05,08,10,プリズマジコ,,,161.7,12,近走下降; 長距離未経験; 間隔長め92日; 前走大敗50着,,,,False
20260612-05-08,05,08,11,アロンズロッド,◎,1,1.2,1,頭数補正上位5%; 直近で1着あり; 直近勝利2回; 同種T1勝; 信頼度=接戦(2位差16.6),0.462,0.55,接戦,False
20260612-05-08,05,08,12,オールマイデイズ,,,49.0,8,同距離複勝1回; 長距離複勝あり; 休み明け175日; 騎手勝率12%,,,,False
20260612-05-08,05,08,13,サトノパトリオット,,,14.8,4,長距離向き脚質; 騎手勝率12%; 調教師勝率10%; マイニング3位,,,,False
20260612-05-08,05,08,14,ショウナンガチ,,,113.4,11,長距離未経験; 休み明け127日; 騎手勝率12%; マイニング13位,,,,False
20260612-05-09,05,09,1,アルゴナヴィス,,,29.9,9,前走大敗48着; マイニング14位; 差し向き展開; 持ち時計優秀,,,,False
20260612-05-09,05,09,2,ヘルモーズ,,,90.1,15,直近で1着あり; 直近3着内2回; 同距離複勝1回; 間隔長め99日,,,,False
20260612-05-09,05,09,3,ガンウルフ,,,32.3,10,近走上昇; 同距離3走; 同場不振3走; 前走10着,,,,False
20260612-05-09,05,09,4,ジョディーズマロン,,,26.5,8,斤量増2.0kg; 騎手勝率15%; マイニング8位; 差し向き展開,,,,False
20260612-05-09,05,09,5,レッドラパルマ,,,45.4,13,近走上昇; 前走8着; 斤量増3.0kg; 騎手勝率12%,,,,False
20260612-05-09,05,09,6,ダノンスウィッチ,,,26.3,7,近走上昇; 前走大敗13着; マイニング7位; 差し向き展開,,,,False
20260612-05-09,05,09,7,アデランテ,,,15.8,6,休み明け106日; 前走大敗51着; マイニング13位; 先行競合6頭,,,,False
20260612-05-09,05,09,8,クァンタムウェーブ,☆,5,5.7,4,近走下降; 休み明け574日; 前走大敗12着; 騎手勝率12%,,,,False
20260612-05-09,05,09,9,サムシャイン,△,4,10.7,5,騎手勝率13%; 調教師勝率10%; マイニング4位; 差し向き展開,,,,False
20260612-05-09,05,09,10,ユキノロイヤル,,,41.6,12,頭数補正上位17%; 同距離複勝1回; 休み明け414日; 騎手勝率1%,,,,False
20260612-05-09,05,09,11,ヴァンドーム,▲,3,5.6,3,同距離複勝1回; 同場距離帯複勝1回; 騎手勝率2%; マイニング1位,0.085,0.48,混戦,False
20260612-05-09,05,09,12,モズマーヴェリック,,,70.1,14,近走上昇; 格上挑戦+2; 前走大敗16着; 斤量増3.0kg,,,,False
20260612-05-09,05,09,13,セギレエルビエント,○,2,5.1,2,近走上昇; 同距離複勝1回; 同場距離帯複勝1回; 斤量増2.0kg,0.16899999999999998,0.86,混戦,False
20260612-05-09,05,09,14,メイショウハチロー,◎,1,3.2,1,近走上昇; 同種T複勝2回; 騎手勝率12%; マイニング2位; 信頼度=混戦(2位差1.2),0.201,0.64,混戦,False
20260612-05-09,05,09,15,ホルトバージ,,,36.8,11,近走上昇; 前走8着; 騎手勝率0%; マイニング9位,,,,False
20260612-05-10,05,10,1,スパークリシャール,,,66.6,16,近走上昇; 同場不振3走; 前走大敗17着; 斤量減4.0kg,,,,False
20260612-05-10,05,10,2,ガジュノリ,,,22.3,9,同距離複勝1回; 斤量減2.0kg; マイニング8位; 上がり最速級33.0,,,,False
20260612-05-10,05,10,3,テウメッサ,,,59.3,15,近走下降; 同種T複勝2回; 同場複勝2回; 同場距離帯複勝2回,,,,False
20260612-05-10,05,10,4,クリニクラウン,,,40.5,13,騎手勝率2%; マイニング14位; 持ち時計優秀; 相対時計優秀,,,,False
20260612-05-10,05,10,5,キュクヌス,,,11.0,4,頭数補正上位9%; 直近で1着あり; 格上挑戦+2; 騎手勝率12%,,,,False
20260612-05-10,05,10,6,ドットクルー,,,36.7,12,格上挑戦+2; 休み明け309日; 前走大敗64着; 騎手勝率13%,,,,False
20260612-05-10,05,10,7,ゲンパチムサシ,,,111.1,18,近走下降; 格上挑戦+2; 休み明け139日; 前走大敗40着,,,,False
20260612-05-10,05,10,8,キングメーカー,▲,3,16.2,7,近走上昇; 騎手勝率16%; マイニング3位; 当日中有利56%(9件),0.043,0.7,接戦,False
20260612-05-10,05,10,9,ダンツファイター,,,15.7,6,格上挑戦+2; 斤量減2.0kg; 調教師勝率19%; マイニング7位,,,,False
20260612-05-10,05,10,10,ジャサルディア,◎,1,2.8,1,直近で1着あり; 近走上昇; 斤量減2.0kg; 騎手勝率26%; 信頼度=接戦(2位差13.1),0.377,1.05,接戦,False
20260612-05-10,05,10,11,ロジマンボ,,,103.7,17,同距離3走; 同場不振3走; 休み明け316日; 前走大敗49着,,,,False
20260612-05-10,05,10,12,レイニング,△,4,4.9,2,近走上昇; 前走11着; 騎手勝率18%; 調教師勝率12%,,,,False
20260612-05-10,05,10,13,テンミラクルスター,,,7.3,3,マイニング10位,,,,False
20260612-05-10,05,10,14,ソルトブリーズ,,,35.9,11,頭数補正上位0%; 直近で1着あり; 同距離複勝1回; 斤量減2.0kg,,,,False
20260612-05-10,05,10,15,マイネルフルムーン,○,2,31.9,10,直近で1着あり; 直近3着内2回; 近走上昇; 同距離複勝3回,0.096,3.06,接戦,False
20260612-05-10,05,10,16,ミスタージーティー,☆,5,15.5,5,近走上昇; 同距離複勝1回; 重賞経験あり; 前走9着,,,,False
20260612-05-10,05,10,17,テーオーダグラス,,,57.3,14,近走下降; 同距離3走; 前走大敗12着; 騎手勝率12%,,,,False
20260612-05-10,05,10,18,レディーミコノス,,,17.1,8,頭数補正上位17%; 騎手勝率12%; マイニング6位; 上がり最速級34.4,,,,False
20260612-05-11,05,11,1,ライヒスアドラー,☆,5,11.8,6,頭数補正上位12%; 重賞経験あり; 同格以上複勝あり; 調教師勝率10%,,,,False
20260612-05-11,05,11,2,マテンロウゲイル,,,45.8,12,重賞経験あり; 前走10着; 騎手勝率13%; マイニング15位,,,,False
20260612-05-11,05,11,3,ケントン,,,222.7,18,直近で1着あり; 近走上昇; 重賞経験あり; 格上挑戦+4,,,,False
20260612-05-11,05,11,4,アルトラムス,,,185.3,16,近走下降; 重賞経験あり; 前走大敗18着; 騎手勝率16%,,,,False
20260612-05-11,05,11,5,バステール,,,31.6,11,近走下降; 長距離向き脚質; 重賞経験あり; 前走11着,,,,False
20260612-05-11,05,11,6,コンジェスタス,▲,3,11.6,5,直近で1着あり; 近走上昇; 重賞経験あり; 上級条件で実績薄,0.077,0.89,接戦,False
20260612-05-11,05,11,7,メイショウハチコウ,,,55.8,13,直近で1着あり; 近走上昇; 同種T1勝; 長距離向き脚質,,,,False
20260612-05-11,05,11,8,ショウナンガルフ,,,195.8,17,マイニング13位; 当日脚質傾向8%(12件); 当日中有利58%(12件),,,,False
20260612-05-11,05,11,9,アウダーシア,,,16.6,7,近走上昇; 休み明け119日; 騎手勝率18%; マイニング6位,,,,False
20260612-05-11,05,11,10,ジャスティンビスタ,,,75.2,14,騎手勝率15%; マイニング3位; 当日脚質傾向50%(12件); 当日中有利58%(12件),,,,False
20260612-05-11,05,11,11,リアライズシリウス,,,5.3,2,頭数補正上位6%; 近走上昇; 長距離未経験; 長距離向き脚質,,,,False
20260612-05-11,05,11,12,アスクエジンバラ,,,19.8,9,頭数補正上位18%; 重賞経験あり; 同格以上接戦敗1回; 同格以上中位コンマ差1回,,,,False
20260612-05-11,05,11,13,パントルナイーフ,,,9.7,4,近走下降; 長距離未経験; 重賞経験あり; 前走大敗14着,,,,False
20260612-05-11,05,11,14,ゴーイントゥスカイ,◎,1,6.9,3,直近で1着あり; 近走上昇; 同種T1勝; 同距離複勝1回; 信頼度=接戦(2位差8.6),0.24600000000000002,1.7,接戦,True
20260612-05-11,05,11,15,フォルテアンジェロ,,,17.7,8,重賞経験あり; 同格以上接戦敗1回; 騎手勝率12%; 調教師勝率10%,,,,False
20260612-05-11,05,11,16,グリーンエナジー,,,24.0,10,長距離未経験; 重賞経験あり; 同格以上接戦敗1回; 騎手勝率13%,,,,False
20260612-05-11,05,11,17,ロブチェン,○,2,3.0,1,頭数補正上位0%; 直近で1着あり; 重賞経験あり; 同格以上1勝,0.28800000000000003,0.86,接戦,False
20260612-05-11,05,11,18,エムズビギン,△,4,134.3,15,長距離向き脚質; 重賞経験あり; 騎手勝率12%; 調教師勝率10%,,,,False
20260612-05-12,05,12,1,アマキヒ,△,4,11.8,5,直近で1着あり; 直近3着内2回; 近走上昇; 同距離複勝1回,,,,False
20260612-05-12,05,12,2,ショウナンバシット,,,99.2,14,長距離未経験; 長距離向き脚質; 重賞経験あり; 休み明け574日,,,,False
20260612-05-12,05,12,3,ボーンディスウェイ,,,86.5,13,騎手勝率12%; マイニング14位; 差し向き展開; 当日脚質傾向7%(15件),,,,False
20260612-05-12,05,12,4,ファイアンクランツ,,,4.2,2,頭数補正上位9%; 近走下降; 長距離未経験; 長距離向き脚質,,,,False
20260612-05-12,05,12,5,ギャンブルルーム,,,21.8,8,頭数補正上位8%; 近走上昇; 長距離未経験; 格上挑戦+6,,,,False
20260612-05-12,05,12,6,ウィクトルウェルス,○,2,3.7,1,頭数補正上位12%; 直近で1着あり; 近走上昇; 同距離複勝2回,0.26899999999999996,1.0,接戦,False
20260612-05-12,05,12,7,アスクセクシーモア,☆,5,29.7,9,頭数補正上位10%; 直近で1着あり; 直近勝利2回; 同種T2勝,,,,False
20260612-05-12,05,12,8,ミラージュナイト,,,12.5,7,騎手勝率12%; マイニング5位; 差し向き展開; 当日脚質傾向53%(15件),,,,False
20260612-05-12,05,12,9,ハーツコンチェルト,◎,1,10.1,4,頭数補正上位7%; 直近で1着あり; 直近3着内2回; 同種T2勝; 信頼度=接戦(2位差17.2),0.20800000000000002,2.1,接戦,True
20260612-05-12,05,12,10,マイネルケレリウス,,,33.8,10,近走上昇; 斤量減2.0kg; マイニング9位; 差し向き展開,,,,False
20260612-05-12,05,12,11,ダノンシーマ,,,4.5,3,休み明け245日; 騎手勝率12%; マイニング2位; 差し向き展開,,,,False
20260612-05-12,05,12,12,キングズパレス,,,38.0,11,頭数補正上位8%; 長距離向き脚質; 格上挑戦+3; 間隔長め77日,,,,False
20260612-05-12,05,12,13,ヴェルミセル,,,39.9,12,重賞経験あり; 前走9着; 斤量減2.0kg; 騎手勝率12%,,,,False
20260612-05-12,05,12,14,キングスコール,▲,3,12.1,6,直近で1着あり; 近走上昇; 同種T1勝; 同距離複勝1回,0.122,1.48,接戦,False
20260612-08-01,08,01,1,ローゾフィア,▲,3,15.5,7,近走上昇; 同距離3走; マイニング6位; 差し向き展開,0.079,1.23,混戦,False
20260612-08-01,08,01,2,グロリアス,○,2,3.4,1,近走上昇; 同距離複勝1回; 同場距離帯複勝1回; マイニング2位,0.193,0.66,混戦,False
20260612-08-01,08,01,3,エレノアサンライズ,,,98.7,10,騎手勝率0%; マイニング12位; 差し向き展開; 相対時計優秀,,,,False
20260612-08-01,08,01,4,ゴッドアミーラ,,,34.8,9,騎手勝率4%; マイニング15位; 差し向き展開,,,,False
20260612-08-01,08,01,5,シャンパンスター,,,12.4,6,近走上昇; 騎手勝率4%; マイニング7位; 先行競合5頭,,,,False
20260612-08-01,08,01,6,プルーフリーディン,,,6.2,5,騎手勝率12%; マイニング3位; 先行競合5頭; 相対時計優秀,,,,False
20260612-08-01,08,01,7,ルージュエピック,◎,1,5.9,4,頭数補正上位18%; 同距離複勝1回; 同場距離帯複勝1回; マイニング5位; 信頼度=混戦(2位差3.3),0.08199999999999999,0.49,混戦,False
20260612-08-01,08,01,8,ウンナターシャ,△,4,5.6,3,近走上昇; 騎手勝率12%; マイニング1位; 先行競合5頭,,,,False
20260612-08-01,08,01,9,ワンインザスカイ,,,104.8,11,近走上昇; 同距離3走; 前走大敗12着; 斤量減2.0kg,,,,False
20260612-08-01,08,01,10,シャンティフレーズ,,,252.2,16,前走大敗14着; マイニング14位; 差し向き展開,,,,False
20260612-08-01,08,01,11,マイラヴノリピー,,,221.7,14,前走大敗14着; 騎手勝率0%; マイニング10位; 差し向き展開,,,,False
20260612-08-01,08,01,12,マリノエステーラ,,,106.1,12,同距離複勝1回; 格上挑戦+2; 騎手勝率2%; マイニング11位,,,,False
20260612-08-01,08,01,13,ベリベリハッピー,,,245.1,15,前走大敗12着; 馬体減-10kg; 騎手勝率1%; マイニング16位,,,,False
20260612-08-01,08,01,14,ミーンアロット,,,29.6,8,マイニング8位; 差し向き展開,,,,False
20260612-08-01,08,01,15,ワンダースアン,,,157.5,13,騎手勝率2%; 調教師勝率11%; マイニング13位; 差し向き展開,,,,False
20260612-08-01,08,01,16,メイショウメゴヒメ,☆,5,5.0,2,近走上昇; 同距離複勝1回; 同場距離帯複勝1回; マイニング4位,,,,False
20260612-08-02,08,02,1,ペプチドアバンス,,,39.6,8,近走上昇; 前走大敗14着; マイニング10位; sprint risk,,,,False
20260612-08-02,08,02,2,アドフランマム,,,14.1,5,近走下降; 同場不振4走; 同場距離帯不振3走; 前走9着,,,,False
20260612-08-02,08,02,3,ルクスドリーム,☆,5,9.1,4,騎手勝率12%; マイニング5位; sprint risk,,,,False
20260612-08-02,08,02,4,メイワキラリ,,,105.5,10,休み明け218日; マイニング6位; sprint risk; 持ち時計優秀,,,,False
20260612-08-02,08,02,5,ナムラソラン,,,25.9,7,騎手勝率2%; マイニング12位; sprint risk; 相対時計優秀,,,,False
20260612-08-02,08,02,6,ミスジェイド,,,109.1,11,騎手勝率0%; マイニング8位; sprint risk,,,,False
20260612-08-02,08,02,7,メイショウゼルク,,,438.5,16,近走下降; 前走大敗16着; マイニング15位; sprint risk,,,,False
20260612-08-02,08,02,8,ノボリスマイル,,,221.0,14,騎手勝率2%; マイニング16位; sprint risk,,,,False
20260612-08-02,08,02,9,スラッシュ,,,420.4,15,前走8着; マイニング14位; sprint risk,,,,False
20260612-08-02,08,02,10,メモリーデイズ,,,136.7,12,前走8着; マイニング13位; sprint risk; 相対時計優秀,,,,False
20260612-08-02,08,02,11,タイセイバウンス,,,24.6,6,騎手勝率3%; マイニング11位; sprint risk,,,,False
20260612-08-02,08,02,12,クロボタン,,,137.1,13,斤量増3.0kg; 騎手勝率3%; マイニング9位; sprint risk,,,,False
20260612-08-02,08,02,13,クリコイーコ,▲,3,93.4,9,前走9着; マイニング7位; 上がり最速級0.3; 持ち時計優秀,0.02,1.84,接戦,False
20260612-08-02,08,02,14,アイビーミャーオ,△,4,7.8,3,近走上昇; 騎手勝率4%; マイニング3位; sprint risk,,,,False
20260612-08-02,08,02,15,マリリンバローズ,◎,1,2.9,2,頭数補正上位13%; 直近3着内2回; 同距離複勝2回; 斤量減2.0kg; 信頼度=接戦(2位差12.9),0.267,0.77,接戦,False
20260612-08-02,08,02,16,カーリキュー,○,2,2.2,1,近走上昇; 同距離複勝1回; 同場距離帯複勝1回; 騎手勝率12%,0.29100000000000004,0.64,接戦,False
20260612-08-03,08,03,1,ラッキーダイヤ,▲,3,13.5,6,近走上昇; 同距離複勝1回; 同場距離帯複勝1回; マイニング5位,0.044000000000000004,0.6,接戦,False
20260612-08-03,08,03,2,レディトゥフライト,☆,5,6.3,4,同距離複勝1回; 同場距離帯複勝1回; マイニング9位; 持ち時計平凡,,,,False
20260612-08-03,08,03,3,ハオカノア,○,2,18.0,7,同種T複勝3回; 同距離複勝2回; 同場複勝2回; マイニング2位,0.037000000000000005,0.67,接戦,False
20260612-08-03,08,03,4,ウィスピア,,,149.0,13,前走9着; 騎手勝率4%; マイニング12位,,,,False
20260612-08-03,08,03,5,メイショウジンライ,△,4,5.4,3,近走上昇; 間隔長め71日; 前走大敗60着; 騎手勝率12%,,,,False
20260612-08-03,08,03,6,ワルトシュタイン,,,59.8,12,近走上昇; 同場不振3走; 前走大敗13着; 騎手勝率12%,,,,False
20260612-08-03,08,03,7,サンライズアーサー,,,54.8,11,マイニング11位,,,,False
20260612-08-03,08,03,8,ミッキーロビン,,,7.9,5,騎手勝率3%; マイニング7位,,,,False
20260612-08-03,08,03,9,ララドゥージエム,,,227.9,14,騎手勝率2%; 調教師勝率13%; マイニング15位,,,,False
20260612-08-03,08,03,10,クリノリキオー,,,4.3,2,マイニング3位; 上がり2位経験; 市場2人気,,,,False
20260612-08-03,08,03,11,グランワールド,◎,1,3.6,1,直近3着内2回; 近走上昇; 同種T複勝2回; 同距離複勝2回; 信頼度=接戦(2位差18.2),0.312,1.12,接戦,False
20260612-08-03,08,03,12,スナークシャラク,,,35.3,9,騎手勝率3%; 調教師勝率11%; マイニング8位,,,,False
20260612-08-03,08,03,13,タニセンゴールド,,,22.6,8,休み明け139日; 前走大敗47着; 騎手勝率3%; マイニング10位,,,,False
20260612-08-03,08,03,14,サカキ,,,339.2,15,前走10着; 騎手勝率0%; マイニング13位,,,,False
20260612-08-03,08,03,15,サラサダンディー,,,36.3,10,騎手勝率4%; マイニング6位,,,,False
20260612-08-03,08,03,16,ヴェインズマン,,,520.0,16,前走11着; 騎手勝率0%; マイニング16位; 相対時計優秀,,,,False
20260612-08-04,08,04,1,ハイウェイスター,☆,5,2.9,1,直近3着内2回; 近走上昇; 長距離複勝あり; 相手関係緩和,,,,False
20260612-08-04,08,04,2,アルマーザアミール,◎,1,3.8,3,直近3着内2回; 同種T複勝2回; 同距離複勝2回; 長距離複勝2回; 信頼度=混戦(2位差1.8),0.155,0.59,混戦,False
20260612-08-04,08,04,3,コンテナワールド,△,4,3.5,2,近走上昇; 同距離複勝1回; 長距離複勝あり; 長距離向き脚質,,,,False
20260612-08-04,08,04,4,マホロバ,,,20.5,7,近走上昇; 相手関係緩和; 休み明け343日; マイニング7位,,,,False
20260612-08-04,08,04,5,アトラクティーボ,○,2,9.5,5,頭数補正上位17%; 直近で1着あり; 同種T1勝; 長距離2勝,0.1,0.95,混戦,False
20260612-08-04,08,04,6,フームスムート,,,18.2,6,直近で1着あり; 近走下降; 長距離不振3走; マイニング4位,,,,False
20260612-08-04,08,04,7,ベイビーベリッシモ,,,32.0,8,近走上昇; マイニング8位; 上がり最速級13.4; 持ち時計平凡,,,,False
20260612-08-04,08,04,8,ソルアマゾン,,,85.6,9,近走上昇; 長距離不振4走; 前走大敗12着; マイニング9位,,,,False
20260612-08-04,08,04,9,スノーディーヴァ,▲,3,9.1,4,頭数補正上位0%; 直近で1着あり; 同種T1勝; 長距離1勝,0.10099999999999999,0.92,混戦,False
20260612-08-04,08,04,10,エンデュミオン,,,,,近走上昇; 同距離複勝1回; 長距離複勝あり; 騎手勝率0%,,,,False
20260612-08-05,08,05,1,エイシンビーコン,○,2,6.0,3,近走上昇; 騎手勝率3%; マイニング1位; 差し向き展開,0.05,0.3,混戦,False
20260612-08-05,08,05,2,エールドリー,,,320.8,16,騎手勝率0%; マイニング18位; 差し向き展開,,,,False
20260612-08-05,08,05,3,エアヴァイブス,◎,1,2.5,1,直近3着内2回; 近走上昇; 同距離複勝2回; 同場距離帯複勝1回; 信頼度=混戦(2位差1.6),0.161,0.4,混戦,False
20260612-08-05,08,05,4,オレンジフィールド,▲,3,58.5,10,近走上昇; マイニング8位; 差し向き展開; 上がり最速級33.9,0.006999999999999999,0.39,混戦,False
20260612-08-05,08,05,5,レインボーステート,,,16.6,7,近走上昇; 前走10着; 斤量増2.0kg; マイニング6位,,,,False
20260612-08-05,08,05,6,ルージュスプリヤ,,,5.6,2,調教師勝率11%; マイニング14位; 先行競合5頭; 市場2人気,,,,False
20260612-08-05,08,05,7,トラッドロア,△,4,58.2,9,騎手勝率12%; 調教師勝率10%; マイニング11位; 差し向き展開,,,,False
20260612-08-05,08,05,8,ソルトダイヤモンド,,,76.3,13,マイニング17位; 差し向き展開,,,,False
20260612-08-05,08,05,9,アドバンスモダン,,,70.4,12,近走上昇; 前走9着; 斤量減2.0kg; 騎手勝率3%,,,,False
20260612-08-05,08,05,10,マスティカーレ,,,13.7,6,近走上昇; マイニング7位; 先行競合5頭; 上がり良好35.3,,,,False
20260612-08-05,08,05,11,ヒロウッドテール,,,127.4,14,近走上昇; 間隔長め78日; マイニング4位; 差し向き展開,,,,False
20260612-08-05,08,05,12,ウインドオルフェ,,,213.4,15,マイニング15位; 差し向き展開,,,,False
20260612-08-05,08,05,13,スタークラウン,,,6.5,4,マイニング13位; 差し向き展開,,,,False
20260612-08-05,08,05,14,ビシェノ,☆,5,24.6,8,騎手勝率12%; マイニング2位; 先行競合5頭,,,,False
20260612-08-05,08,05,15,ゼットクイン,,,509.2,18,間隔長め78日; 前走大敗40着; 騎手勝率0%; 調教師勝率13%,,,,False
20260612-08-05,08,05,16,レットフィールマン,,,428.7,17,近走上昇; 前走11着; 騎手勝率4%; マイニング10位,,,,False
20260612-08-05,08,05,17,アイルトン,,,10.1,5,マイニング5位; 先行競合5頭; 上がり最速級34.5; 持ち時計平凡,,,,False
20260612-08-05,08,05,18,ムーンライトダイヤ,,,62.8,11,前走8着; 騎手勝率3%; マイニング9位; 差し向き展開,,,,False
20260612-08-06,08,06,1,エルモサカスターノ,,,78.5,12,休み明け190日; 騎手勝率2%; マイニング14位; 差し向き展開,,,,False
20260612-08-06,08,06,2,サリカリーフォリア,☆,5,68.2,11,直近で1着あり; 近走上昇; 同種T1勝; 前走大敗12着,,,,False
20260612-08-06,08,06,3,タイニーワンダー,,,13.1,5,近走下降; 休み明け169日; 前走大敗12着; マイニング5位,,,,False
20260612-08-06,08,06,4,ゲレーロアスール,,,64.5,10,近走下降; 間隔長め99日; 前走大敗12着; 騎手勝率1%,,,,False
20260612-08-06,08,06,5,グランディマージュ,,,85.1,14,近走上昇; 休み明け230日; 馬体減-11kg; マイニング12位,,,,False
20260612-08-06,08,06,6,メイショウイブキ,,,30.5,8,直近で1着あり; 近走下降; 同種T1勝; 前走8着,,,,False
20260612-08-06,08,06,7,ゴディアンフィンチ,▲,3,9.6,4,前走9着; マイニング2位; 差し向き展開; sprint risk,0.045,0.43,接戦,False
20260612-08-06,08,06,8,ピカラ,◎,1,1.7,1,頭数補正上位0%; 直近で1着あり; 同種T1勝; 同距離複勝1回; 信頼度=接戦(2位差9.5),0.368,0.63,接戦,False
20260612-08-06,08,06,9,アパレイユ,,,6.9,2,休み明け309日; 前走大敗46着; 騎手勝率12%; マイニング8位,,,,False
20260612-08-06,08,06,10,エコロボルト,○,2,29.7,7,頭数補正上位5%; 直近で1着あり; 直近3着内3回; 同種T複勝2回,0.18600000000000003,5.53,接戦,False
20260612-08-06,08,06,11,ジャスティンルマン,,,8.9,3,近走下降; 前走9着; 調教師勝率11%; マイニング7位,,,,False
20260612-08-06,08,06,12,フィアーブル,△,4,13.4,6,マイニング4位; 差し向き展開; 当日外有利44%(9件); sprint risk,,,,False
20260612-08-06,08,06,13,バトゥカーダ,,,31.8,9,直近で1着あり; 近走下降; 前走大敗13着; マイニング3位,,,,False
20260612-08-06,08,06,14,ディープスリー,,,80.2,13,近走上昇; 前走大敗16着; マイニング11位; 差し向き展開,,,,False
20260612-08-07,08,07,1,ロードガレリア,,,2.3,1,近走下降; 長距離向き脚質; 休み明け203日; 前走大敗45着,,,,False
20260612-08-07,08,07,2,クラッチプレイヤー,△,4,10.1,4,近走上昇; マイニング8位; 差し向き展開; 上がり最速級34.3,,,,False
20260612-08-07,08,07,3,レジェンドシップ,,,5.2,3,近走上昇; 長距離複勝あり; 長距離向き脚質; 同場複勝2回,,,,False
20260612-08-07,08,07,4,スピントロニクス,,,33.6,10,近走下降; 長距離未経験; 長距離向き脚質; 休み明け119日,,,,False
20260612-08-07,08,07,5,エンスエーニョ,,,31.7,9,近走上昇; 長距離未経験; 長距離向き脚質; 前走8着,,,,False
20260612-08-07,08,07,6,ロットブラータ,,,5.0,2,近走下降; 長距離向き脚質; 重賞経験あり; 前走9着,,,,False
20260612-08-07,08,07,7,マイネルビスマルク,☆,5,10.7,5,近走上昇; マイニング4位; 差し向き展開; 上がり最速級33.6,,,,False
20260612-08-07,08,07,8,フララナキラ,○,2,17.6,7,近走上昇; 長距離複勝あり; マイニング3位; 差し向き展開,0.092,1.63,混戦,False
20260612-08-07,08,07,9,メイショウアゴナス,◎,1,23.5,8,同距離複勝2回; 長距離1勝; 騎手勝率2%; マイニング5位; 信頼度=混戦(2位差0.6),0.02,0.47,混戦,False
20260612-08-07,08,07,10,ウインリュクス,▲,3,13.6,6,近走上昇; 同距離複勝1回; 長距離複勝あり; 長距離向き脚質,0.055,0.75,混戦,False
20260612-08-08,08,08,1,フィオレストラーダ,○,2,4.6,2,直近で1着あり; 近走上昇; 同種T1勝; 同距離複勝1回,0.198,0.91,接戦,False
20260612-08-08,08,08,2,ステラクラウン,,,4.6,2,同距離5走; 同場不振6走; 同場距離帯不振5走; 前走大敗50着,,,,False
20260612-08-08,08,08,3,エコテーラー,,,11.9,6,近走下降; 同距離7走; 同場不振4走; 休み明け169日,,,,False
20260612-08-08,08,08,4,ホウオウタイタン,◎,1,7.8,5,直近で1着あり; 直近勝利2回; 近走上昇; 同種T2勝; 信頼度=接戦(2位差16.6),0.17800000000000002,1.39,接戦,True
20260612-08-08,08,08,5,ヴォワラクテ,▲,3,15.6,7,近走上昇; 同距離5走; 騎手勝率4%; マイニング6位,0.062,0.96,接戦,False
20260612-08-08,08,08,6,モモンウールー,,,18.4,8,近走上昇; 同場不振3走; 騎手勝率1%; マイニング8位,,,,False
20260612-08-08,08,08,7,スターリングアップ,△,4,7.1,4,同距離複勝1回; マイニング7位; 先行競合7頭; 上がり良好34.7,,,,False
20260612-08-08,08,08,8,パフュームセント,☆,5,2.8,1,直近で1着あり; 近走上昇; 同距離複勝1回; 同場不振3走,,,,False
20260612-08-09,08,09,1,リアルスター,,,35.3,11,直近で1着あり; 近走下降; 同種T1勝; 同場1勝,,,,False
20260612-08-09,08,09,2,ヒロノゴウカイ,,,21.8,9,近走下降; 前走10着; 馬体減-10kg; 騎手勝率3%,,,,False
20260612-08-09,08,09,3,ブルックリンダンス,,,21.4,8,近走下降; 同距離5走; 間隔長め71日; 前走大敗90着,,,,False
20260612-08-09,08,09,4,エンマ,,,17.6,7,頭数補正上位12%; 直近3着内2回; 同距離複勝1回; 休み明け302日,,,,False
20260612-08-09,08,09,5,ソウルアンドジャズ,,,10.9,6,同距離4走; 格上挑戦+2; マイニング7位; 差し向き展開,,,,False
20260612-08-09,08,09,6,ジョータルマエ,○,2,8.9,4,直近3着内2回; 近走上昇; 同種T複勝2回; 同距離複勝2回,0.09,0.8,混戦,False
20260612-08-09,08,09,7,クロノスバレット,,,10.6,5,近走下降; 同距離6走; 同場不振3走; 間隔長め85日,,,,False
20260612-08-09,08,09,8,アリエスキング,▲,3,7.4,3,同種T1勝; 同距離複勝1回; 同場1勝; 同場距離帯複勝1回,0.152,1.13,混戦,False
20260612-08-09,08,09,9,プラニスフェリオ,☆,5,22.1,10,近走上昇; 騎手勝率12%; マイニング10位; 差し向き展開,,,,False
20260612-08-09,08,09,10,ゴッドエスパーダ,△,4,3.1,1,頭数補正上位14%; 直近3着内2回; 同距離複勝1回; 騎手勝率4%,,,,False
20260612-08-09,08,09,11,ニホンピロデヴィン,◎,1,3.5,2,直近で1着あり; 近走上昇; 同種T1勝; 同距離複勝1回; 信頼度=混戦(2位差3.4),0.213,0.74,混戦,False
20260612-08-10,08,10,1,ヤブサメ,◎,1,4.4,1,近走上昇; 同距離4走; 同場不振3走; 重賞経験あり; 信頼度=混戦(2位差3.6),0.10400000000000001,0.46,混戦,False
20260612-08-10,08,10,2,メイショウシンタケ,,,29.6,14,直近で1着あり; 近走下降; 格上挑戦+4; OP risk,,,,False
20260612-08-10,08,10,3,カルチャーデイ,▲,3,25.3,12,頭数補正上位0%; 直近で1着あり; 直近3着内2回; 近走上昇,0.267,6.74,混戦,False
20260612-08-10,08,10,4,ソウテン,,,52.2,16,直近で1着あり; 直近勝利2回; 近走下降; 同距離複勝1回,,,,False
20260612-08-10,08,10,5,タガノエルピーダ,,,6.2,2,近走下降; OP risk; 休み明け267日; 前走大敗82着,,,,False
20260612-08-10,08,10,6,ムイ,☆,5,23.3,11,近走上昇; OP risk; 前走10着; マイニング6位,,,,False
20260612-08-10,08,10,7,スリールミニョン,,,16.3,9,重賞経験あり; 同格以上実績不足; OP risk; 間隔長め99日,,,,False
20260612-08-10,08,10,8,アルテヴェローチェ,,,16.7,10,近走下降; 格上挑戦+4; OP risk; 前走10着,,,,False
20260612-08-10,08,10,9,ビーアストニッシド,,,69.3,17,同格以上接戦敗1回; 斤量減3.0kg; マイニング12位; 上がり最速級34.5,,,,False
20260612-08-10,08,10,10,シンフォーエバー,,,36.4,15,近走上昇; OP risk; 前走大敗13着; 斤量減2.0kg,,,,False
20260612-08-10,08,10,11,アサカラキング,△,4,14.3,7,近走上昇; 重賞経験あり; OP risk; 前走大敗18着,,,,False
20260612-08-10,08,10,12,ヨシノイースター,,,8.4,3,同距離4走; 重賞経験あり; OP risk; 休み明け155日,,,,False
20260612-08-10,08,10,13,シュタールヴィント,,,8.8,4,近走上昇; 同種T1勝; 格上挑戦+2; 同格以上接戦敗1回,,,,False
20260612-08-10,08,10,14,グレイイングリーン,,,15.2,8,近走上昇; 同距離5走; 重賞経験あり; 同格以上実績不足,,,,False
20260612-08-10,08,10,15,レイベリング,,,28.5,13,近走上昇; 重賞経験あり; 格上挑戦+4; 同格以上実績不足,,,,False
20260612-08-10,08,10,16,アスクワンタイム,○,2,11.6,5,近走上昇; 重賞経験あり; 同格以上実績不足; 同格以上接戦敗1回,0.025,0.29,混戦,False
20260612-08-10,08,10,17,エコロブルーム,,,12.9,6,格上挑戦+4; OP risk; 休み明け385日; 前走大敗66着,,,,False
20260612-08-11,08,11,1,ロサルゴサ,○,2,5.8,4,直近で1着あり; 近走上昇; 同種T1勝; 同距離複勝1回,0.152,0.88,混戦,False
20260612-08-11,08,11,2,シーミハットク,▲,3,4.5,3,重賞経験あり; 同格以上接戦敗1回; マイニング7位; 当日脚質傾向0%(12件),0.12,0.54,混戦,False
20260612-08-11,08,11,3,ブライトフレア,,,77.3,9,近走上昇; OP risk; 前走大敗15着; マイニング9位,,,,False
20260612-08-11,08,11,4,テーオーアルアイン,,,3.8,1,近走上昇; OP risk; 間隔長め70日; 前走大敗48着,,,,False
20260612-08-11,08,11,5,バークシャーシチー,,,9.9,6,OP risk; 騎手勝率3%; マイニング6位; 当日脚質傾向0%(12件),,,,False
20260612-08-11,08,11,6,ムスクレスト,,,16.0,7,近走下降; 同距離複勝1回; 格上挑戦+2; OP risk,,,,False
20260612-08-11,08,11,7,ダイチノナポリ,◎,1,8.2,5,直近で1着あり; 近走上昇; 同種T1勝; 同距離複勝1回; 信頼度=混戦(2位差3.9),0.124,1.02,混戦,False
20260612-08-11,08,11,8,オルフセン,☆,5,4.1,2,近走上昇; 重賞経験あり; OP risk; 前走9着,,,,False
20260612-08-11,08,11,9,バースデイフライト,△,4,16.8,8,近走上昇; 重賞経験あり; OP risk; マイニング2位,,,,False
20260612-08-12,08,12,1,ブリックワーク,,,32.9,13,近走下降; 間隔長め71日; 前走大敗44着; 騎手勝率3%,,,,False
20260612-08-12,08,12,2,ビップジーニー,○,2,25.1,12,直近で1着あり; 直近3着内2回; 近走上昇; 同種T1勝,0.146,3.66,混戦,False
20260612-08-12,08,12,3,ディアドコス,▲,3,12.0,6,頭数補正上位12%; 直近で1着あり; 近走上昇; 同場不振3走,0.054000000000000006,0.64,混戦,False
20260612-08-12,08,12,4,ルミノメテオール,,,58.4,18,近走下降; 同場距離帯複勝1回; 格上挑戦+3; 前走大敗16着,,,,False
20260612-08-12,08,12,5,トラペジスト,,,23.6,11,近走下降; 同距離複勝3回; 同場1勝; 同場距離帯複勝1回,,,,False
20260612-08-12,08,12,6,キタサンダムール,△,4,12.8,7,頭数補正上位9%; 直近で1着あり; 同種T2勝; 同距離複勝1回,,,,False
20260612-08-12,08,12,7,エマヌエーレ,☆,5,18.7,8,近走上昇; 同距離3走; 格上挑戦+3; 斤量増2.0kg,,,,False
20260612-08-12,08,12,8,スマートワイス,,,3.5,1,近走上昇; 休み明け246日; マイニング5位; 当日脚質傾向60%(15件),,,,False
20260612-08-12,08,12,9,ガンマジーティーピ,◎,1,10.4,5,頭数補正上位0%; 直近で1着あり; 直近勝利2回; 同距離複勝2回; 信頼度=混戦(2位差-0.9),0.159,1.66,混戦,True
20260612-08-12,08,12,10,エスペシャリー,,,36.1,14,多頭数健闘33%; 近走下降; 休み明け120日; 前走大敗20着,,,,False
20260612-08-12,08,12,11,ブルクトーア,,,20.1,9,近走上昇; 同距離3走; 前走11着; 騎手勝率12%,,,,False
20260612-08-12,08,12,12,ノクナレア,,,7.0,2,直近で1着あり; 近走上昇; 休み明け161日; 調教師勝率11%,,,,False
20260612-08-12,08,12,13,サクセスアイ,,,39.1,15,同距離複勝1回; 格上挑戦+3; 前走8着; 斤量増2.0kg,,,,False
20260612-08-12,08,12,14,ブリュットミレジメ,,,10.2,4,多頭数健闘29%; 重賞経験あり; 間隔長め98日; 前走大敗51着,,,,False
20260612-08-12,08,12,15,メイショウセイロウ,,,10.0,3,マイニング2位; 当日脚質傾向0%(15件); sprint risk,,,,False
20260612-08-12,08,12,16,サヴォンリンナ,,,50.8,17,近走下降; 同場不振3走; 前走大敗15着; マイニング17位,,,,False
20260612-08-12,08,12,17,ヨウシタンレイ,,,21.7,10,前走9着; 斤量増2.0kg; 騎手勝率3%; マイニング11位,,,,False
20260612-08-12,08,12,18,テーオーダヴィンチ,,,40.3,16,同距離3走; 同場不振4走; 同場距離帯不振4走; 格上挑戦+3,,,,False
20260612-05-01,05,01,1,サルヴァトーレ,▲,3,4.2,3,近走上昇; 長距離向き脚質; 同場複勝2回; 相手関係緩和,0.149,0.63,標準,False
20260612-05-01,05,01,2,ベラトール,,,63.5,11,長距離向き脚質; 間隔長め76日; 前走大敗48着; マイニング9位,,,,False
20260612-05-01,05,01,3,コルデアニル,○,2,26.6,7,近走上昇; 長距離不振4走; 相手関係緩和; 調教師勝率10%,0.006999999999999999,0.18,標準,False
20260612-05-01,05,01,4,ワキノノーブル,,,73.0,12,近走上昇; 長距離未経験; 休み明け181日; マイニング11位,,,,False
20260612-05-01,05,01,5,モナコブル,,,26.7,8,長距離未経験; 相手関係緩和; 休み明け202日; 調教師勝率11%,,,,False
20260612-05-01,05,01,6,ボールドハーテッド,,,32.5,9,近走上昇; 長距離向き脚質; 相手関係緩和; 前走10着,,,,False
20260612-05-01,05,01,7,ブラックシールド,,,16.6,6,近走下降; 前走大敗14着; 斤量増3.0kg; マイニング1位,,,,False
20260612-05-01,05,01,8,ナスノソナタ,,,156.5,14,近走上昇; 相手関係緩和; 前走大敗14着; 騎手勝率2%,,,,False
20260612-05-01,05,01,9,アウスヴァール,,,6.0,4,長距離向き脚質; 調教師勝率11%; マイニング6位; 先行競合6頭,,,,False
20260612-05-01,05,01,10,コスモアミマネラ,◎,1,3.8,2,頭数補正上位11%; 直近3着内3回; 長距離複勝3回; 長距離向き脚質; 信頼度=標準(2位差33.2),0.192,0.73,標準,False
20260612-05-01,05,01,11,シャトーホークビル,,,88.5,13,前走11着; マイニング14位; 差し向き展開; 上がり最速級13.9,,,,False
20260612-05-01,05,01,12,タガノバルコス,△,4,14.9,5,長距離複勝あり; 間隔長め76日; マイニング5位; 差し向き展開,,,,False
20260612-05-01,05,01,13,フェスティヴビーム,,,43.6,10,長距離不振5走; 休み明け194日; マイニング7位; 差し向き展開,,,,False
20260612-05-01,05,01,14,ライラスター,☆,5,3.5,1,多頭数健闘23%; 近走上昇; 長距離向き脚質; 間隔長め90日,,,,False
20260612-05-02,05,02,1,ラショナルポイント,◎,1,2.7,1,騎手勝率14%; 調教師勝率10%; マイニング1位; 差し向き展開; 信頼度=混戦(2位差1.4),0.2,0.54,混戦,False
20260612-05-02,05,02,2,ビレッジルイーザ,,,22.8,6,近走上昇; 同距離複勝1回; 同場距離帯複勝1回; マイニング10位,,,,False
20260612-05-02,05,02,3,アジュアカレンツ,☆,5,9.6,4,近走上昇; 同場不振3走; マイニング2位; 差し向き展開,,,,False
20260612-05-02,05,02,4,ダイユウヴェンティ,,,43.1,9,近走下降; 前走大敗12着; マイニング7位; 差し向き展開,,,,False
20260612-05-02,05,02,5,コーリンクレア,,,34.2,8,前走10着; 騎手勝率1%; マイニング11位; 先行競合5頭,,,,False
20260612-05-02,05,02,6,カグヤヒメ,,,11.5,5,マイニング8位; 差し向き展開,,,,False
20260612-05-02,05,02,7,デルマザオウ,,,29.9,7,マイニング12位; 差し向き展開,,,,False
20260612-05-02,05,02,8,アリストクラット,,,117.2,16,近走下降; 同距離複勝1回; 前走8着; 斤量減3.0kg,,,,False
20260612-05-02,05,02,9,アイアンパイク,○,2,2.9,2,近走上昇; 同距離複勝1回; 同場距離帯複勝1回; 騎手勝率15%,0.327,0.95,混戦,False
20260612-05-02,05,02,10,アンニャンクッキー,,,77.3,14,間隔長め97日; 前走大敗56着; マイニング15位; 差し向き展開,,,,False
20260612-05-02,05,02,11,アテナガール,,,65.8,11,近走上昇; 前走9着; 騎手勝率4%; マイニング9位,,,,False
20260612-05-02,05,02,12,ソフィアプルーマ,▲,3,67.6,12,近走上昇; 同場不振3走; マイニング4位; 差し向き展開,0.025,1.68,混戦,False
20260612-05-02,05,02,13,タイセイルビー,△,4,7.3,3,近走上昇; マイニング5位; 差し向き展開; 上がり鈍い39.9,,,,False
20260612-05-02,05,02,14,リナクィーンアスク,,,77.3,14,近走上昇; 前走大敗12着; 斤量減3.0kg; 騎手勝率16%,,,,False
20260612-05-02,05,02,15,ライトハウス,,,75.0,13,休み明け161日; マイニング6位; 先行競合5頭,,,,False
20260612-05-02,05,02,16,クラックアスマイル,,,55.6,10,近走下降; 前走11着; マイニング14位; 差し向き展開,,,,False
20260612-05-03,05,03,1,ヴェントベローチェ,,,59.0,12,前走8着; 騎手勝率2%; マイニング6位; 差し向き展開,,,,False
20260612-05-03,05,03,2,クインズヒマワリ,,,73.3,14,近走下降; 前走大敗14着; 斤量増2.0kg; マイニング15位,,,,False
20260612-05-03,05,03,3,ベセル,☆,5,10.5,4,近走下降; 前走11着; 調教師勝率19%; マイニング5位,,,,False
20260612-05-03,05,03,4,ロジシーザ,,,54.3,11,近走上昇; 騎手勝率2%; マイニング8位; 先行競合5頭,,,,False
20260612-05-03,05,03,5,カミカクシ,,,16.9,6,前走大敗46着; 騎手勝率14%; マイニング10位; 差し向き展開,,,,False
20260612-05-03,05,03,6,ヨシウッドテール,,,71.1,13,マイニング11位; 差し向き展開; sprint risk,,,,False
20260612-05-03,05,03,7,プリンセスダーコ,,,82.0,15,前走大敗13着; マイニング14位; 差し向き展開; sprint risk,,,,False
20260612-05-03,05,03,8,ジューングレイス,,,30.8,9,近走下降; 休み明け104日; 前走大敗54着; 騎手勝率16%,,,,False
20260612-05-03,05,03,9,レイズレガシー,◎,1,6.3,3,直近3着内2回; 同距離複勝1回; 同場距離帯複勝1回; マイニング1位; 信頼度=接戦(2位差13.4),0.14800000000000002,0.93,接戦,False
20260612-05-03,05,03,10,キタノシオン,,,15.5,5,騎手勝率3%; 調教師勝率11%; マイニング9位; 差し向き展開,,,,False
20260612-05-03,05,03,11,ファナティカル,,,42.4,10,マイニング7位; 差し向き展開; sprint risk,,,,False
20260612-05-03,05,03,12,サトノワーグナー,▲,3,3.8,2,騎手勝率13%; マイニング4位; 先行競合5頭; sprint risk,0.171,0.65,接戦,False
20260612-05-03,05,03,13,クラウンアバンティ,,,112.5,16,前走大敗14着; 斤量増4.0kg; マイニング16位; 差し向き展開,,,,False
20260612-05-03,05,03,14,エルアン,○,2,17.6,7,直近3着内2回; 同距離複勝1回; 同場距離帯複勝1回; 騎手勝率0%,0.013000000000000001,0.22,接戦,False
20260612-05-03,05,03,15,レイズテンペスト,△,4,2.7,1,騎手勝率13%; マイニング2位; 先行競合5頭; sprint risk,,,,False
20260612-05-03,05,03,16,シーズナルワーズ,,,19.4,8,近走上昇; 前走9着; マイニング12位; 差し向き展開,,,,False
20260612-05-04,05,04,1,シュアシング,,,22.6,6,騎手勝率4%; マイニング6位; 先行競合5頭; sprint risk,,,,False
20260612-05-04,05,04,2,ラードンチェイス,◎,1,3.6,2,騎手勝率24%; マイニング2位; 差し向き展開; sprint risk; 信頼度=接戦(2位差9.9),0.161,0.58,接戦,False
20260612-05-04,05,04,3,ドルチェテソーロ,,,5.4,4,マイニング7位; 先行競合5頭; sprint risk,,,,False
20260612-05-04,05,04,4,リリカルフレア,☆,5,3.3,1,マイニング4位; 先行競合5頭; sprint risk,,,,False
20260612-05-04,05,04,5,オオセイケイ,▲,3,4.3,3,騎手勝率14%; マイニング1位; 先行競合5頭; sprint risk,0.13699999999999998,0.59,接戦,False
20260612-05-04,05,04,6,ニューロファイター,○,2,5.6,5,騎手勝率20%; マイニング3位; 差し向き展開; sprint risk,0.125,0.7,接戦,False
20260612-05-04,05,04,7,ベアアミーチ,△,4,26.9,7,マイニング5位; 先行競合5頭; sprint risk,,,,False
20260612-05-05,05,05,1,ウィンターブリーズ,▲,3,9.5,3,騎手勝率20%; マイニング3位; 先行競合5頭,0.10800000000000001,1.03,混戦,False
20260612-05-05,05,05,2,フィリオソラーレ,○,2,1.3,1,騎手勝率24%; 調教師勝率11%; マイニング1位; 先行競合5頭,0.301,0.39,混戦,False
20260612-05-05,05,05,3,レオリアライズ,,,59.1,7,マイニング5位; 先行競合5頭,,,,False
20260612-05-05,05,05,4,アテナブレイブ,◎,1,34.3,6,騎手勝率13%; マイニング4位; 差し向き展開; 信頼度=混戦(2位差0.5),0.07200000000000001,2.46,混戦,False
20260612-05-05,05,05,5,スクリプトール,,,21.3,5,騎手勝率4%; マイニング2位; 差し向き展開,,,,False
20260612-05-05,05,05,6,クシェドゥソレイユ,☆,5,4.6,2,騎手勝率14%; マイニング8位; 先行競合5頭,,,,False
20260612-05-05,05,05,7,コウソクレムリア,△,4,64.3,8,騎手勝率3%; マイニング7位; 差し向き展開,,,,False
20260612-05-05,05,05,8,アミノショコラ,,,65.1,9,騎手勝率0%; マイニング9位; 差し向き展開,,,,False
20260612-05-05,05,05,9,エリステソーロ,,,14.3,4,騎手勝率0%; マイニング6位; 先行競合5頭,,,,False
20260612-05-06,05,06,1,フェンリル,,,16.3,8,マイニング13位; 差し向き展開,,,,False
20260612-05-06,05,06,2,ホウオウファラオ,,,24.7,10,前走8着; 騎手勝率3%; マイニング10位; 差し向き展開,,,,False
20260612-05-06,05,06,3,ファーザーアウェイ,,,6.7,4,マイニング3位; 差し向き展開,,,,False
20260612-05-06,05,06,4,ポッドジーク,,,19.7,9,馬体減-10kg; 騎手勝率12%; マイニング11位; 先行競合5頭,,,,False
20260612-05-06,05,06,5,ショービット,,,95.8,15,斤量増2.0kg; 騎手勝率3%; マイニング16位; 差し向き展開,,,,False
20260612-05-06,05,06,6,ロングミックス,△,4,5.5,2,騎手勝率15%; 調教師勝率10%; マイニング9位; 差し向き展開,,,,False
20260612-05-06,05,06,7,パンパネイラ,,,38.8,14,近走上昇; 前走9着; 騎手勝率3%; マイニング12位,,,,False
20260612-05-06,05,06,8,アオイミズホ,◎,1,4.5,1,直近3着内2回; 近走上昇; 同距離複勝1回; 同場距離帯複勝1回; 信頼度=接戦(2位差21.6),0.222,1.0,接戦,False
20260612-05-06,05,06,9,ドゥーニ,▲,3,27.4,13,マイニング4位; 差し向き展開; 相対時計優秀; 上がり1位経験,0.038,1.03,接戦,False
20260612-05-06,05,06,10,ノリキング,,,15.8,7,騎手勝率2%; マイニング5位; 先行競合5頭; 上がり鈍い39.1,,,,False
20260612-05-06,05,06,11,ラッキースウィッチ,○,2,5.8,3,休み明け174日; 騎手勝率24%; 調教師勝率19%; マイニング2位,0.21100000000000002,1.22,接戦,False
20260612-05-06,05,06,12,モウレツ,,,118.5,16,騎手勝率0%; マイニング15位; 差し向き展開,,,,False
20260612-05-06,05,06,13,テンオンスゴールド,,,13.4,6,騎手勝率2%; マイニング14位; 先行競合5頭,,,,False
20260612-05-06,05,06,14,ウインファイネスト,,,12.4,5,前走大敗13着; 調教師勝率12%; マイニング7位; 差し向き展開,,,,False
20260612-05-06,05,06,15,タマモブレイキン,☆,5,27.1,12,マイニング6位; 差し向き展開; 相対時計優秀; 上がり1位経験,,,,False
20260612-05-06,05,06,16,タニセンローマ,,,25.0,11,前走8着; 騎手勝率12%; マイニング8位; 先行競合5頭,,,,False
20260612-05-07,05,07,1,ブライスフェアリー,,,89.1,15,近走上昇; 騎手勝率2%; マイニング9位; 先行競合5頭,,,,False
20260612-05-07,05,07,2,アールグレイ,,,5.9,3,近走上昇; 調教師勝率19%; マイニング7位; 先行競合5頭,,,,False
20260612-05-07,05,07,3,シアワセチョウサン,,,99.8,16,騎手勝率16%; マイニング16位; 差し向き展開,,,,False
20260612-05-07,05,07,4,マイネルシュラハト,,,31.5,10,同距離4走; 間隔長め98日; 前走大敗84着; 騎手勝率1%,,,,False
20260612-05-07,05,07,5,プリヴィマーク,,,22.7,6,休み明け126日; 騎手勝率3%; マイニング10位; 差し向き展開,,,,False
20260612-05-07,05,07,6,ショウナンマルチ,▲,3,3.8,1,騎手勝率24%; 調教師勝率10%; マイニング1位; 先行競合5頭,0.09,0.34,接戦,False
20260612-05-07,05,07,7,シークレットシティ,,,63.5,14,騎手勝率2%; マイニング11位; 差し向き展開,,,,False
20260612-05-07,05,07,8,ヤマメホープ,○,2,6.8,4,同距離複勝1回; 同場距離帯複勝1回; 騎手勝率13%; マイニング5位,0.064,0.44,接戦,False
20260612-05-07,05,07,9,イニスフェイル,△,4,3.9,2,頭数補正上位12%; 調教師勝率11%; マイニング2位; 差し向き展開,,,,False
20260612-05-07,05,07,10,アッシズオブローズ,◎,1,8.7,5,頭数補正上位2%; 直近で1着あり; 直近勝利2回; 同種T1勝; 信頼度=接戦(2位差14.2),0.244,2.12,接戦,True
20260612-05-07,05,07,11,ナズドゥラヴィ,,,25.7,8,騎手勝率2%; マイニング15位; 差し向き展開,,,,False
20260612-05-07,05,07,12,モンドシュピーゲル,,,25.8,9,同距離複勝1回; 休み明け307日; 調教師勝率12%; マイニング13位,,,,False
20260612-05-07,05,07,13,カワイクテゴメン,☆,5,23.2,7,騎手勝率14%; マイニング12位; 差し向き展開,,,,False
20260612-05-07,05,07,14,アルバニクス,,,36.7,11,近走下降; 前走大敗60着; 騎手勝率16%; マイニング14位,,,,False
20260612-05-07,05,07,15,ハスカップジャム,,,38.8,12,頭数補正上位7%; 休み明け111日; マイニング3位; 先行競合5頭,,,,False
20260612-05-07,05,07,16,ブルーリファール,,,45.0,13,近走上昇; 騎手勝率1%; マイニング6位; 差し向き展開,,,,False
20260612-05-08,05,08,1,リバースザトレンド,,,44.1,12,騎手勝率13%; マイニング9位,,,,False
20260612-05-08,05,08,2,サファイアテソーロ,○,2,48.4,14,頭数補正上位10%; 直近で1着あり; 近走上昇; 同種T1勝,0.08800000000000001,4.25,接戦,False
20260612-05-08,05,08,3,ヴンダーバール,△,4,2.2,1,近走上昇; 同距離複勝1回; 同場距離帯複勝1回; 斤量減2.0kg,,,,False
20260612-05-08,05,08,4,ファンシーズ,,,20.6,8,近走上昇; 斤量減5.0kg; 騎手勝率4%; マイニング10位,,,,False
20260612-05-08,05,08,5,マーキュリーダイム,,,48.1,13,休み明け391日; 前走8着; マイニング15位,,,,False
20260612-05-08,05,08,6,エコールナヴァール,,,16.2,5,騎手勝率13%; 調教師勝率13%; マイニング3位,,,,False
20260612-05-08,05,08,7,ルージュカルデア,,,34.1,11,近走上昇; 斤量減2.0kg; マイニング12位; 持ち時計平凡,,,,False
20260612-05-08,05,08,8,アンディラメナ,,,16.1,4,近走下降; 休み明け210日; 前走大敗56着; 騎手勝率14%,,,,False
20260612-05-08,05,08,9,レイフロレット,,,142.3,15,近走下降; 重賞経験あり; 相手関係緩和; 前走9着,,,,False
20260612-05-08,05,08,10,リケアマカロニ,◎,1,27.0,10,頭数補正上位0%; 直近で1着あり; 同種T1勝; 同距離複勝1回; 信頼度=接戦(2位差5.8),0.13699999999999998,3.69,接戦,True
20260612-05-08,05,08,11,プルーヴンウィナー,☆,5,5.1,2,近走上昇; 同距離複勝2回; 同場距離帯複勝1回; 調教師勝率16%,,,,False
20260612-05-08,05,08,12,ミライヘノティアラ,,,19.1,7,直近で1着あり; 近走上昇; 同種T1勝; 同距離複勝1回,,,,False
20260612-05-08,05,08,13,トキメキジニア,,,183.5,16,近走下降; 重賞経験あり; 格上挑戦+2; 前走大敗13着,,,,False
20260612-05-08,05,08,14,エアトベーレ,▲,3,22.5,9,直近で1着あり; 近走上昇; 同距離複勝1回; 斤量減2.0kg,0.16899999999999998,3.81,接戦,False
20260612-05-08,05,08,15,カリヨンアヴォン,,,17.9,6,間隔長め91日; マイニング14位; 当日外有利44%(9件),,,,False
20260612-05-08,05,08,16,エムノビアンカ,,,6.9,3,馬体減-14kg; マイニング6位; 当日外有利44%(9件); 相対時計優秀,,,,False
20260612-05-09,05,09,1,トラストボス,,,22.4,8,同距離5走; 長距離不振5走; 長距離向き脚質; 同場不振6走,,,,False
20260612-05-09,05,09,2,ニシノヒノトリ,○,2,10.8,4,頭数補正上位6%; 直近で1着あり; 直近3着内2回; 同種T1勝,0.17800000000000002,1.92,接戦,False
20260612-05-09,05,09,3,ヴォートセレスト,,,13.8,5,長距離向き脚質; 休み明け209日; 前走大敗96着; 騎手勝率4%,,,,False
20260612-05-09,05,09,4,リアライズオーラム,☆,5,32.6,10,近走上昇; 長距離向き脚質; 重賞経験あり; 間隔長め84日,,,,False
20260612-05-09,05,09,5,ゲンジ,▲,3,15.6,6,近走上昇; 同距離複勝1回; 長距離複勝あり; 重賞経験あり,0.037000000000000005,0.58,接戦,False
20260612-05-09,05,09,6,リリエンフェルト,,,53.3,11,近走下降; 休み明け608日; 前走大敗52着; 騎手勝率0%,,,,False
20260612-05-09,05,09,7,ガンバルマン,△,4,17.5,7,近走上昇; 同場不振3走; 騎手勝率0%; 調教師勝率11%,,,,False
20260612-05-09,05,09,8,エリプティクカーブ,,,3.4,2,近走上昇; 長距離未経験; 長距離向き脚質; 斤量減3.0kg,,,,False
20260612-05-09,05,09,9,サンセットビュー,,,24.4,9,近走上昇; 同距離5走; 長距離不振5走; 長距離向き脚質,,,,False
20260612-05-09,05,09,10,ウップヘリーア,,,3.2,1,長距離向き脚質; 休み明け132日; 前走大敗40着; 騎手勝率24%,,,,False
20260612-05-09,05,09,11,オリオアルセーリオ,,,67.9,12,騎手勝率2%; 調教師勝率11%; マイニング3位; 差し向き展開,,,,False
20260612-05-09,05,09,12,イブキ,◎,1,4.6,3,直近で1着あり; 直近3着内2回; 近走上昇; 同種T1勝; 信頼度=接戦(2位差22.4),0.29,1.34,接戦,True
20260612-05-10,05,10,1,サンタアニタ,▲,3,25.7,9,頭数補正上位0%; 直近で1着あり; 同種T1勝; 同距離複勝1回,0.054000000000000006,1.38,接戦,False
20260612-05-10,05,10,2,ユキノエミリオ,,,85.3,16,近走上昇; 同距離3走; 間隔長め98日; 騎手勝率3%,,,,False
20260612-05-10,05,10,3,クレオズニードル,,,88.5,17,騎手勝率3%; マイニング9位; 先行競合5頭; sprint risk,,,,False
20260612-05-10,05,10,4,クレパスキュラー,,,1.9,1,近走下降; 間隔長め83日; 前走大敗48着; 騎手勝率24%,,,,False
20260612-05-10,05,10,5,ラスティングスノー,,,48.1,13,休み明け300日; マイニング4位; 先行競合5頭; 当日脚質傾向58%(12件),,,,False
20260612-05-10,05,10,6,ロジケープ,△,4,16.2,6,頭数補正上位0%; 直近で1着あり; 斤量減3.0kg; マイニング3位,,,,False
20260612-05-10,05,10,7,タイキエクセロン,,,58.2,14,近走下降; 格上挑戦+2; 前走11着; 斤量減2.0kg,,,,False
20260612-05-10,05,10,8,レイユール,,,36.3,11,直近で1着あり; 近走下降; 前走大敗14着; 斤量減5.0kg,,,,False
20260612-05-10,05,10,9,ツーネサーン,○,2,10.5,4,直近3着内2回; 近走上昇; 同種T複勝2回; 同距離複勝2回,0.07,0.73,接戦,False
20260612-05-10,05,10,10,ウインイザナミ,◎,1,17.4,7,直近で1着あり; 近走上昇; 同種T1勝; 同距離複勝1回; 信頼度=接戦(2位差10.0),0.22399999999999998,3.9,接戦,True
20260612-05-10,05,10,11,ファムマルキーズ,☆,5,9.6,2,直近で1着あり; 近走上昇; 同距離複勝1回; 斤量減3.0kg,,,,False
20260612-05-10,05,10,12,ゴールドスター,,,38.4,12,近走上昇; 同距離3走; 同場不振3走; 同場距離帯不振3走,,,,False
20260612-05-10,05,10,13,ジョヴィアン,,,60.5,15,近走上昇; 間隔長め97日; 前走10着; 馬体減-10kg,,,,False
20260612-05-10,05,10,14,トラスコンガーデン,,,19.3,8,前走10着; 斤量減4.0kg; 騎手勝率2%; マイニング7位,,,,False
20260612-05-10,05,10,15,スターウェーブ,,,15.2,5,重賞経験あり; 相手関係緩和; 斤量減2.0kg; マイニング6位,,,,False
20260612-05-10,05,10,16,イゾラフェリーチェ,,,9.7,3,頭数補正上位10%; 斤量減2.0kg; 騎手勝率12%; 調教師勝率12%,,,,False
20260612-05-10,05,10,17,メイケイバートン,,,27.7,10,近走上昇; 同距離5走; 斤量減2.0kg; 騎手勝率13%,,,,False
20260612-05-11,05,11,1,ドンレパルス,,,19.1,6,頭数補正上位7%; 近走上昇; 休み明け1000日; 騎手勝率0%,,,,False
20260612-05-11,05,11,2,オレデイイノカ,,,141.2,16,前走9着; 騎手勝率2%; 異常区分3; 当日脚質傾向0%(12件),,,,False
20260612-05-11,05,11,3,グレイテストソング,,,125.2,15,多頭数健闘30%; 近走上昇; マイニング6位; 当日脚質傾向42%(12件),,,,False
20260612-05-11,05,11,4,ゴールドハンマー,,,14.0,5,近走上昇; 斤量減3.0kg; 騎手勝率15%; 調教師勝率10%,,,,False
20260612-05-11,05,11,5,モーニングマジック,▲,3,12.1,4,直近で1着あり; 近走上昇; 同種T1勝; 同距離複勝1回,0.121,1.46,標準,False
20260612-05-11,05,11,6,セミマル,☆,5,7.5,3,近走上昇; 同距離6走; 斤量減2.0kg; 騎手勝率24%,,,,False
20260612-05-11,05,11,7,エイプリルインパリ,△,4,32.7,10,直近で1着あり; 近走上昇; 同種T1勝; 同距離複勝1回,,,,False
20260612-05-11,05,11,8,ピエマンソン,,,25.1,9,近走上昇; 同距離5走; 前走8着; 斤量減2.0kg,,,,False
20260612-05-11,05,11,9,メリディアンスター,○,2,3.1,2,直近で1着あり; 近走上昇; 同種T1勝; 同距離複勝1回,0.18600000000000003,0.58,標準,False
20260612-05-11,05,11,10,クインズデネブ,,,39.7,12,前走8着; 斤量減2.0kg; 騎手勝率3%; マイニング13位,,,,False
20260612-05-11,05,11,11,オペラプラージュ,,,46.9,13,近走下降; 休み明け321日; 前走大敗51着; 騎手勝率12%,,,,False
20260612-05-11,05,11,12,スナッピードレッサ,◎,1,3.0,1,頭数補正上位10%; 直近で1着あり; 近走上昇; 同種T1勝; 信頼度=標準(2位差23.8),0.293,0.88,標準,False
20260612-05-11,05,11,13,シャパリュ,,,37.9,11,直近で1着あり; 直近3着内2回; 近走下降; 前走10着,,,,False
20260612-05-11,05,11,14,ワンダラー,,,48.1,14,近走下降; 前走8着; 騎手勝率14%; マイニング3位,,,,False
20260612-05-11,05,11,15,メイショウツヨキ,,,21.3,7,直近で1着あり; 近走下降; 前走大敗18着; 馬体減-12kg,,,,False
20260612-05-11,05,11,16,シュヴァルボヌール,,,23.0,8,間隔長め70日; 前走大敗48着; マイニング8位; 当日脚質傾向50%(12件),,,,False
20260612-05-12,05,12,1,ユーウェイン,,,66.1,14,前走9着; 騎手勝率0%; 調教師勝率11%; マイニング16位,,,,False
20260612-05-12,05,12,2,ピースサイン,☆,5,18.6,5,近走上昇; 前走10着; 斤量減2.0kg; マイニング5位,,,,False
20260612-05-12,05,12,3,タキノボリ,△,4,28.8,10,近走下降; 前走大敗12着; 騎手勝率13%; マイニング8位,,,,False
20260612-05-12,05,12,4,ドルビナ,,,28.5,9,近走下降; 前走大敗14着; 騎手勝率2%; マイニング14位,,,,False
20260612-05-12,05,12,5,ファンタイムギフト,○,2,14.8,3,同距離3走; 同場不振3走; 同場距離帯不振3走; マイニング2位,0.040999999999999995,0.61,標準,False
20260612-05-12,05,12,6,カルフ,,,11.3,2,マイニング4位; 先行競合5頭; 当日脚質傾向40%(15件); 持ち時計平凡,,,,False
20260612-05-12,05,12,7,アイファーファイト,,,91.5,15,同距離6走; 前走9着; 騎手勝率2%; マイニング15位,,,,False
20260612-05-12,05,12,8,ベンメリア,▲,3,102.0,16,近走上昇; 同距離4走; 前走8着; 騎手勝率13%,0.105,10.74,標準,False
20260612-05-12,05,12,9,タイセイエムロード,,,17.0,4,近走上昇; 前走9着; 斤量減2.0kg; 騎手勝率4%,,,,False
20260612-05-12,05,12,10,ザーフィル,◎,1,1.5,1,頭数補正上位7%; 同距離複勝1回; 同場距離帯複勝1回; 斤量減2.0kg; 信頼度=標準(2位差10.2),0.268,0.4,標準,False
20260612-05-12,05,12,11,タイセイエキサイト,,,26.2,8,近走上昇; 同場不振3走; 前走9着; 斤量減2.0kg,,,,False
20260612-05-12,05,12,12,パッカパッカブー,,,58.5,13,頭数補正上位0%; 直近で1着あり; 直近勝利3回; 同距離複勝1回,,,,False
20260612-05-12,05,12,13,カンレイスキー,,,31.6,12,近走上昇; 同場不振3走; 前走大敗14着; 騎手勝率2%,,,,False
20260612-05-12,05,12,14,レッドシュトラール,,,19.3,6,近走下降; 前走11着; 斤量減2.0kg; 騎手勝率16%,,,,False
20260612-05-12,05,12,15,オンサイト,,,30.2,11,近走下降; 前走大敗15着; 騎手勝率3%; 調教師勝率11%,,,,False
20260612-05-12,05,12,16,ザローズハーツ,,,23.6,7,多頭数健闘33%; 近走上昇; 同場不振3走; 調教師勝率10%,,,,False
20260612-09-01,09,01,1,コイバナ,,,13.6,5,近走上昇; 間隔長め91日; マイニング4位; sprint risk,,,,False
20260612-09-01,09,01,2,キャスケード,,,32.1,10,近走上昇; 騎手勝率0%; マイニング11位; sprint risk,,,,False
20260612-09-01,09,01,3,ヴィータリッカ,△,4,22.2,8,調教師勝率11%; マイニング6位; sprint risk,,,,False
20260612-09-01,09,01,4,アンティスマ,,,19.7,7,近走上昇; 休み明け116日; 前走大敗80着; 騎手勝率3%,,,,False
20260612-09-01,09,01,5,ベストレイク,,,66.6,14,直近で1着あり; 近走上昇; 同種T1勝; 休み明け125日,,,,False
20260612-09-01,09,01,6,ダノンベルビュー,▲,3,18.8,6,同距離3走; 前走9着; 騎手勝率14%; 調教師勝率13%,0.078,1.48,標準,False
20260612-09-01,09,01,7,テーオーエリーナ,,,65.1,13,騎手勝率12%; 調教師勝率13%; マイニング16位; sprint risk,,,,False
20260612-09-01,09,01,8,ルージュエテルナ,,,10.1,4,休み明け146日; 前走大敗49着; 騎手勝率1%; 調教師勝率10%,,,,False
20260612-09-01,09,01,9,ボンボンブーケ,,,146.5,16,馬体減-10kg; 騎手勝率1%; マイニング15位; sprint risk,,,,False
20260612-09-01,09,01,10,トリーア,☆,5,9.2,3,頭数補正上位7%; 同距離複勝1回; 休み明け139日; マイニング5位,,,,False
20260612-09-01,09,01,11,アクアアイ,◎,1,2.0,1,頭数補正上位10%; 直近3着内2回; 同距離複勝3回; 騎手勝率16%; 信頼度=標準(2位差21.7),0.28600000000000003,0.57,標準,False
20260612-09-01,09,01,12,ジューンマロン,,,27.5,9,休み明け308日; 前走大敗43着; マイニング10位; sprint risk,,,,False
20260612-09-01,09,01,13,ヴェルメロディ,,,110.5,15,近走下降; 前走大敗14着; マイニング7位; sprint risk,,,,False
20260612-09-01,09,01,14,ルージュシャラポワ,,,42.5,11,馬体減-12kg; マイニング8位; sprint risk,,,,False
20260612-09-01,09,01,15,マルベック,○,2,5.8,2,頭数補正上位0%; 直近で1着あり; 同種T1勝; 同場1勝,0.23399999999999999,1.36,標準,False
20260612-09-01,09,01,16,ナイトシンフォニー,,,53.1,12,騎手勝率3%; 調教師勝率12%; マイニング14位; sprint risk,,,,False
20260612-09-02,09,02,1,デルニエジョイ,◎,1,16.5,7,頭数補正上位11%; 直近で1着あり; 直近3着内2回; 同種T2勝; 信頼度=標準(2位差12.3),0.242,3.99,標準,True
20260612-09-02,09,02,2,ナムラステラ,,,63.7,12,近走上昇; 同距離3走; 前走9着; マイニング13位,,,,False
20260612-09-02,09,02,3,シュネードリーム,,,41.1,8,頭数補正上位9%; 休み明け210日; 騎手勝率3%; マイニング12位,,,,False
20260612-09-02,09,02,4,クレバーキュート,,,149.2,15,同場距離帯複勝1回; 前走8着; 騎手勝率3%; マイニング15位,,,,False
20260612-09-02,09,02,5,ビスケットアソート,☆,5,3.6,2,近走上昇; マイニング5位; sprint risk; 相対時計優秀,,,,False
20260612-09-02,09,02,6,ジャスパーブレイズ,,,10.3,5,マイニング3位; sprint risk,,,,False
20260612-09-02,09,02,7,グラマラス,,,49.7,11,近走上昇; 同距離3走; マイニング7位; sprint risk,,,,False
20260612-09-02,09,02,8,レーヌペスカ,,,162.0,16,前走10着; マイニング14位; sprint risk,,,,False
20260612-09-02,09,02,9,インディクイーン,,,78.7,13,前走11着; 斤量減3.0kg; 騎手勝率0%; マイニング10位,,,,False
20260612-09-02,09,02,10,ナムラロダン,▲,3,5.0,3,頭数補正上位14%; 同距離複勝1回; マイニング1位,0.122,0.61,標準,False
20260612-09-02,09,02,11,ヤングジャガー,,,48.8,10,近走下降; 前走11着; マイニング16位; sprint risk,,,,False
20260612-09-02,09,02,12,シャインゴーツ,,,14.1,6,近走上昇; 同距離複勝1回; マイニング9位; 相対時計優秀,,,,False
20260612-09-02,09,02,13,マカホウ,△,4,45.0,9,前走9着; マイニング4位; sprint risk; 相対時計優秀,,,,False
20260612-09-02,09,02,14,ミルトメテオ,,,8.4,4,近走上昇; 斤量減2.0kg; 騎手勝率2%; マイニング8位,,,,False
20260612-09-02,09,02,15,アルムアポジェ,○,2,3.4,1,頭数補正上位10%; 直近3着内2回; 同種T複勝2回; 同距離複勝2回,0.085,0.29,標準,False
20260612-09-02,09,02,16,モズナツノジン,,,85.9,14,騎手勝率3%; マイニング11位; sprint risk,,,,False
20260612-09-03,09,03,1,ワイドシャッフエン,,,57.5,13,前走11着; マイニング10位,,,,False
20260612-09-03,09,03,2,マクノス,◎,1,6.3,3,頭数補正上位14%; 同距離複勝1回; マイニング1位; 相対時計優秀; 信頼度=混戦(2位差1.5),0.07200000000000001,0.46,混戦,False
20260612-09-03,09,03,3,ワンダージェム,○,2,34.5,10,頭数補正上位8%; 同距離複勝1回; 同場距離帯複勝1回; 間隔長め84日,0.07200000000000001,2.47,混戦,False
20260612-09-03,09,03,4,タントレーベル,,,12.4,7,近走上昇; 同距離3走; 同場不振3走; 前走10着,,,,False
20260612-09-03,09,03,5,リリークリスタル,,,213.9,16,頭数補正上位7%; 同距離複勝1回; 休み明け147日; 馬体減-10kg,,,,False
20260612-09-03,09,03,6,アマノガワギンガ,,,71.3,14,前走大敗14着; 斤量減3.0kg; 騎手勝率3%; マイニング16位,,,,False
20260612-09-03,09,03,7,ウインロズパレード,,,34.8,11,休み明け321日; 前走大敗46着; 騎手勝率3%; マイニング14位,,,,False
20260612-09-03,09,03,8,レウコテア,☆,5,7.1,4,マイニング5位,,,,False
20260612-09-03,09,03,9,ヤマニンコルザ,,,4.6,1,マイニング8位; 市場1人気,,,,False
20260612-09-03,09,03,10,ドリームキャリー,,,9.2,5,休み明け123日; 前走大敗80着; マイニング2位,,,,False
20260612-09-03,09,03,11,タマモアマルフィ,,,91.6,15,騎手勝率0%; マイニング11位,,,,False
20260612-09-03,09,03,12,ハッピーバンク,,,4.9,2,休み明け175日; マイニング6位; 市場2人気,,,,False
20260612-09-03,09,03,13,エイル,△,4,14.6,8,調教師勝率10%; マイニング12位,,,,False
20260612-09-03,09,03,14,ファントムグレース,,,40.8,12,近走上昇; 前走8着; 斤量減2.0kg; 騎手勝率2%,,,,False
20260612-09-03,09,03,15,ダノンロワール,,,11.5,6,前走10着; マイニング4位,,,,False
20260612-09-03,09,03,16,ソルアモール,▲,3,16.5,9,近走上昇; 同距離複勝1回; 騎手勝率0%; マイニング3位,0.016,0.26,混戦,False
20260612-09-04,09,04,1,チョウギャル,,,221.3,15,近走上昇; 同距離3走; 前走大敗32着; マイニング9位,,,,False
20260612-09-04,09,04,2,ドゥボヌール,,,38.1,6,斤量増3.0kg; 調教師勝率11%; マイニング5位; 先行競合6頭,,,,False
20260612-09-04,09,04,3,タナブイハチターボ,◎,1,4.8,3,頭数補正上位12%; 直近3着内2回; 近走上昇; 同種T複勝2回; 信頼度=接戦(2位差10.4),0.201,0.96,接戦,False
20260612-09-04,09,04,4,スイートポメロ,▲,3,42.4,8,頭数補正上位15%; 直近3着内2回; 同種T複勝2回; 同距離複勝2回,0.027999999999999997,1.2,接戦,False
20260612-09-04,09,04,5,ハクサンテドリガワ,,,43.4,9,間隔長め91日; 前走大敗20着; マイニング8位; 先行競合6頭,,,,False
20260612-09-04,09,04,6,プリュスエクラ,☆,5,27.0,5,近走上昇; マイニング4位; 先行競合6頭; 上がり最速級34.4,,,,False
20260612-09-04,09,04,7,タマモパルファン,,,117.8,14,マイニング13位; 差し向き展開; sprint risk,,,,False
20260612-09-04,09,04,8,ハギノデュア,,,76.9,12,前走大敗14着; 騎手勝率3%; 調教師勝率10%; マイニング15位,,,,False
20260612-09-04,09,04,9,リアララ,△,4,2.2,1,騎手勝率14%; マイニング10位; 差し向き展開; sprint risk,,,,False
20260612-09-04,09,04,10,ルビーブロンド,,,67.7,11,前走9着; 騎手勝率3%; マイニング7位; 差し向き展開,,,,False
20260612-09-04,09,04,11,リアンマカ,,,92.6,13,近走上昇; 斤量増4.0kg; マイニング12位; 差し向き展開,,,,False
20260612-09-04,09,04,12,アンガーザガール,,,6.1,4,近走下降; 休み明け133日; 前走大敗58着; マイニング2位,,,,False
20260612-09-04,09,04,13,オラロア,,,41.8,7,マイニング11位; 先行競合6頭; sprint risk,,,,False
20260612-09-04,09,04,14,タマモマリアージュ,,,58.9,10,間隔長め87日; 前走大敗70着; 騎手勝率0%; マイニング14位,,,,False
20260612-09-04,09,04,15,カルロット,○,2,4.2,2,近走上昇; 同距離複勝1回; 調教師勝率10%; マイニング3位,0.162,0.68,接戦,False
20260612-09-04,09,04,16,フェイトブレイカー,,,252.1,16,調教師勝率13%; マイニング16位; 差し向き展開; sprint risk,,,,False
20260612-09-05,09,05,1,タイドビート,▲,3,5.1,3,騎手勝率13%; マイニング3位,0.147,0.75,混戦,False
20260612-09-05,09,05,2,シャプシュ,,,12.9,6,マイニング6位,,,,False
20260612-09-05,09,05,3,ロジクラウン,△,4,2.7,2,騎手勝率14%; マイニング2位,,,,False
20260612-09-05,09,05,4,シャインラブ,☆,5,10.6,4,マイニング4位,,,,False
20260612-09-05,09,05,5,ジーティーサクラ,◎,1,2.3,1,マイニング1位; 信頼度=混戦(2位差0.1),0.237,0.54,混戦,False
20260612-09-05,09,05,6,エコロラーダ,○,2,11.6,5,騎手勝率14%; マイニング5位,0.098,1.13,混戦,False
20260612-09-06,09,06,1,ロードファイター,☆,5,22.8,6,近走上昇; マイニング3位; 当日内有利44%(9件); 持ち時計平凡,,,,False
20260612-09-06,09,06,2,クールブレーブ,,,254.7,15,前走大敗13着; マイニング15位; 当日内有利44%(9件),,,,False
20260612-09-06,09,06,3,ジーティーピカソ,,,1.8,1,近走下降; 同距離4走; 間隔長め76日; 前走大敗53着,,,,False
20260612-09-06,09,06,4,アライブテーラー,,,110.3,14,近走下降; 前走大敗13着; 騎手勝率0%; マイニング16位,,,,False
20260612-09-06,09,06,5,スパルタンエックス,,,50.1,10,近走上昇; 前走10着; 斤量減2.0kg; マイニング7位,,,,False
20260612-09-06,09,06,6,ゴールデンドラゴン,,,18.1,5,休み明け111日; マイニング8位; 持ち時計優秀; 相対時計優秀,,,,False
20260612-09-06,09,06,7,リリーサンダー,▲,3,24.0,7,騎手勝率13%; マイニング4位,0.086,2.06,接戦,False
20260612-09-06,09,06,8,カラバッシュ,,,10.0,4,前走8着; マイニング5位,,,,False
20260612-09-06,09,06,9,レッドフロイデ,◎,1,4.9,2,直近3着内2回; 近走上昇; 同種T複勝2回; 同距離複勝2回; 信頼度=接戦(2位差14.2),0.27,1.32,接戦,True
20260612-09-06,09,06,10,ブラストオフ,,,76.1,13,前走11着; 馬体減-18kg; 騎手勝率0%; マイニング12位,,,,False
20260612-09-06,09,06,11,ティアーズクィーン,,,72.7,12,近走上昇; 前走11着; 馬体減-10kg; マイニング10位,,,,False
20260612-09-06,09,06,12,ニシノエビガタメ,△,4,28.7,8,同距離複勝1回; マイニング9位; 持ち時計優秀; 相対時計優秀,,,,False
20260612-09-06,09,06,13,マイトグラッド,,,473.0,16,休み明け175日; 前走大敗36着; マイニング13位; 相対時計優秀,,,,False
20260612-09-06,09,06,14,メイショウコシュウ,○,2,7.4,3,頭数補正上位15%; 同距離複勝1回; マイニング1位,0.125,0.92,接戦,False
20260612-09-06,09,06,15,ベルアズーロ,,,57.0,11,前走大敗12着; マイニング11位,,,,False
20260612-09-06,09,06,16,イニシオ,,,33.9,9,近走下降; 前走大敗14着; 斤量減2.0kg; 騎手勝率2%,,,,False
20260612-09-07,09,07,1,グッデイ,▲,3,32.5,8,近走上昇; 騎手勝率3%; マイニング1位; 先行競合6頭,0.009000000000000001,0.29,混戦,False
20260612-09-07,09,07,2,モンシーク,☆,5,1.4,1,騎手勝率13%; マイニング3位; 先行競合6頭; 市場1人気,,,,False
20260612-09-07,09,07,3,オメガヒストリー,,,30.9,7,近走下降; 休み明け105日; 前走大敗14着; マイニング9位,,,,False
20260612-09-07,09,07,4,シャロン,,,127.2,17,近走下降; 同距離複勝1回; 同場距離帯複勝1回; 間隔長め77日,,,,False
20260612-09-07,09,07,5,ビーチェマーレ,,,11.3,3,騎手勝率1%; 調教師勝率10%; マイニング5位; 先行競合6頭,,,,False
20260612-09-07,09,07,6,テンタイムトップ,,,68.0,14,前走9着; マイニング13位; 差し向き展開,,,,False
20260612-09-07,09,07,7,ロールスワン,,,41.5,10,マイニング14位; 差し向き展開,,,,False
20260612-09-07,09,07,8,ダイメイプリンス,,,124.5,16,近走下降; 間隔長め76日; 前走大敗90着; 騎手勝率2%,,,,False
20260612-09-07,09,07,9,ネッカーズルム,○,2,21.6,5,騎手勝率12%; マイニング10位; 先行競合6頭; 上がり良好34.6,0.049,1.06,混戦,False
20260612-09-07,09,07,10,フェブリノ,,,91.4,15,近走下降; 前走9着; 騎手勝率3%; マイニング6位,,,,False
20260612-09-07,09,07,11,レインボーステート,◎,1,11.1,2,同距離複勝1回; マイニング2位; 差し向き展開; 上がり最速級33.9; 信頼度=混戦(2位差3.6),0.064,0.71,混戦,False
20260612-09-07,09,07,12,テリオスヒナ,,,158.2,18,前走大敗13着; 斤量減3.0kg; 騎手勝率3%; マイニング17位,,,,False
20260612-09-07,09,07,13,マヤノイマジン,,,41.2,9,マイニング16位; 差し向き展開,,,,False
20260612-09-07,09,07,14,レッドパラジウム,,,13.5,4,近走下降; 前走9着; マイニング4位; 差し向き展開,,,,False
20260612-09-07,09,07,15,ケンブリッジグレイ,,,54.2,13,近走上昇; 同距離3走; 間隔長め77日; マイニング11位,,,,False
20260612-09-07,09,07,16,ディアーモルタル,△,4,46.4,12,直近で1着あり; 近走下降; 前走10着; マイニング7位,,,,False
20260612-09-07,09,07,17,ラジャブルック,,,42.1,11,前走9着; 調教師勝率10%; マイニング8位; 先行競合6頭,,,,False
20260612-09-07,09,07,18,エリカアズーラ,,,22.6,6,前走大敗12着; 騎手勝率16%; 調教師勝率10%; マイニング18位,,,,False
20260612-09-08,09,08,1,ミッドタウンナイト,,,44.9,9,近走上昇; 前走11着; 騎手勝率3%; マイニング9位,,,,False
20260612-09-08,09,08,2,ゴールドアクセス,,,7.0,4,近走下降; 間隔長め76日; 前走大敗40着; 馬体減-14kg,,,,False
20260612-09-08,09,08,3,ワンダフルデイズ,△,4,3.7,2,斤量減3.0kg; マイニング8位; 差し向き展開; 上がり最速級33.9,,,,False
20260612-09-08,09,08,4,サンライズグラシア,,,22.7,8,休み明け448日; 騎手勝率14%; マイニング4位; 先行競合5頭,,,,False
20260612-09-08,09,08,5,マイバレンタイン,,,8.2,6,間隔長め70日; 前走大敗12着; マイニング5位; 先行競合5頭,,,,False
20260612-09-08,09,08,6,ヨカオウ,▲,3,3.3,1,近走上昇; 重賞経験あり; 斤量減5.0kg; マイニング7位,0.136,0.45,接戦,False
20260612-09-08,09,08,7,ガウディ,☆,5,5.3,3,休み明け217日; 騎手勝率13%; マイニング1位; 差し向き展開,,,,False
20260612-09-08,09,08,8,フウセン,◎,1,8.1,5,頭数補正上位0%; 直近で1着あり; 同距離複勝1回; 斤量減3.0kg; 信頼度=接戦(2位差10.6),0.17800000000000002,1.44,接戦,True
20260612-09-08,09,08,9,オーシンエス,○,2,20.9,7,近走上昇; 騎手勝率12%; 調教師勝率13%; マイニング6位,0.10400000000000001,2.17,接戦,False
20260612-09-09,09,09,1,ジェゼロ,,,15.0,6,近走上昇; 格上挑戦+3; 前走9着; マイニング2位,,,,False
20260612-09-09,09,09,2,フレイムスター,,,12.7,5,近走上昇; 同場不振3走; 斤量減2.0kg; マイニング4位,,,,False
20260612-09-09,09,09,3,カフジエメンタール,◎,1,2.0,1,直近で1着あり; 近走下降; 同種T1勝; 同距離複勝1回; 信頼度=接戦(2位差14.8),0.23399999999999999,0.47,接戦,False
20260612-09-09,09,09,4,ブラックシャリマー,,,3.4,2,少頭数好走補正46%; 近走上昇; 同距離複勝1回; 斤量減2.0kg,,,,False
20260612-09-09,09,09,5,エイシンティザー,△,4,7.8,3,近走上昇; 重賞経験あり; 斤量減2.0kg; マイニング6位,,,,False
20260612-09-09,09,09,6,ナムラブーニン,▲,3,21.2,7,同距離複勝1回; 騎手勝率12%; マイニング7位; 差し向き展開,0.061,1.29,接戦,False
20260612-09-09,09,09,7,メイショウヒュウガ,☆,5,54.6,8,近走上昇; 同距離4走; 同場1勝; 前走10着,,,,False
20260612-09-09,09,09,8,キタノファーンヒル,,,89.8,9,近走上昇; 同距離4走; 前走大敗14着; 斤量減2.0kg,,,,False
20260612-09-09,09,09,9,エンジェルボイス,○,2,8.5,4,頭数補正上位0%; 直近で1着あり; 斤量減2.0kg; 騎手勝率16%,0.126,1.07,接戦,False
20260612-09-10,09,10,1,クリノフィガロ,◎,1,15.5,4,近走上昇; 同種T複勝2回; 同距離複勝2回; 同場距離帯複勝1回; 信頼度=混戦(2位差4.9),0.08199999999999999,1.26,混戦,False
20260612-09-10,09,10,2,タカサンフェイス,,,20.7,6,同種T1勝; 同距離複勝1回; 格上挑戦+2; 斤量増3.0kg,,,,False
20260612-09-10,09,10,3,サパテアール,▲,3,78.1,12,近走上昇; 同種T1勝; 同距離複勝3回; 前走大敗12着,0.044000000000000004,3.45,混戦,False
20260612-09-10,09,10,4,バトンインディ,△,4,9.7,3,近走上昇; 同距離7走; 同場不振4走; 同場距離帯不振4走,,,,False
20260612-09-10,09,10,5,ドゥラエテルノ,,,5.9,2,近走上昇; 調教師勝率10%; マイニング1位; 先行競合6頭,,,,False
20260612-09-10,09,10,6,ボクマダネムイヨ,○,2,1.5,1,直近で1着あり; 近走上昇; 同種T1勝; 同距離複勝1回,0.294,0.44,混戦,False
20260612-09-10,09,10,7,タイガースパーク,,,24.7,8,近走上昇; 同距離複勝1回; マイニング4位; 差し向き展開,,,,False
20260612-09-10,09,10,8,ゴルデールスカー,,,16.6,5,直近で1着あり; 近走上昇; 同距離複勝1回; 斤量増2.0kg,,,,False
20260612-09-10,09,10,9,プライベートアイズ,,,22.8,7,近走下降; 前走11着; マイニング11位; 先行競合6頭,,,,False
20260612-09-10,09,10,10,ヒデノレインボー,,,41.8,9,同距離6走; マイニング10位; 差し向き展開; 当日脚質傾向0%(12件),,,,False
20260612-09-10,09,10,11,フクキタテーラー,☆,5,44.4,10,近走上昇; 同距離11走; 同場不振4走; 同場距離帯不振3走,,,,False
20260612-09-10,09,10,12,エクストラノート,,,60.4,11,前走9着; 斤量増5.0kg; 馬体減-10kg; 騎手勝率3%,,,,False
20260612-09-11,09,11,1,ミュージシャン,◎,1,4.3,1,頭数補正上位17%; 同距離複勝1回; 同場距離帯複勝1回; 斤量増3.0kg; 信頼度=接戦(2位差14.8),0.19399999999999998,0.83,接戦,False
20260612-09-11,09,11,2,ジーティーダーリン,,,9.3,6,マイニング11位; 先行競合5頭; 当日脚質傾向7%(15件),,,,False
20260612-09-11,09,11,3,キャントウェイト,○,2,7.5,5,頭数補正上位9%; 同種T複勝2回; 同距離複勝3回; 調教師勝率11%,0.163,1.22,接戦,False
20260612-09-11,09,11,4,クルミナーレ,,,5.2,3,近走下降; 前走8着; 騎手勝率13%; マイニング3位,,,,False
20260612-09-11,09,11,5,ミカッテヨンデイイ,,,19.8,8,近走下降; 格上挑戦+3; 前走10着; 騎手勝率3%,,,,False
20260612-09-11,09,11,6,バッデレイト,▲,3,5.7,4,近走下降; 同距離複勝1回; 同場距離帯複勝1回; 騎手勝率16%,0.095,0.54,接戦,False
20260612-09-11,09,11,7,エラン,△,4,13.6,7,近走下降; 前走10着; 調教師勝率19%; マイニング6位,,,,False
20260612-09-11,09,11,8,ミッキーツインクル,,,5.0,2,多頭数健闘34%; 近走下降; 前走10着; 騎手勝率2%,,,,False
20260612-09-11,09,11,9,モズマーヴェリック,,,52.9,11,近走上昇; 同距離4走; 格上挑戦+3; 前走11着,,,,False
20260612-09-11,09,11,10,ハギノアルデバラン,,,23.2,9,近走下降; 前走大敗13着; 騎手勝率12%; マイニング8位,,,,False
20260612-09-11,09,11,11,イケイケドンドン,☆,5,33.0,10,多頭数健闘33%; 近走下降; 前走大敗13着; 馬体減-10kg,,,,False
20260612-09-12,09,12,1,フェスティヴドレス,△,4,6.7,4,近走上昇; 同距離4走; 斤量減2.0kg; 騎手勝率16%,,,,False
20260612-09-12,09,12,2,シュテルンビルト,☆,5,17.2,7,近走上昇; 同距離6走; 間隔長め84日; 前走大敗46着,,,,False
20260612-09-12,09,12,3,ジューンアゲイン,,,20.8,11,休み明け181日; マイニング6位; 当日脚質傾向60%(15件); 当日内有利47%(15件),,,,False
20260612-09-12,09,12,4,ユーヴェリア,,,40.7,14,騎手勝率2%; マイニング15位; 当日内有利47%(15件); sprint risk,,,,False
20260612-09-12,09,12,5,ルージュバロン,◎,1,5.0,2,頭数補正上位13%; 直近で1着あり; 近走上昇; 同種T1勝; 信頼度=標準(2位差10.6),0.311,1.56,標準,True
20260612-09-12,09,12,6,メイプルギャング,,,79.8,16,近走上昇; 同距離5走; 斤量減2.0kg; 騎手勝率1%,,,,False
20260612-09-12,09,12,7,セルズパワー,,,27.1,12,近走上昇; 同距離複勝1回; マイニング5位; 当日脚質傾向0%(15件),,,,False
20260612-09-12,09,12,8,サマーナイト,,,19.7,10,騎手勝率12%; マイニング8位; 当日脚質傾向0%(15件); sprint risk,,,,False
20260612-09-12,09,12,9,コマチチャン,,,12.6,5,休み明け349日; マイニング9位; sprint risk,,,,False
20260612-09-12,09,12,10,スレッドザニードル,,,70.5,15,休み明け202日; 前走大敗40着; 馬体減-12kg; 騎手勝率3%,,,,False
20260612-09-12,09,12,11,マダムイグレイン,○,2,16.4,6,頭数補正上位8%; 直近で1着あり; 直近勝利2回; 同種T3勝,0.204,3.35,標準,False
20260612-09-12,09,12,12,ゴメンネジロー,,,5.7,3,近走上昇; 同距離3走; 斤量増2.0kg; マイニング13位,,,,False
20260612-09-12,09,12,13,ゼンカイナダル,,,4.9,1,間隔長め83日; 前走大敗24着; マイニング1位; sprint risk,,,,False
20260612-09-12,09,12,14,アンピュルシオン,,,17.8,9,近走上昇; 休み明け293日; 馬体減-28kg; 騎手勝率0%,,,,False
20260612-09-12,09,12,15,メイショウサトノヒ,▲,3,17.7,8,頭数補正上位14%; 直近3着内2回; 同種T複勝2回; 同場複勝2回,0.01,0.17,標準,False
20260612-09-12,09,12,16,ニシノジェダイ,,,29.4,13,近走下降; 同距離3走; 休み明け188日; 前走大敗66着,,,,False
20260612-05-01,05,01,1,カゼノオモイデ,,,65.3,13,前走大敗14着; 騎手勝率2%; マイニング15位; 差し向き展開,,,,False
20260612-05-01,05,01,2,ハクサンミレイ,,,26.2,9,近走上昇; 騎手勝率2%; マイニング7位; 先行競合6頭,,,,False
20260612-05-01,05,01,3,キタノローズ,☆,5,9.1,5,騎手勝率0%; マイニング1位; 差し向き展開; sprint risk,,,,False
20260612-05-01,05,01,4,ユキノサイエンス,,,30.5,10,間隔長め99日; 前走大敗40着; 騎手勝率2%; マイニング12位,,,,False
20260612-05-01,05,01,5,カーボフリオ,○,2,3.1,1,近走上昇; 同距離複勝1回; 同場距離帯複勝1回; 騎手勝率3%,0.17,0.53,標準,False
20260612-05-01,05,01,6,ダイユウレゾナンス,,,81.1,16,前走11着; 騎手勝率15%; マイニング10位; 差し向き展開,,,,False
20260612-05-01,05,01,7,エリースノー,△,4,4.5,2,近走上昇; 同距離複勝1回; 同場距離帯複勝1回; マイニング3位,,,,False
20260612-05-01,05,01,8,ビリキナータ,,,18.9,7,前走大敗12着; マイニング14位; 先行競合6頭; sprint risk,,,,False
20260612-05-01,05,01,9,ルクリーシア,◎,1,26.0,8,頭数補正上位14%; 直近で1着あり; 直近3着内2回; 同距離複勝1回; 信頼度=標準(2位差13.4),0.23399999999999999,6.09,標準,True
20260612-05-01,05,01,10,アジーザム,,,69.0,15,近走下降; 間隔長め78日; 前走大敗39着; マイニング13位,,,,False
20260612-05-01,05,01,11,テンハートビート,,,8.9,4,マイニング2位; 先行競合6頭; sprint risk,,,,False
20260612-05-01,05,01,12,ロンバスブレス,▲,3,6.2,3,マイニング4位; 差し向き展開; sprint risk; 相対時計優秀,0.062,0.39,標準,False
20260612-05-01,05,01,13,パウラメロディーア,,,43.9,12,マイニング16位; 差し向き展開; sprint risk,,,,False
20260612-05-01,05,01,14,フィーユレアル,,,15.0,6,近走上昇; 前走8着; マイニング6位; 先行競合6頭,,,,False
20260612-05-01,05,01,15,グラデュエール,,,68.4,14,近走下降; 前走11着; 騎手勝率3%; マイニング11位,,,,False
20260612-05-01,05,01,16,ペリバジャ,,,43.2,11,前走大敗14着; 斤量減3.0kg; 騎手勝率1%; マイニング9位,,,,False
20260612-05-02,05,02,1,クリムゾンリーフ,,,4.6,2,近走上昇; 騎手勝率12%; マイニング3位; 先行競合5頭,,,,False
20260612-05-02,05,02,2,キョウエイシュバル,,,53.0,13,調教師勝率10%; マイニング12位; 差し向き展開; 上がり鈍い39.2,,,,False
20260612-05-02,05,02,3,ホグホグナナハン,,,76.4,15,近走上昇; 前走8着; 騎手勝率2%; マイニング16位,,,,False
20260612-05-02,05,02,4,アイムスティルミー,,,21.5,9,騎手勝率1%; マイニング8位; 差し向き展開; 持ち時計平凡,,,,False
20260612-05-02,05,02,5,タートルインメイ,,,84.7,16,直近で1着あり; 近走下降; 騎手勝率2%; マイニング10位,,,,False
20260612-05-02,05,02,6,マスカルポーネ,,,19.8,8,頭数補正上位16%; 騎手勝率3%; マイニング6位; 先行競合5頭,,,,False
20260612-05-02,05,02,7,ネイティヴプライド,▲,3,13.2,6,近走上昇; 同距離複勝1回; 同場距離帯複勝1回; 騎手勝率0%,0.021,0.28,混戦,False
20260612-05-02,05,02,8,インナーパッション,,,7.9,4,頭数補正上位8%; 休み明け218日; マイニング7位; 差し向き展開,,,,False
20260612-05-02,05,02,9,ブルーフレア,○,2,6.5,3,直近3着内2回; 近走上昇; 同種T複勝2回; 同距離複勝2回,0.14300000000000002,0.93,混戦,False
20260612-05-02,05,02,10,アルティシエル,,,39.6,11,マイニング15位; 差し向き展開,,,,False
20260612-05-02,05,02,11,ワンダーブリッツ,△,4,3.2,1,騎手勝率13%; マイニング1位; 先行競合5頭; 市場1人気,,,,False
20260612-05-02,05,02,12,ロジキセキ,,,50.6,12,騎手勝率4%; マイニング11位; 差し向き展開,,,,False
20260612-05-02,05,02,13,マイネルスラーヴァ,,,73.4,14,間隔長め85日; マイニング13位; 差し向き展開; 持ち時計優秀,,,,False
20260612-05-02,05,02,14,ウォーレーションズ,,,33.2,10,前走大敗14着; 調教師勝率11%; マイニング14位; 差し向き展開,,,,False
20260612-05-02,05,02,15,ブラックパロット,◎,1,16.2,7,近走上昇; 同距離複勝1回; 同場距離帯複勝1回; マイニング9位; 信頼度=混戦(2位差2.0),0.04,0.64,混戦,False
20260612-05-02,05,02,16,キタイノホシ,☆,5,12.6,5,近走上昇; 同距離複勝1回; 同場距離帯複勝1回; 斤量減2.0kg,,,,False
20260612-05-03,05,03,1,レッドリファインド,△,4,18.3,5,近走上昇; 騎手勝率4%; マイニング6位; 差し向き展開,,,,False
20260612-05-03,05,03,2,カンフーヒーロー,,,127.2,13,斤量増2.0kg; マイニング13位; 差し向き展開; 上がり鈍い40.1,,,,False
20260612-05-03,05,03,3,ナンヨーロイヤル,,,65.9,9,近走上昇; 騎手勝率0%; マイニング7位; 差し向き展開,,,,False
20260612-05-03,05,03,4,レディトゥランブル,,,159.8,14,騎手勝率1%; マイニング15位; 先行競合6頭,,,,False
20260612-05-03,05,03,5,ピクシーゲイル,,,186.0,16,近走上昇; 前走大敗14着; マイニング16位; 差し向き展開,,,,False
20260612-05-03,05,03,6,クワッドマリニン,☆,5,10.5,4,近走上昇; 斤量増2.0kg; マイニング4位; 差し向き展開,,,,False
20260612-05-03,05,03,7,ウインビギニング,◎,1,1.6,1,頭数補正上位7%; 直近3着内3回; 同種T複勝2回; 同距離複勝2回; 信頼度=混戦(2位差-0.0),0.34,0.54,混戦,False
20260612-05-03,05,03,8,ブルーアンビエンス,,,42.2,8,近走上昇; 前走大敗12着; 斤量増3.0kg; マイニング14位,,,,False
20260612-05-03,05,03,9,ナムラドガ,,,83.1,11,騎手勝率2%; マイニング10位; 差し向き展開,,,,False
20260612-05-03,05,03,10,ロイヤルタイム,,,99.7,12,前走8着; 騎手勝率2%; マイニング11位; 差し向き展開,,,,False
20260612-05-03,05,03,11,ウェスケンジントン,,,24.2,6,騎手勝率0%; マイニング5位; 差し向き展開; 持ち時計平凡,,,,False
20260612-05-03,05,03,12,ハタノグランクリュ,,,168.4,15,近走上昇; 前走9着; 騎手勝率1%; マイニング12位,,,,False
20260612-05-03,05,03,13,シンギュラリティ,,,36.6,7,前走9着; マイニング9位; 先行競合6頭,,,,False
20260612-05-03,05,03,14,ビンバラ,▲,3,4.7,2,騎手勝率13%; 調教師勝率11%; マイニング3位; 先行競合6頭,0.13,0.61,混戦,False
20260612-05-03,05,03,15,オーキーベルセルク,,,72.4,10,前走大敗12着; 騎手勝率16%; マイニング8位; 先行競合6頭,,,,False
20260612-05-03,05,03,16,エターナルホープ,○,2,7.5,3,頭数補正上位11%; 直近3着内2回; 同種T複勝2回; 同距離複勝2回,0.207,1.55,混戦,False
20260612-05-04,05,04,1,カレリアフレイバー,☆,5,14.3,6,騎手勝率12%; マイニング4位; 先行競合6頭,,,,False
20260612-05-04,05,04,2,サイモンナイスラン,,,113.7,16,近走下降; 間隔長め70日; 前走大敗98着; マイニング7位,,,,False
20260612-05-04,05,04,3,コーディアリー,△,4,24.1,11,斤量増3.0kg; 調教師勝率12%; マイニング1位; 差し向き展開,,,,False
20260612-05-04,05,04,4,デルマテイネ,,,152.8,18,前走大敗13着; マイニング12位; 差し向き展開; 上がり良好34.9,,,,False
20260612-05-04,05,04,5,ニシノトップダノン,,,20.9,8,休み明け190日; 前走大敗56着; 馬体減-12kg; 騎手勝率0%,,,,False
20260612-05-04,05,04,6,メイヨシュア,,,125.4,17,頭数補正上位7%; 間隔長め70日; 騎手勝率3%; マイニング13位,,,,False
20260612-05-04,05,04,7,セルリア,,,21.3,9,同距離3走; 休み明け113日; 騎手勝率3%; マイニング14位,,,,False
20260612-05-04,05,04,8,ロードクラシコ,,,15.0,7,休み明け183日; 前走大敗78着; マイニング10位; 先行競合6頭,,,,False
20260612-05-04,05,04,9,ファイナルフォーム,,,39.7,14,マイニング18位; 差し向き展開,,,,False
20260612-05-04,05,04,10,ワイズファミリア,,,5.1,2,調教師勝率11%; マイニング17位; 差し向き展開; 市場2人気,,,,False
20260612-05-04,05,04,11,バトルモクオ,,,107.5,15,近走上昇; 間隔長め71日; 前走大敗90着; 騎手勝率2%,,,,False
20260612-05-04,05,04,12,ショウナンサイオウ,▲,3,7.3,3,騎手勝率16%; マイニング6位; 差し向き展開,0.034,0.25,接戦,False
20260612-05-04,05,04,13,コスモマウイ,,,30.6,12,マイニング15位; 差し向き展開,,,,False
20260612-05-04,05,04,14,エナノムスメ,,,31.2,13,休み明け117日; 前走大敗42着; 騎手勝率2%; マイニング8位,,,,False
20260612-05-04,05,04,15,クールフィデル,,,9.1,5,騎手勝率13%; マイニング2位; 先行競合6頭,,,,False
20260612-05-04,05,04,16,バンオンタイム,◎,1,3.8,1,近走上昇; 同距離複勝1回; 騎手勝率15%; マイニング3位; 信頼度=接戦(2位差20.4),0.257,0.98,接戦,False
20260612-05-04,05,04,17,ルモンテ,○,2,8.7,4,近走上昇; 騎手勝率2%; マイニング5位; 差し向き展開,0.026000000000000002,0.23,接戦,False
20260612-05-04,05,04,18,アグネスブリッツ,,,21.9,10,休み明け126日; 前走大敗44着; 騎手勝率12%; マイニング11位,,,,False
20260612-05-05,05,05,1,セイルトゥグローリ,,,11.5,4,騎手勝率16%; マイニング9位,,,,False
20260612-05-05,05,05,2,ジョドレルバンク,◎,1,1.3,1,騎手勝率20%; マイニング3位; 信頼度=混戦(2位差1.7),0.27399999999999997,0.36,混戦,False
20260612-05-05,05,05,3,サノノキセキ,,,46.6,9,マイニング8位,,,,False
20260612-05-05,05,05,4,レオンティウス,,,136.9,10,騎手勝率13%; マイニング10位,,,,False
20260612-05-05,05,05,5,セイウンオオゾラ,,,37.1,8,マイニング7位,,,,False
20260612-05-05,05,05,6,ジュンヴォルティス,△,4,26.2,5,騎手勝率13%; マイニング5位,,,,False
20260612-05-05,05,05,7,シアルナーレ,○,2,7.7,2,騎手勝率12%; マイニング1位,0.096,0.74,混戦,False
20260612-05-05,05,05,8,ヴィラーニ,☆,5,26.6,6,マイニング2位,,,,False
20260612-05-05,05,05,9,ヴェントリナ,,,27.9,7,マイニング4位,,,,False
20260612-05-05,05,05,10,マテンロウアルカナ,▲,3,9.8,3,騎手勝率14%; マイニング6位,0.079,0.78,混戦,False
20260612-05-06,05,06,1,エクスプレスナイト,,,81.3,15,近走下降; 同距離9走; 同場不振3走; 同場距離帯不振3走,,,,False
20260612-05-06,05,06,2,ダイユウサルターレ,,,62.7,12,近走下降; 休み明け148日; 前走大敗51着; 騎手勝率3%,,,,False
20260612-05-06,05,06,3,ヴェロシスタ,▲,3,28.4,9,頭数補正上位18%; 同距離複勝1回; 同場距離帯複勝1回; マイニング6位,0.01,0.29,混戦,False
20260612-05-06,05,06,4,フェイスリフト,◎,1,1.9,1,直近3着内2回; 近走上昇; 同距離複勝2回; 同場距離帯複勝1回; 信頼度=混戦(2位差1.2),0.191,0.36,混戦,False
20260612-05-06,05,06,5,スカット,☆,5,48.6,11,近走下降; 同距離複勝1回; 騎手勝率3%; マイニング7位,,,,False
20260612-05-06,05,06,6,グランフォワイエ,,,80.4,14,前走大敗15着; マイニング16位; sprint risk,,,,False
20260612-05-06,05,06,7,ニシノランペイジ,,,15.5,6,近走上昇; 同距離7走; 同場不振4走; 同場距離帯不振4走,,,,False
20260612-05-06,05,06,8,コウソクルリアン,,,12.5,5,近走上昇; 同距離複勝1回; 同場距離帯複勝1回; 騎手勝率3%,,,,False
20260612-05-06,05,06,9,ヴィスクレス,○,2,5.9,2,近走上昇; 同距離複勝1回; 同場距離帯複勝1回; マイニング2位,0.145,0.86,混戦,False
20260612-05-06,05,06,10,フィールマイプラン,△,4,9.9,3,近走上昇; 同距離複勝1回; 騎手勝率13%; マイニング4位,,,,False
20260612-05-06,05,06,11,ニシノギャルズ,,,12.3,4,騎手勝率3%; マイニング12位; 当日外有利44%(9件); sprint risk,,,,False
20260612-05-06,05,06,12,チェストー,,,22.0,8,近走上昇; 騎手勝率12%; マイニング10位; 当日外有利44%(9件),,,,False
20260612-05-06,05,06,13,シュンポシオン,,,78.7,13,近走上昇; 前走大敗13着; マイニング15位; 当日外有利44%(9件),,,,False
20260612-05-06,05,06,14,カフェプラウド,,,20.5,7,前走9着; 騎手勝率1%; 調教師勝率11%; マイニング8位,,,,False
20260612-05-06,05,06,15,ウィゾマニア,,,119.3,16,前走大敗12着; 斤量増4.0kg; マイニング9位; 当日外有利44%(9件),,,,False
20260612-05-06,05,06,16,ホウオウデンファレ,,,46.2,10,前走10着; 斤量減2.0kg; 騎手勝率15%; マイニング5位,,,,False
20260612-05-07,05,07,1,ビルバンテ,,,20.2,9,間隔長め70日; 調教師勝率17%; マイニング6位; 当日脚質傾向58%(12件),,,,False
20260612-05-07,05,07,2,メーゼ,,,10.3,6,重賞経験あり; 休み明け287日; マイニング13位; 当日脚質傾向33%(12件),,,,False
20260612-05-07,05,07,3,カフェブーケット,,,51.7,14,近走上昇; 同距離4走; 同場不振4走; 同場距離帯不振4走,,,,False
20260612-05-07,05,07,4,タイキブリッツェン,☆,5,5.1,1,同場不振4走; 斤量減2.0kg; マイニング4位; 当日脚質傾向33%(12件),,,,False
20260612-05-07,05,07,5,エスシーレイジュ,,,21.0,10,近走下降; 同距離5走; 同場不振5走; 同場距離帯不振4走,,,,False
20260612-05-07,05,07,6,リッチハンター,,,48.3,13,近走上昇; 格上挑戦+2; 前走11着; 騎手勝率4%,,,,False
20260612-05-07,05,07,7,パータリプトラ,△,4,9.7,5,近走上昇; 同距離5走; 同場不振3走; 同場距離帯不振3走,,,,False
20260612-05-07,05,07,8,ベアハンドキャッチ,,,9.4,4,近走上昇; 斤量減2.0kg; 騎手勝率13%; 異常区分3,,,,False
20260612-05-07,05,07,9,フォースミラクル,○,2,5.3,2,近走上昇; 同距離7走; 同場不振5走; 同場距離帯不振5走,0.078,0.41,接戦,False
20260612-05-07,05,07,10,サイモンカーチス,,,145.9,16,同種T1勝; 同距離4走; 同場不振3走; 同場距離帯不振3走,,,,False
20260612-05-07,05,07,11,ピクラリーダ,,,34.5,12,近走上昇; 前走大敗14着; 斤量増2.0kg; マイニング15位,,,,False
20260612-05-07,05,07,12,モティスフォント,,,10.8,7,前走8着; マイニング5位; 当日脚質傾向0%(12件); sprint risk,,,,False
20260612-05-07,05,07,13,ジャスフォール,,,28.1,11,騎手勝率1%; マイニング8位; 当日脚質傾向33%(12件); sprint risk,,,,False
20260612-05-07,05,07,14,シュヴァルツシルト,◎,1,5.7,3,頭数補正上位15%; 直近で1着あり; 近走上昇; 同種T1勝; 信頼度=接戦(2位差9.2),0.158,0.9,接戦,False
20260612-05-07,05,07,15,ガンバレベアー,,,64.0,15,前走11着; 騎手勝率2%; マイニング11位; 当日脚質傾向0%(12件),,,,False
20260612-05-07,05,07,16,ブリックンクリック,▲,3,13.1,8,同距離複勝1回; 同場距離帯複勝1回; マイニング7位; 当日脚質傾向58%(12件),0.16699999999999998,2.18,接戦,False
20260612-05-08,05,08,1,カズノダイジョウ,◎,1,15.8,8,頭数補正上位15%; 直近で1着あり; 直近3着内2回; 近走上昇; 信頼度=混戦(2位差-5.6),0.182,2.88,混戦,True
20260612-05-08,05,08,2,デスサイズ,,,9.4,3,頭数補正上位0%; 直近で1着あり; 斤量減2.0kg; マイニング13位,,,,False
20260612-05-08,05,08,3,スワローシチー,△,4,14.2,6,頭数補正上位17%; 直近で1着あり; 近走上昇; 同種T1勝,,,,False
20260612-05-08,05,08,4,オメガストリーム,,,88.5,17,近走上昇; 前走11着; 斤量減3.0kg; 騎手勝率4%,,,,False
20260612-05-08,05,08,5,コンヴァージョン,,,55.8,13,近走上昇; 騎手勝率2%; マイニング15位; 上がり良好34.7,,,,False
20260612-05-08,05,08,6,サトノラポール,,,26.8,11,同距離複勝1回; 同場距離帯複勝1回; 前走8着; 調教師勝率12%,,,,False
20260612-05-08,05,08,7,ダイヤテソーロ,○,2,29.2,12,直近で1着あり; 直近3着内2回; 近走上昇; 同種T1勝,0.045,1.3,混戦,False
20260612-05-08,05,08,8,タイセイフレッサ,▲,3,4.8,2,近走上昇; 同距離複勝1回; 同場距離帯複勝1回; 重賞経験あり,0.10300000000000001,0.49,混戦,False
20260612-05-08,05,08,9,リネンタイリン,,,66.1,15,間隔長め78日; 前走大敗45着; マイニング8位; 持ち時計優秀,,,,False
20260612-05-08,05,08,10,アラスカフレイバー,,,12.9,5,頭数補正上位7%; 直近3着内2回; 同距離複勝1回; 間隔長め85日,,,,False
20260612-05-08,05,08,11,イージーブリージー,,,70.9,16,近走下降; 同種T複勝2回; 同場複勝2回; 前走大敗13着,,,,False
20260612-05-08,05,08,12,ゴディアーモ,,,2.9,1,直近で1着あり; 格上挑戦+3; 間隔長め78日; 騎手勝率12%,,,,False
20260612-05-08,05,08,13,アンソニー,,,11.3,4,近走上昇; 同距離複勝1回; 前走9着; 斤量減2.0kg,,,,False
20260612-05-08,05,08,14,ナルキッソス,,,26.4,10,斤量減2.0kg; マイニング2位; 上がり最速級34.5; 持ち時計平凡,,,,False
20260612-05-08,05,08,15,ツインピークス,,,57.1,14,近走上昇; 同距離3走; 同場距離帯不振3走; マイニング6位,,,,False
20260612-05-08,05,08,16,ソニックライン,☆,5,21.8,9,直近3着内2回; 近走上昇; 同種T複勝2回; 同距離複勝2回,,,,False
20260612-05-08,05,08,17,ゴールドシーン,,,14.4,7,近走上昇; 同距離複勝1回; 同場不振9走; 同場距離帯不振7走,,,,False
20260612-05-09,05,09,1,コンフォルツァ,△,4,12.3,4,直近3着内2回; 同距離複勝1回; 騎手勝率13%; マイニング7位,,,,False
20260612-05-09,05,09,2,ズイウンゴサイ,,,32.5,8,マイニング8位; 当日内有利44%(9件); 上がり最速級33.2; 相対時計優秀,,,,False
20260612-05-09,05,09,3,クロシェットノエル,,,24.4,7,多頭数健闘20%; 近走上昇; 騎手勝率3%; マイニング5位,,,,False
20260612-05-09,05,09,4,エボルヴィング,◎,1,13.5,5,頭数補正上位17%; 直近で1着あり; 近走上昇; 同距離複勝1回; 信頼度=混戦(2位差4.5),0.09,1.22,混戦,False
20260612-05-09,05,09,5,マイネルアレス,,,17.8,6,直近で1着あり; 直近3着内2回; 近走上昇; マイニング3位,,,,False
20260612-05-09,05,09,6,ゴーラッキー,○,2,1.5,1,重賞経験あり; 斤量減2.0kg; 騎手勝率24%; マイニング1位,0.265,0.4,混戦,False
20260612-05-09,05,09,7,ビーオンザカバー,▲,3,6.1,2,頭数補正上位12%; 直近で1着あり; 直近3着内3回; 同距離複勝1回,0.131,0.8,混戦,False
20260612-05-09,05,09,8,サラスヴァティー,☆,5,7.0,3,近走下降; 同距離複勝1回; 間隔長め77日; 前走大敗74着,,,,False
20260612-05-10,05,10,1,リリージェーン,,,86.5,16,近走上昇; 間隔長め77日; 前走大敗42着; マイニング16位,,,,False
20260612-05-10,05,10,2,フクチャントウメイ,,,82.6,14,同距離6走; 同場距離帯不振5走; 休み明け105日; 前走大敗36着,,,,False
20260612-05-10,05,10,3,エムティエスターテ,◎,1,21.4,5,頭数補正上位2%; 直近で1着あり; 直近3着内3回; 同種T1勝; 信頼度=接戦(2位差8.4),0.244,5.23,接戦,True
20260612-05-10,05,10,4,メッエフアパラ,,,85.8,15,近走上昇; 同距離3走; 同場不振5走; 前走9着,,,,False
20260612-05-10,05,10,5,ケープアグラス,,,63.0,12,直近で1着あり; 近走下降; 同種T1勝; 同場1勝,,,,False
20260612-05-10,05,10,6,ポッドベル,○,2,7.1,2,近走上昇; 同種T複勝3回; 同距離複勝3回; 同場複勝3回,0.175,1.25,接戦,False
20260612-05-10,05,10,7,シホノペルフェット,,,44.1,9,近走上昇; 前走大敗14着; 斤量増2.0kg; 騎手勝率12%,,,,False
20260612-05-10,05,10,8,レイアポポ,☆,5,31.4,6,直近で1着あり; マイニング9位; 先行競合6頭; 当日脚質傾向47%(15件),,,,False
20260612-05-10,05,10,9,レヴィテーション,,,73.6,13,休み明け190日; 騎手勝率3%; マイニング14位; 差し向き展開,,,,False
20260612-05-10,05,10,10,マジッククッキー,▲,3,1.3,1,同距離複勝1回; 同場不振3走; 同場距離帯不振3走; 相手関係緩和,0.218,0.28,接戦,False
20260612-05-10,05,10,11,クインズシフォン,,,60.4,11,近走上昇; マイニング6位; 先行競合6頭; 当日脚質傾向47%(15件),,,,False
20260612-05-10,05,10,12,ミスエル,△,4,49.8,10,多頭数健闘21%; 近走上昇; 同種T複勝2回; マイニング7位,,,,False
20260612-05-10,05,10,13,キョウエイカンセ,,,33.9,7,斤量増3.0kg; 騎手勝率0%; 調教師勝率10%; マイニング3位,,,,False
20260612-05-10,05,10,14,ホウオウプレミア,,,19.4,4,近走上昇; 騎手勝率3%; マイニング8位; 差し向き展開,,,,False
20260612-05-10,05,10,15,プチブール,,,40.6,8,同距離3走; マイニング10位; 差し向き展開; 上がり良好35.7,,,,False
20260612-05-10,05,10,16,ライジンマル,,,17.2,3,騎手勝率3%; マイニング4位; 差し向き展開; 当日脚質傾向40%(15件),,,,False
20260612-05-11,05,11,1,レーベンスティール,☆,5,8.4,3,重賞経験あり; 同格以上接戦敗1回; 騎手勝率12%; マイニング1位,,,,False
20260612-05-11,05,11,2,ロングラン,,,228.8,17,近走下降; 重賞経験あり; 前走大敗18着; 騎手勝率12%,,,,False
20260612-05-11,05,11,3,オフトレイル,,,39.6,13,頭数補正上位17%; 同距離複勝1回; 重賞経験あり; 格上挑戦+2,,,,False
20260612-05-11,05,11,4,シックスペンス,,,24.8,8,多頭数健闘21%; 近走下降; 重賞経験あり; 格上挑戦+7,,,,False
20260612-05-11,05,11,5,サクラトゥジュール,,,118.3,15,頭数補正上位8%; 近走上昇; 格上挑戦+7; 休み明け518日,,,,False
20260612-05-11,05,11,6,ステレンボッシュ,◎,1,9.0,4,頭数補正上位9%; 直近3着内2回; 同種T複勝2回; 同距離複勝1回; 信頼度=接戦(2位差10.1),0.17,1.53,接戦,True
20260612-05-11,05,11,7,スズハローム,▲,3,26.2,9,頭数補正上位9%; 直近で1着あり; 近走上昇; 同距離複勝2回,0.011000000000000001,0.28,接戦,False
20260612-05-11,05,11,8,シャンパンカラー,,,32.8,11,近走上昇; 同距離4走; 同場不振3走; 同場距離帯不振3走,,,,False
20260612-05-11,05,11,9,ウォーターリヒト,,,27.8,10,近走上昇; 同距離3走; 重賞経験あり; 前走大敗13着,,,,False
20260612-05-11,05,11,10,ルクソールカフェ,,,70.8,14,直近で1着あり; 直近勝利2回; 近走下降; 同距離複勝1回,,,,False
20260612-05-11,05,11,11,ワールズエンド,△,4,19.6,7,直近で1着あり; 近走上昇; 同種T1勝; 同距離4走,,,,False
20260612-05-11,05,11,12,シリウスコルト,,,119.9,16,近走上昇; 重賞経験あり; 騎手勝率13%; マイニング14位,,,,False
20260612-05-11,05,11,13,セイウンハーデス,,,12.6,6,近走上昇; 重賞経験あり; 同格以上接戦敗1回; マイニング11位,,,,False
20260612-05-11,05,11,14,ガイアフォース,,,2.9,1,近走上昇; 重賞経験あり; 間隔長め71日; 騎手勝率13%,,,,False
20260612-05-11,05,11,15,ドラゴンブースト,,,36.5,12,頭数補正上位6%; 同距離複勝1回; 重賞経験あり; 上級条件で実績薄,,,,False
20260612-05-11,05,11,16,パンジャタワー,,,9.1,5,頭数補正上位18%; 重賞経験あり; 間隔長め70日; マイニング4位,,,,False
20260612-05-11,05,11,17,トロヴァトーレ,○,2,4.6,2,直近で1着あり; 近走上昇; 同種T1勝; 同距離4走,0.212,0.97,接戦,False
20260612-05-12,05,12,1,テンカムテキ,▲,3,7.4,3,頭数補正上位10%; 直近で1着あり; 近走上昇; 斤量減2.0kg,0.175,1.3,混戦,False
20260612-05-12,05,12,2,トーホウキザン,,,84.4,13,近走下降; 間隔長め71日; 前走大敗84着; 騎手勝率3%,,,,False
20260612-05-12,05,12,3,エンファサイズ,,,91.8,14,近走下降; 格上挑戦+2; 前走8着; マイニング15位,,,,False
20260612-05-12,05,12,4,フィーチャリング,△,4,24.3,9,直近で1着あり; 直近3着内2回; 近走下降; 同種T複勝2回,,,,False
20260612-05-12,05,12,5,コパノエビータ,,,126.6,15,近走下降; 前走10着; 斤量増4.0kg; 騎手勝率12%,,,,False
20260612-05-12,05,12,6,トラヴェリンバンド,○,2,15.1,6,近走上昇; 同種T複勝2回; 同距離複勝1回; 同場複勝2回,0.10400000000000001,1.57,混戦,False
20260612-05-12,05,12,7,グレイスザクラウン,,,38.0,12,近走上昇; 同距離6走; 同場不振6走; 同場距離帯不振6走,,,,False
20260612-05-12,05,12,8,セントラルヴァレー,,,25.0,10,近走下降; 同場不振6走; 休み明け449日; 前走大敗84着,,,,False
20260612-05-12,05,12,9,アースイオス,,,134.8,16,前走11着; 斤量増6.0kg; 騎手勝率0%; マイニング12位,,,,False
20260612-05-12,05,12,10,マクリール,◎,1,2.4,1,近走上昇; 同距離複勝1回; 同場距離帯複勝1回; 相手関係緩和; 信頼度=混戦(2位差4.4),0.196,0.47,混戦,False
20260612-05-12,05,12,11,ホウキボシ,,,23.1,8,近走下降; 同距離3走; 前走大敗13着; 調教師勝率14%,,,,False
20260612-05-12,05,12,12,パイシャオピン,☆,5,15.2,7,近走上昇; 同距離5走; 同場不振5走; 同場距離帯不振5走,,,,False
20260612-05-12,05,12,13,ベラジオワールド,,,10.1,5,頭数補正上位15%; 近走上昇; 騎手勝率13%; マイニング5位,,,,False
20260612-05-12,05,12,14,リベッチオ,,,6.6,2,騎手勝率12%; 調教師勝率13%; マイニング11位; 当日脚質傾向50%(18件),,,,False
20260612-05-12,05,12,15,アスゴッド,,,31.0,11,直近で1着あり; 近走下降; 前走8着; マイニング6位,,,,False
20260612-05-12,05,12,16,ヘリオトロープ,,,8.8,4,近走上昇; 同距離複勝1回; 同場距離帯複勝1回; 騎手勝率20%,,,,False
20260612-09-01,09,01,1,オーサムデアラー,,,57.8,11,近走上昇; 長距離未経験; 相手関係緩和; 休み明け237日,,,,False
20260612-09-01,09,01,2,アルヴィア,○,2,3.6,2,近走上昇; 同距離複勝1回; 長距離複勝あり; 長距離向き脚質,0.243,0.88,接戦,False
20260612-09-01,09,01,3,セイフウサツキ,,,6.6,4,長距離未経験; 休み明け329日; 前走大敗45着; マイニング1位,,,,False
20260612-09-01,09,01,4,テンカオーライ,,,79.1,12,近走上昇; 前走大敗14着; マイニング11位; 上がり最速級14.2,,,,False
20260612-09-01,09,01,5,ロードオールライト,▲,3,5.6,3,近走上昇; 長距離向き脚質; マイニング2位; 上がり最速級13.5,0.040999999999999995,0.23,接戦,False
20260612-09-01,09,01,6,オリンポスカズマ,☆,5,44.7,9,近走上昇; 長距離向き脚質; マイニング8位; 上がり最速級13.5,,,,False
20260612-09-01,09,01,7,ゴールデンルーキー,,,26.6,6,近走上昇; 休み明け707日; 前走大敗47着; マイニング7位,,,,False
20260612-09-01,09,01,8,コトブキヘスペラス,,,121.8,13,近走下降; 前走10着; 調教師勝率10%; マイニング12位,,,,False
20260612-09-01,09,01,9,クリアクォーツ,△,4,33.9,7,近走上昇; 同距離6走; 長距離不振6走; 前走10着,,,,False
20260612-09-01,09,01,10,フォーディアライフ,◎,1,2.2,1,直近で1着あり; 直近勝利2回; 近走上昇; 同距離複勝1回; 信頼度=接戦(2位差9.8),0.34299999999999997,0.76,接戦,False
20260612-09-01,09,01,11,イモータルバード,,,55.9,10,近走上昇; 前走大敗12着; 斤量減3.0kg; 馬体減-18kg,,,,False
20260612-09-01,09,01,12,アクロスザリバー,,,200.4,14,近走上昇; 前走大敗13着; マイニング13位; 上がり最速級13.7,,,,False
20260612-09-01,09,01,13,モズナイスバディー,,,25.7,5,近走下降; 長距離向き脚質; 相手関係緩和; 前走9着,,,,False
20260612-09-01,09,01,14,スペイドアン,,,39.2,8,近走上昇; 長距離未経験; 休み明け106日; 前走10着,,,,False
20260612-09-02,09,02,1,カスタニッチャ,,,111.6,15,休み明け204日; マイニング13位; 差し向き展開; 持ち時計優秀,,,,False
20260612-09-02,09,02,2,ポリキポリキ,,,75.4,13,前走大敗15着; マイニング12位; 差し向き展開,,,,False
20260612-09-02,09,02,3,ウィスカーパッド,,,7.6,5,マイニング4位; 先行競合6頭,,,,False
20260612-09-02,09,02,4,カヴァティーナ,,,69.3,11,近走上昇; 前走8着; 騎手勝率3%; マイニング10位,,,,False
20260612-09-02,09,02,5,ジーティーメティオ,,,6.1,3,休み明け112日; 前走大敗45着; 騎手勝率14%; マイニング3位,,,,False
20260612-09-02,09,02,6,レーヴドリュヌ,,,35.3,10,休み明け204日; 前走8着; マイニング9位; 差し向き展開,,,,False
20260612-09-02,09,02,7,トラカイキャッスル,○,2,28.9,9,マイニング5位; 差し向き展開; 上がり良好35.7,0.03,0.86,混戦,False
20260612-09-02,09,02,8,キーテーマ,,,70.6,12,馬体減-10kg; 騎手勝率0%; 調教師勝率12%; マイニング8位,,,,False
20260612-09-02,09,02,9,メイショウプレマ,◎,1,7.5,4,頭数補正上位15%; 同距離複勝1回; 騎手勝率2%; マイニング7位; 信頼度=混戦(2位差0.2),0.039,0.29,混戦,False
20260612-09-02,09,02,10,サリエンテ,☆,5,4.1,1,マイニング2位; 先行競合6頭; 市場1人気,,,,False
20260612-09-02,09,02,11,ルージュマデイラ,,,7.9,6,マイニング11位; 先行競合6頭,,,,False
20260612-09-02,09,02,12,ライツェントライゼ,▲,3,11.2,7,マイニング1位; 差し向き展開,0.046,0.52,混戦,False
20260612-09-02,09,02,13,レディアグレッサー,,,12.4,8,マイニング15位; 差し向き展開,,,,False
20260612-09-02,09,02,14,サンタカリス,,,98.8,14,近走下降; 前走大敗14着; 騎手勝率2%; マイニング14位,,,,False
20260612-09-02,09,02,15,クロスボーダー,△,4,6.0,2,近走上昇; 同距離複勝1回; 斤量増2.0kg; マイニング6位,,,,False
20260612-09-03,09,03,1,バーバラップ,,,44.0,11,前走大敗12着; マイニング12位,,,,False
20260612-09-03,09,03,2,ロードヴェリタス,○,2,2.9,1,騎手勝率2%; 調教師勝率11%; マイニング3位; 市場1人気,0.33899999999999997,0.98,接戦,False
20260612-09-03,09,03,3,ロスニーニョス,,,31.4,9,近走上昇; 騎手勝率3%; マイニング8位,,,,False
20260612-09-03,09,03,4,ウルトラハート,◎,1,6.7,3,近走上昇; 同距離複勝1回; マイニング1位; 上がり鈍い39.3; 信頼度=接戦(2位差7.4),0.067,0.45,接戦,False
20260612-09-03,09,03,5,ダイメイクマモト,,,7.4,4,同距離複勝1回; 馬体減-20kg; 騎手勝率3%; マイニング4位,,,,False
20260612-09-03,09,03,6,リバーソニック,☆,5,6.5,2,同距離3走; 間隔長め77日; 前走大敗44着; マイニング2位,,,,False
20260612-09-03,09,03,7,ボクサークラブ,▲,3,11.9,6,マイニング6位,0.091,1.09,接戦,False
20260612-09-03,09,03,8,シエルブリエ,,,85.8,14,マイニング10位,,,,False
20260612-09-03,09,03,9,オセアスターライト,,,58.2,12,前走9着; マイニング13位; 相対時計優秀,,,,False
20260612-09-03,09,03,10,スマイルガルーダ,,,130.8,15,騎手勝率2%; マイニング16位,,,,False
20260612-09-03,09,03,11,セキゾウ,,,82.2,13,調教師勝率10%; マイニング15位,,,,False
20260612-09-03,09,03,12,ウェイヴムーン,△,4,7.8,5,斤量増2.0kg; マイニング5位,,,,False
20260612-09-03,09,03,13,マーゴットデウス,,,35.0,10,近走上昇; 調教師勝率12%; マイニング7位; 持ち時計平凡,,,,False
20260612-09-03,09,03,14,ジョイフルサンデー,,,133.0,16,馬体減-10kg; 騎手勝率0%; 調教師勝率12%; マイニング14位,,,,False
20260612-09-03,09,03,15,シャインヴィーラ,,,23.8,8,前走8着; 斤量減2.0kg; 騎手勝率2%; マイニング11位,,,,False
20260612-09-03,09,03,16,スリーケイ,,,12.7,7,前走10着; 騎手勝率3%; マイニング9位,,,,False
20260612-09-04,09,04,1,アンリミテッド,,,6.0,2,休み明け117日; 前走大敗20着; 調教師勝率10%; マイニング4位,,,,False
20260612-09-04,09,04,2,メイショウタダツグ,,,25.0,8,馬体減-12kg; マイニング5位; 差し向き展開; sprint risk,,,,False
20260612-09-04,09,04,3,ビッグヒーロー,◎,1,2.3,1,近走上昇; 騎手勝率14%; マイニング1位; 差し向き展開; 信頼度=接戦(2位差6.2),0.142,0.33,接戦,False
20260612-09-04,09,04,4,ヴァンロゼ,,,25.8,9,同距離4走; 同場不振3走; 同場距離帯不振3走; 間隔長め70日,,,,False
20260612-09-04,09,04,5,シュネープリンセス,,,63.7,14,近走下降; 同距離複勝1回; 前走大敗15着; マイニング12位,,,,False
20260612-09-04,09,04,6,イクヒロ,△,4,31.3,10,頭数補正上位0%; 直近で1着あり; 直近勝利2回; 同距離複勝1回,,,,False
20260612-09-04,09,04,7,モズジェネラル,▲,3,7.2,3,近走上昇; 同距離4走; 騎手勝率2%; 調教師勝率10%,0.034,0.25,接戦,False
20260612-09-04,09,04,8,ゼルダ,,,10.1,5,マイニング6位; 先行競合5頭; sprint risk,,,,False
20260612-09-04,09,04,9,ヒルノジェノヴァ,,,46.8,12,近走上昇; 前走大敗13着; マイニング15位; 差し向き展開,,,,False
20260612-09-04,09,04,10,レッドピアレス,,,22.5,7,前走大敗12着; マイニング7位; 先行競合5頭; sprint risk,,,,False
20260612-09-04,09,04,11,ピゲ,,,60.4,13,騎手勝率2%; マイニング14位; 差し向き展開; sprint risk,,,,False
20260612-09-04,09,04,12,メイショウナナユキ,○,2,9.2,4,近走上昇; 同距離複勝1回; 同場距離帯複勝1回; マイニング2位,0.16,1.47,接戦,False
20260612-09-04,09,04,13,ワンダーリュクス,☆,5,66.3,15,騎手勝率2%; マイニング10位; 差し向き展開; sprint risk,,,,False
20260612-09-04,09,04,14,ココプレミア,,,84.9,16,近走下降; 前走大敗14着; マイニング16位; 差し向き展開,,,,False
20260612-09-04,09,04,15,サマーブリザード,,,40.5,11,近走上昇; 同距離複勝1回; 格上挑戦+2; マイニング13位,,,,False
20260612-09-04,09,04,16,ロードインヴォーグ,,,16.0,6,休み明け176日; 前走大敗43着; マイニング9位; 差し向き展開,,,,False
20260612-09-05,09,05,1,クリコキアナ,△,4,26.0,10,騎手勝率3%; マイニング8位; sprint risk,,,,False
20260612-09-05,09,05,2,レッドネビュラ,,,4.5,2,マイニング7位; sprint risk,,,,False
20260612-09-05,09,05,3,イザベル,,,11.9,6,マイニング6位; sprint risk,,,,False
20260612-09-05,09,05,4,ニシノフランケン,○,2,20.0,8,マイニング4位; sprint risk,0.023,0.47,混戦,False
20260612-09-05,09,05,5,ビスケットサンド,,,5.6,3,マイニング2位; sprint risk,,,,False
20260612-09-05,09,05,6,ランダムナンバー,,,12.9,7,騎手勝率2%; マイニング11位; sprint risk,,,,False
20260612-09-05,09,05,7,サンシルヴァリー,☆,5,56.5,11,騎手勝率2%; マイニング9位; sprint risk,,,,False
20260612-09-05,09,05,8,スピークロウ,▲,3,9.2,5,騎手勝率12%; マイニング1位; sprint risk,0.04,0.37,混戦,False
20260612-09-05,09,05,9,レゾルーティオ,,,3.4,1,調教師勝率12%; マイニング5位; sprint risk,,,,False
20260612-09-05,09,05,10,シスキンブルーム,◎,1,6.9,4,調教師勝率11%; マイニング3位; sprint risk; 信頼度=混戦(2位差3.2),0.151,1.04,混戦,False
20260612-09-05,09,05,11,スピーディスピン,,,24.1,9,マイニング10位; sprint risk,,,,False
20260612-09-06,09,06,1,プリュイドール,,,7.3,4,近走上昇; 前走8着; マイニング11位,,,,False
20260612-09-06,09,06,2,ハナコトバ,,,10.3,6,近走上昇; 同距離3走; 前走10着; 斤量増2.0kg,,,,False
20260612-09-06,09,06,3,クリムゾンバースト,,,49.3,12,近走下降; 前走11着; 斤量減2.0kg; マイニング5位,,,,False
20260612-09-06,09,06,4,エースフライト,△,4,4.0,1,騎手勝率14%; マイニング3位; 市場1人気,,,,False
20260612-09-06,09,06,5,ペガサスジルシ,○,2,4.2,2,頭数補正上位8%; 騎手勝率14%; マイニング1位; 上がり良好35.5,0.18899999999999997,0.79,標準,False
20260612-09-06,09,06,6,アリュウ,,,52.6,13,マイニング12位; 上がり良好36.0,,,,False
20260612-09-06,09,06,7,ラッキーシグネチャ,,,29.2,9,前走大敗14着; 斤量減2.0kg; マイニング8位,,,,False
20260612-09-06,09,06,8,アスクウルトラモア,,,108.9,15,前走大敗16着; 斤量減3.0kg; 騎手勝率1%; マイニング14位,,,,False
20260612-09-06,09,06,9,シャイニーデイ,,,186.7,16,騎手勝率2%; マイニング16位,,,,False
20260612-09-06,09,06,10,レイワノキセキ,,,30.4,10,近走下降; 同場不振3走; 前走8着; 騎手勝率3%,,,,False
20260612-09-06,09,06,11,ビップヴォルフ,▲,3,8.1,5,マイニング4位; 上がり良好34.6; 持ち時計優秀; 相対時計優秀,0.048,0.39,標準,False
20260612-09-06,09,06,12,チュオンソン,,,40.6,11,近走下降; 前走9着; 調教師勝率11%; マイニング13位,,,,False
20260612-09-06,09,06,13,ショウナンアンバー,,,89.1,14,前走大敗12着; マイニング9位,,,,False
20260612-09-06,09,06,14,テイクザスローン,☆,5,23.2,7,直近で1着あり; 近走下降; 同場1勝; マイニング7位,,,,False
20260612-09-06,09,06,15,フレアオブセンス,◎,1,5.6,3,頭数補正上位13%; 直近3着内2回; 同種T複勝3回; 同距離複勝2回; 信頼度=標準(2位差26.0),0.281,1.57,標準,True
20260612-09-06,09,06,16,シェーネエルデ,,,28.9,8,前走9着; マイニング6位,,,,False
20260612-09-07,09,07,1,ブラックドレス,,,113.3,16,近走上昇; 同種T1勝; 同距離9走; 同場1勝,,,,False
20260612-09-07,09,07,2,グロリアス,▲,3,36.8,12,頭数補正上位18%; 直近で1着あり; 直近3着内2回; 近走上昇,0.159,5.86,標準,False
20260612-09-07,09,07,3,ルージュビバーチェ,,,12.0,5,近走上昇; 斤量減2.0kg; マイニング11位; 先行競合5頭,,,,False
20260612-09-07,09,07,4,クレマチス,,,14.1,6,休み明け197日; 前走8着; マイニング13位; 差し向き展開,,,,False
20260612-09-07,09,07,5,リアンドゥクール,,,5.1,3,斤量減2.0kg; マイニング6位; 先行競合5頭,,,,False
20260612-09-07,09,07,6,オラヴィンリンナ,☆,5,46.0,13,近走上昇; 同距離4走; 前走9着; 斤量減2.0kg,,,,False
20260612-09-07,09,07,7,コンテナライン,,,67.1,15,近走下降; 同距離3走; 前走8着; マイニング10位,,,,False
20260612-09-07,09,07,8,ケイツーリーブル,△,4,3.5,1,頭数補正上位16%; 同距離複勝1回; 同場距離帯複勝1回; 斤量減2.0kg,,,,False
20260612-09-07,09,07,9,クイーンズドリーム,,,31.7,10,近走下降; 同距離複勝1回; 前走大敗12着; 斤量減2.0kg,,,,False
20260612-09-07,09,07,10,エコロストーム,,,51.2,14,近走下降; 同距離複勝1回; 斤量減2.0kg; マイニング7位,,,,False
20260612-09-07,09,07,11,ミルボナー,◎,1,9.8,4,頭数補正上位12%; 直近で1着あり; 直近3着内3回; 同種T1勝; 信頼度=標準(2位差19.8),0.301,2.95,標準,True
20260612-09-07,09,07,12,ヴェントステラーレ,,,31.2,9,調教師勝率12%; マイニング16位; 差し向き展開,,,,False
20260612-09-07,09,07,13,ザラタン,,,17.9,7,同距離複勝1回; 重賞経験あり; 騎手勝率2%; マイニング12位,,,,False
20260612-09-07,09,07,14,セレーノ,,,26.7,8,頭数補正上位8%; 同距離複勝1回; 間隔長め77日; 騎手勝率2%,,,,False
20260612-09-07,09,07,15,ハッピーラブソング,,,32.2,11,休み明け147日; 騎手勝率12%; マイニング8位; 差し向き展開,,,,False
20260612-09-07,09,07,16,アロマフェリス,○,2,4.1,2,直近3着内2回; 同種T複勝3回; 同距離複勝3回; 同場距離帯複勝1回,0.16899999999999998,0.69,標準,False
20260612-09-08,09,08,1,ニシノサリーナ,,,5.0,2,近走上昇; 前走大敗12着; 斤量減2.0kg; マイニング7位,,,,False
20260612-09-08,09,08,2,ゴコウサス,,,104.0,18,近走下降; 格上挑戦+3; 休み明け257日; 前走大敗20着,,,,False
20260612-09-08,09,08,3,トモジャプレジール,,,19.5,7,近走上昇; 同距離複勝1回; 休み明け197日; マイニング5位,,,,False
20260612-09-08,09,08,4,オドラニャソンソン,,,79.7,17,近走上昇; 斤量増3.0kg; マイニング15位; 差し向き展開,,,,False
20260612-09-08,09,08,5,グレースジェンヌ,,,27.1,10,マイニング8位; 先行競合6頭; sprint risk,,,,False
20260612-09-08,09,08,6,ダンデノン,,,4.5,1,間隔長め98日; 前走大敗46着; 調教師勝率10%; マイニング3位,,,,False
20260612-09-08,09,08,7,サリュエ,○,2,6.3,4,近走上昇; 同距離複勝1回; マイニング2位; 差し向き展開,0.11699999999999999,0.73,混戦,False
20260612-09-08,09,08,8,シュネーグロッケン,,,27.0,9,近走上昇; 前走8着; 斤量減3.0kg; 騎手勝率2%,,,,False
20260612-09-08,09,08,9,シンヒダカゴールド,,,48.0,14,近走上昇; 同距離3走; 間隔長め77日; 前走大敗64着,,,,False
20260612-09-08,09,08,10,スウィートリワード,△,4,32.5,13,近走下降; 同距離4走; 格上挑戦+3; マイニング6位,,,,False
20260612-09-08,09,08,11,ムーンウォーリア,,,74.9,16,休み明け227日; マイニング17位; 差し向き展開; sprint risk,,,,False
20260612-09-08,09,08,12,リピ,,,27.2,11,近走上昇; 間隔長め77日; マイニング14位; 先行競合6頭,,,,False
20260612-09-08,09,08,13,ソルオーブ,,,23.8,8,休み明け127日; マイニング18位; 差し向き展開; sprint risk,,,,False
20260612-09-08,09,08,14,ワンコールアウェイ,◎,1,5.9,3,頭数補正上位7%; 同距離複勝1回; 騎手勝率14%; 調教師勝率13%; 信頼度=混戦(2位差0.6),0.153,0.9,混戦,False
20260612-09-08,09,08,15,セディバン,,,66.8,15,近走下降; 前走8着; マイニング10位; 差し向き展開,,,,False
20260612-09-08,09,08,16,サンセットゴールド,▲,3,12.3,6,近走上昇; 斤量減2.0kg; 騎手勝率14%; マイニング4位,0.085,1.05,混戦,False
20260612-09-08,09,08,17,アスクヴォルテージ,☆,5,11.7,5,近走上昇; 騎手勝率2%; マイニング9位; 差し向き展開,,,,False
20260612-09-08,09,08,18,ロンティケチャップ,,,29.7,12,近走下降; 同距離複勝2回; 間隔長め77日; 前走大敗80着,,,,False
20260612-09-09,09,09,1,ジュルナール,☆,5,10.0,5,直近で1着あり; 近走上昇; 同種T1勝; 同距離複勝1回,,,,False
20260612-09-09,09,09,2,ポッドデスペア,,,34.6,11,直近で1着あり; 直近勝利2回; 近走下降; 同距離複勝2回,,,,False
20260612-09-09,09,09,3,キングツェッペリン,▲,3,29.2,8,直近で1着あり; 直近3着内2回; 同種T1勝; 同距離複勝1回,0.034,0.98,接戦,False
20260612-09-09,09,09,4,リサシテーション,◎,1,5.5,3,頭数補正上位10%; 直近で1着あり; 近走上昇; 同種T1勝; 信頼度=接戦(2位差21.4),0.192,1.06,接戦,False
20260612-09-09,09,09,5,レイワサンサン,,,35.5,12,直近で1着あり; 近走下降; 同種T1勝; 同距離複勝1回,,,,False
20260612-09-09,09,09,6,コスモストーム,,,4.0,1,頭数補正上位3%; 直近で1着あり; 直近勝利2回; 同距離複勝1回,,,,False
20260612-09-09,09,09,7,ハリウッドブルース,,,20.0,7,近走上昇; 同距離複勝1回; マイニング16位; 差し向き展開,,,,False
20260612-09-09,09,09,8,カナタコナタ,○,2,4.6,2,頭数補正上位0%; 直近で1着あり; 同種T1勝; 同距離複勝1回,0.2,0.92,接戦,False
20260612-09-09,09,09,9,ハリウッドパーク,,,79.0,16,近走下降; 同場不振5走; 前走9着; マイニング13位,,,,False
20260612-09-09,09,09,10,マイティマイティー,△,4,7.6,4,近走上昇; 同種T複勝2回; 同距離複勝2回; 同場不振4走,,,,False
20260612-09-09,09,09,11,ホウオウゴールド,,,33.6,10,同距離3走; マイニング7位; 差し向き展開; 上がり良好35.1,,,,False
20260612-09-09,09,09,12,マーゴットレーヴ,,,52.5,15,近走上昇; 同距離9走; 前走9着; マイニング14位,,,,False
20260612-09-09,09,09,13,ロードオルデン,,,35.7,13,同距離7走; 同場不振3走; 同場距離帯不振3走; マイニング9位,,,,False
20260612-09-09,09,09,14,ラヴオントップ,,,30.4,9,近走下降; 同距離4走; 同場不振3走; 同場距離帯不振3走,,,,False
20260612-09-09,09,09,15,テラステラ,,,38.7,14,同距離複勝3回; マイニング12位; 差し向き展開; 上がり良好35.7,,,,False
20260612-09-09,09,09,16,ポッドドンナー,,,11.4,6,同距離6走; 休み明け105日; 前走大敗80着; マイニング8位,,,,False
20260612-09-10,09,10,1,ウインリベラシオン,○,2,15.5,5,近走上昇; 同距離7走; マイニング2位; 当日脚質傾向50%(12件),0.107,1.66,接戦,False
20260612-09-10,09,10,2,リュキア,,,54.6,9,前走10着; 斤量増3.0kg; 騎手勝率3%; マイニング9位,,,,False
20260612-09-10,09,10,3,ユメハハテシナク,,,13.0,4,近走下降; 前走8着; マイニング5位; 当日脚質傾向50%(12件),,,,False
20260612-09-10,09,10,4,ハイディージェン,,,34.9,7,近走上昇; 前走8着; 騎手勝率2%; マイニング6位,,,,False
20260612-09-10,09,10,5,ジョイエッロ,◎,1,1.3,1,頭数補正上位17%; 直近3着内2回; 近走上昇; 同距離複勝1回; 信頼度=接戦(2位差10.2),0.28,0.36,接戦,False
20260612-09-10,09,10,6,エバーグルーヴ,△,4,5.8,2,近走上昇; 同距離4走; 同場不振3走; 同場距離帯不振3走,,,,False
20260612-09-10,09,10,7,ラーテル,,,45.0,8,格上挑戦+2; マイニング8位; 当日脚質傾向8%(12件); 上がり良好34.6,,,,False
20260612-09-10,09,10,8,ヤマニンガラッシア,▲,3,10.3,3,頭数補正上位9%; 同距離複勝1回; 騎手勝率14%; マイニング7位,0.115,1.18,接戦,False
20260612-09-10,09,10,9,ツーエムクロノス,☆,5,19.9,6,前走8着; マイニング4位; 当日脚質傾向33%(12件); 上がり最速級34.3,,,,False
20260612-09-11,09,11,1,ムーヴ,,,18.6,6,近走上昇; 同距離6走; 同格以上実績不足; 同格以上接戦敗1回,,,,False
20260612-09-11,09,11,2,マルモリスペシャル,,,44.6,16,近走上昇; 同格以上実績不足; OP risk; 間隔長め85日,,,,False
20260612-09-11,09,11,3,プレゼンティーア,▲,3,8.2,4,頭数補正上位0%; 直近で1着あり; 直近勝利2回; 同種T2勝,0.113,0.93,混戦,False
20260612-09-11,09,11,4,フリームファクシ,,,18.9,7,近走上昇; 重賞経験あり; 格上挑戦+4; 同格以上実績不足,,,,False
20260612-09-11,09,11,5,ショウナンアビアス,○,2,16.2,5,頭数補正上位14%; 直近で1着あり; 直近3着内2回; 近走上昇,0.12,1.95,混戦,False
20260612-09-11,09,11,6,アンズアメ,◎,1,3.4,1,直近で1着あり; 直近3着内2回; 近走上昇; 同種T1勝; 信頼度=混戦(2位差3.6),0.299,1.02,混戦,False
20260612-09-11,09,11,7,スマートフォルス,☆,5,34.5,13,近走上昇; 同種T1勝; 同場1勝; 同場距離帯複勝1回,,,,False
20260612-09-11,09,11,8,クロジシジョー,,,19.4,8,多頭数健闘33%; 近走上昇; 同距離4走; 重賞経験あり,,,,False
20260612-09-11,09,11,9,ケイアイドリー,,,29.0,12,多頭数健闘27%; 近走上昇; 格上挑戦+4; OP risk,,,,False
20260612-09-11,09,11,10,リジル,,,23.9,9,近走下降; OP risk; 休み明け224日; 前走大敗90着,,,,False
20260612-09-11,09,11,11,アガシ,,,40.5,14,同距離6走; OP risk; 休み明け546日; 前走10着,,,,False
20260612-09-11,09,11,12,ロードフロンティア,,,24.1,10,直近で1着あり; 近走上昇; 格上挑戦+4; OP risk,,,,False
20260612-09-11,09,11,13,ペプチドヤマト,,,28.8,11,多頭数健闘18%; 近走上昇; 同距離複勝1回; 同格以上複勝あり,,,,False
20260612-09-11,09,11,14,サンライズアムール,,,7.5,3,直近で1着あり; 近走下降; 同距離3走; 格上挑戦+4,,,,False
20260612-09-11,09,11,15,コンクイスタ,△,4,4.1,2,近走上昇; 同距離複勝1回; 同格以上複勝あり; 同格条件複勝1回,,,,False
20260612-09-11,09,11,16,ジュンウィンダム,,,44.1,15,直近で1着あり; 近走上昇; 同種T1勝; 同距離複勝1回,,,,False
20260612-09-12,09,12,1,ガーデンカメリア,,,64.2,9,同距離複勝1回; 前走9着; 騎手勝率0%; マイニング8位,,,,False
20260612-09-12,09,12,2,ココロヅヨサ,▲,3,17.7,5,直近で1着あり; 近走上昇; 同種T1勝; 同距離複勝1回,0.11,1.94,混戦,False
20260612-09-12,09,12,3,チェリヴェント,◎,1,4.5,3,頭数補正上位11%; 直近3着内2回; 同種T複勝2回; 同距離複勝2回; 信頼度=混戦(2位差5.0),0.179,0.81,混戦,False
20260612-09-12,09,12,4,アーサーバローズ,,,38.6,8,近走上昇; 同距離4走; 同場不振4走; 同場距離帯不振3走,,,,False
20260612-09-12,09,12,5,グロリアスグレイス,,,67.3,10,直近で1着あり; 直近勝利2回; 近走下降; 同種T4勝,,,,False
20260612-09-12,09,12,6,フラワームーン,,,106.4,12,近走下降; 前走大敗13着; マイニング12位,,,,False
20260612-09-12,09,12,7,オーレアミスト,,,19.9,6,馬体減-10kg; マイニング7位,,,,False
20260612-09-12,09,12,8,バートラガッツ,,,4.1,2,マイニング5位; 当日脚質傾向47%(15件); 市場2人気,,,,False
20260612-09-12,09,12,9,ブレスドナイル,,,69.7,11,近走上昇; 同距離4走; 格上挑戦+2; 騎手勝率12%,,,,False
20260612-09-12,09,12,10,ガウラディスコ,☆,5,2.1,1,同距離3走; 重賞経験あり; 斤量減2.0kg; マイニング3位,,,,False
20260612-09-12,09,12,11,ウルフ,△,4,9.8,4,近走上昇; 斤量減2.0kg; マイニング2位; 当日脚質傾向47%(15件),,,,False
20260612-09-12,09,12,12,メイショウコナン,○,2,21.6,7,頭数補正上位16%; 直近3着内3回; 同種T複勝5回; 同距離複勝5回,0.10800000000000001,2.32,混戦,False
20260612-09-11,09,11,1,ダノンデサイル,▲,3,,,多頭数健闘33%; 近走上昇; 同場距離帯複勝1回; 重賞経験あり,0.006999999999999999,,接戦,False
20260612-09-11,09,11,2,ミュージアムマイル,☆,5,,,騎手勝率20%; 調教師勝率10%,,,,False
20260612-09-11,09,11,3,シュガークン,,,,,近走下降; 重賞経験あり; 格上挑戦+7; 前走大敗15着,,,,False
20260612-09-11,09,11,4,ミクニインスパイア,,,,,調教師勝率15%,,,,False
20260612-09-11,09,11,5,クロワデュノール,◎,1,,,頭数補正上位2%; 直近で1着あり; 直近勝利2回; 同種T1勝; 信頼度=接戦(2位差28.0),0.664,,接戦,False
20260612-09-11,09,11,6,ビザンチンドリーム,,,,,近走上昇; 休み明け406日; 前走大敗54着; 調教師勝率12%,,,,False
20260612-09-11,09,11,7,ファミリータイム,,,,,頭数補正上位2%; 直近3着内3回; 格上挑戦+5; 間隔長め84日,,,,False
20260612-09-11,09,11,8,タガノデュード,△,4,,,直近で1着あり; 近走下降; 同距離複勝1回; 重賞経験あり,,,,False
20260612-09-11,09,11,9,コスモキュランダ,,,,,近走上昇; 同距離複勝1回; 重賞経験あり; 上級条件で実績薄,,,,False
20260612-09-11,09,11,10,ジューンテイク,,,,,重賞経験あり; 休み明け252日; 持ち時計優秀; 相対時計不足,,,,False
20260612-09-11,09,11,11,シンエンペラー,,,,,近走上昇; 重賞経験あり; 同格以上実績不足; 騎手勝率16%,,,,False
20260612-09-11,09,11,12,マイネルエンペラー,,,,,頭数補正上位6%; 間隔長め84日; 騎手勝率15%; 持ち時計優秀,,,,False
20260612-09-11,09,11,13,シェイクユアハート,,,,,直近で1着あり; 直近勝利3回; 格上挑戦+7; 休み明け211日,,,,False
20260612-09-11,09,11,14,スティンガーグラス,,,,,近走上昇; 休み明け217日; 前走大敗74着; 騎手勝率16%,,,,False
20260612-09-11,09,11,15,マイユニバース,,,,,同距離複勝1回; 格上挑戦+5; 休み明け267日; 騎手勝率13%,,,,False
20260612-09-11,09,11,16,メイショウタバル,○,2,,,頭数補正上位6%; 同種T複勝2回; 同場距離帯複勝1回; 重賞経験あり,0.081,,接戦,False
20260612-09-11,09,11,17,レガレイラ,,,,,騎手勝率25%; 調教師勝率12%,,,,False
20260612-09-11,09,11,18,ミステリーウェイ,,,,,直近3着内2回; 近走下降; 重賞経験あり; 格上挑戦+7,,,,False
